ISO-10303-21;
HEADER;
FILE_DESCRIPTION (( 'STEP AP214' ),
    '1' );
FILE_NAME ('IO-C14PP-48.STEP',
    '2023-03-17T09:07:51',
    ( 'xe' ),
    ( '' ),
    'SwSTEP 2.0',
    'SolidWorks 2008',
    '' );
FILE_SCHEMA (( 'AUTOMOTIVE_DESIGN' ));
ENDSEC;

DATA;
#1 = DIRECTION ( 'NONE',  ( -0.4472135954999564800, -3.122877655099998800E-015, -0.8944271909999165200 ) ) ;
#2 = VECTOR ( 'NONE', #1, 1000.000000000000100 ) ;
#3 = CARTESIAN_POINT ( 'NONE',  ( -0.4888972745734078100, -1.301042606982605300E-015, -2.077794549146829700 ) ) ;
#4 = DIRECTION ( 'NONE',  ( -1.000000000000000000, 1.040834085586083300E-014, 0.0000000000000000000 ) ) ;
#5 = DIRECTION ( 'NONE',  ( 1.040834085586079800E-014, 1.000000000000000000, -1.520690846935381800E-031 ) ) ;
#6 = CARTESIAN_POINT ( 'NONE',  ( 15.00000000000000700, 10.99999999999999300, -0.5000000000000038900 ) ) ;
#7 = SURFACE_STYLE_FILL_AREA ( #8 ) ;
#8 = FILL_AREA_STYLE ('',( #12482 ) ) ;
#9 = COLOUR_RGB ( '',0.2509803921568627400, 0.2509803921568627400, 0.2509803921568627400 ) ;
#10 = FACE_OUTER_BOUND ( 'NONE', #2839, .T. ) ;
#11 = DIRECTION ( 'NONE',  ( 0.4472135954999564800, 3.178981615659142900E-015, -0.8944271909999165200 ) ) ;
#12 = VECTOR ( 'NONE', #11, 1000.000000000000100 ) ;
#13 = FACE_OUTER_BOUND ( 'NONE', #2843, .T. ) ;
#14 =( LENGTH_UNIT ( ) NAMED_UNIT ( * ) SI_UNIT ( .MILLI., .METRE. ) );
#15 = MECHANICAL_DESIGN_GEOMETRIC_PRESENTATION_REPRESENTATION (  '', ( #17 ), #46 ) ;
#16 = PRESENTATION_LAYER_ASSIGNMENT (  '', '', ( #17 ) ) ;
#17 = STYLED_ITEM ( 'NONE', ( #18 ), #2857 ) ;
#18 = PRESENTATION_STYLE_ASSIGNMENT (( #19 ) ) ;
#19 = SURFACE_STYLE_USAGE ( .BOTH. , #20 ) ;
#20 = SURFACE_SIDE_STYLE ('',( #7 ) ) ;
#21 =( NAMED_UNIT ( * ) PLANE_ANGLE_UNIT ( ) SI_UNIT ( $, .RADIAN. ) );
#22 =( LENGTH_UNIT ( ) NAMED_UNIT ( * ) SI_UNIT ( .MILLI., .METRE. ) );
#23 = DIRECTION ( 'NONE',  ( -1.919836738009939400E-016, 1.000000000000000000, -1.388406965217473800E-031 ) ) ;
#24 = AXIS2_PLACEMENT_3D ( 'NONE', #12478, #23, #33 ) ;
#25 = DIRECTION ( 'NONE',  ( -6.982966722218765700E-015, 1.000000000000000000, -1.380432552314949100E-031 ) ) ;
#26 = VECTOR ( 'NONE', #25, 1000.000000000000000 ) ;
#27 = CARTESIAN_POINT ( 'NONE',  ( -0.9000000000000201200, 3.149999999999992400, -2.900000000000006600 ) ) ;
#28 = SURFACE_STYLE_FILL_AREA ( #12473 ) ;
#29 = PRESENTATION_LAYER_ASSIGNMENT (  '', '', ( #30 ) ) ;
#30 = STYLED_ITEM ( 'NONE', ( #12472 ), #2842 ) ;
#31 =( NAMED_UNIT ( * ) SI_UNIT ( $, .STERADIAN. ) SOLID_ANGLE_UNIT ( ) );
#32 =( NAMED_UNIT ( * ) PLANE_ANGLE_UNIT ( ) SI_UNIT ( $, .RADIAN. ) );
#33 = DIRECTION ( 'NONE',  ( -1.000000000000000000, 0.0000000000000000000, 0.0000000000000000000 ) ) ;
#34 = MECHANICAL_DESIGN_GEOMETRIC_PRESENTATION_REPRESENTATION (  '', ( #30 ), #12477 ) ;
#35 = COLOUR_RGB ( '',0.2509803921568627400, 0.2509803921568627400, 0.2509803921568627400 ) ;
#36 = UNCERTAINTY_MEASURE_WITH_UNIT (LENGTH_MEASURE( 1.000000000000000100E-005 ), #22, 'distance_accuracy_value', 'NONE');
#37 = LINE ( 'NONE', #27, #26 ) ;
#38 = CARTESIAN_POINT ( 'NONE',  ( -0.9000000000000261100, 3.999999999999992500, -2.900000000000006600 ) ) ;
#39 = DIRECTION ( 'NONE',  ( 0.4472135954999564800, 3.066773694540854600E-015, 0.8944271909999165200 ) ) ;
#40 = VECTOR ( 'NONE', #39, 1000.000000000000100 ) ;
#41 = CARTESIAN_POINT ( 'NONE',  ( -0.4888972745734357900, 3.999999999999994700, -2.077794549146829700 ) ) ;
#42 = LINE ( 'NONE', #41, #40 ) ;
#43 = CYLINDRICAL_SURFACE ( 'NONE', #24, 0.5000000000000004400 ) ;
#44 = AXIS2_PLACEMENT_3D ( 'NONE', #6, #5, #4 ) ;
#45 = CIRCLE ( 'NONE', #44, 0.5000000000000004400 ) ;
#46 =( GEOMETRIC_REPRESENTATION_CONTEXT ( 3 ) GLOBAL_UNCERTAINTY_ASSIGNED_CONTEXT ( ( #12421 ) ) GLOBAL_UNIT_ASSIGNED_CONTEXT ( ( #14, #32, #31 ) ) REPRESENTATION_CONTEXT ( 'NONE', 'WORKASPACE' ) );
#47 = AXIS2_PLACEMENT_3D ( 'NONE', #50, #49, #48 ) ;
#48 = DIRECTION ( 'NONE',  ( 1.000000000000000000, -3.657365065276026000E-063, 2.465190328815662400E-032 ) ) ;
#49 = DIRECTION ( 'NONE',  ( -2.465190328815662400E-032, -1.483603526480291300E-031, 1.000000000000000000 ) ) ;
#50 = CARTESIAN_POINT ( 'NONE',  ( 10.14999999999999900, -6.149999999999995900, -0.5000000000000004400 ) ) ;
#51 = TOROIDAL_SURFACE ( 'NONE', #47, 2.500000000000000400, 0.5000000000000000000 ) ;
#52 =( NAMED_UNIT ( * ) PLANE_ANGLE_UNIT ( ) SI_UNIT ( $, .RADIAN. ) );
#53 =( LENGTH_UNIT ( ) NAMED_UNIT ( * ) SI_UNIT ( .MILLI., .METRE. ) );
#54 = MECHANICAL_DESIGN_GEOMETRIC_PRESENTATION_REPRESENTATION (  '', ( #123 ), #57 ) ;
#55 =( GEOMETRIC_REPRESENTATION_CONTEXT ( 3 ) GLOBAL_UNCERTAINTY_ASSIGNED_CONTEXT ( ( #108 ) ) GLOBAL_UNIT_ASSIGNED_CONTEXT ( ( #87, #86, #109 ) ) REPRESENTATION_CONTEXT ( 'NONE', 'WORKASPACE' ) );
#56 = PLANE ( 'NONE',  #105 ) ;
#57 =( GEOMETRIC_REPRESENTATION_CONTEXT ( 3 ) GLOBAL_UNCERTAINTY_ASSIGNED_CONTEXT ( ( #101 ) ) GLOBAL_UNIT_ASSIGNED_CONTEXT ( ( #53, #129, #128 ) ) REPRESENTATION_CONTEXT ( 'NONE', 'WORKASPACE' ) );
#58 =( NAMED_UNIT ( * ) SI_UNIT ( $, .STERADIAN. ) SOLID_ANGLE_UNIT ( ) );
#59 =( NAMED_UNIT ( * ) PLANE_ANGLE_UNIT ( ) SI_UNIT ( $, .RADIAN. ) );
#60 =( LENGTH_UNIT ( ) NAMED_UNIT ( * ) SI_UNIT ( .MILLI., .METRE. ) );
#61 = FILL_AREA_STYLE ('',( #121 ) ) ;
#62 = COLOUR_RGB ( '',0.7529411764705882200, 0.7529411764705882200, 0.7529411764705882200 ) ;
#63 = FACE_OUTER_BOUND ( 'NONE', #2958, .T. ) ;
#64 = DIRECTION ( 'NONE',  ( -2.465190328815583900E-032, -1.133913519433386600E-031, 1.000000000000000000 ) ) ;
#65 = VECTOR ( 'NONE', #64, 1000.000000000000000 ) ;
#66 = UNCERTAINTY_MEASURE_WITH_UNIT (LENGTH_MEASURE( 1.000000000000000100E-005 ), #60, 'distance_accuracy_value', 'NONE');
#67 = FILL_AREA_STYLE_COLOUR ( '', #118 ) ;
#68 = DIRECTION ( 'NONE',  ( -2.465190328815566100E-032, -1.380432552314951000E-031, 1.000000000000000000 ) ) ;
#69 = DIRECTION ( 'NONE',  ( 6.982966722218765700E-015, -1.000000000000000000, -1.380432552314949300E-031 ) ) ;
#70 = CARTESIAN_POINT ( 'NONE',  ( 1.100000000000010500, 6.071532165918824800E-015, -2.872243186433531800 ) ) ;
#71 = AXIS2_PLACEMENT_3D ( 'NONE', #70, #69, #68 ) ;
#72 = PLANE ( 'NONE',  #71 ) ;
#73 = FACE_OUTER_BOUND ( 'NONE', #3081, .T. ) ;
#74 = FACE_BOUND ( 'NONE', #2886, .T. ) ;
#75 = MECHANICAL_DESIGN_GEOMETRIC_PRESENTATION_REPRESENTATION (  '', ( #77 ), #55 ) ;
#76 = PRESENTATION_LAYER_ASSIGNMENT (  '', '', ( #77 ) ) ;
#77 = STYLED_ITEM ( 'NONE', ( #78 ), #2877 ) ;
#78 = PRESENTATION_STYLE_ASSIGNMENT (( #79 ) ) ;
#79 = SURFACE_STYLE_USAGE ( .BOTH. , #80 ) ;
#80 = SURFACE_SIDE_STYLE ('',( #81 ) ) ;
#81 = SURFACE_STYLE_FILL_AREA ( #82 ) ;
#82 = FILL_AREA_STYLE ('',( #107 ) ) ;
#83 = COLOUR_RGB ( '',0.7529411764705882200, 0.7529411764705882200, 0.7529411764705882200 ) ;
#84 = CARTESIAN_POINT ( 'NONE',  ( 10.15000000000000600, -8.649999999999998600, -0.5000000000000004400 ) ) ;
#85 = DIRECTION ( 'NONE',  ( 1.000000000000000000, -9.860761315262647600E-032, -2.465190328815661900E-032 ) ) ;
#86 =( NAMED_UNIT ( * ) PLANE_ANGLE_UNIT ( ) SI_UNIT ( $, .RADIAN. ) );
#87 =( LENGTH_UNIT ( ) NAMED_UNIT ( * ) SI_UNIT ( .MILLI., .METRE. ) );
#88 = CIRCLE ( 'NONE', #131, 0.5000000000000000000 ) ;
#89 = UNCERTAINTY_MEASURE_WITH_UNIT (LENGTH_MEASURE( 1.000000000000000100E-005 ), #141, 'distance_accuracy_value', 'NONE');
#90 = DIRECTION ( 'NONE',  ( -4.441713044927732800E-015, 0.6360782202777596200, -0.7716245833877235500 ) ) ;
#91 = VECTOR ( 'NONE', #90, 1000.000000000000000 ) ;
#92 = CARTESIAN_POINT ( 'NONE',  ( 1.099999999999984500, 2.768658261439924700, -25.29099999999999000 ) ) ;
#93 = LINE ( 'NONE', #92, #91 ) ;
#94 =( NAMED_UNIT ( * ) SI_UNIT ( $, .STERADIAN. ) SOLID_ANGLE_UNIT ( ) );
#95 = DIRECTION ( 'NONE',  ( -2.465190328815566100E-032, -1.380432552314951000E-031, 1.000000000000000000 ) ) ;
#96 = DIRECTION ( 'NONE',  ( 1.000000000000000000, 6.982966722218762600E-015, 2.465190328815662400E-032 ) ) ;
#97 = CARTESIAN_POINT ( 'NONE',  ( 1.099999999999989700, 2.000000000000008000, 0.5918584287041978000 ) ) ;
#98 = AXIS2_PLACEMENT_3D ( 'NONE', #97, #96, #95 ) ;
#99 = PLANE ( 'NONE',  #98 ) ;
#100 =( GEOMETRIC_REPRESENTATION_CONTEXT ( 3 ) GLOBAL_UNCERTAINTY_ASSIGNED_CONTEXT ( ( #66 ) ) GLOBAL_UNIT_ASSIGNED_CONTEXT ( ( #60, #59, #58 ) ) REPRESENTATION_CONTEXT ( 'NONE', 'WORKASPACE' ) );
#101 = UNCERTAINTY_MEASURE_WITH_UNIT (LENGTH_MEASURE( 1.000000000000000100E-005 ), #53, 'distance_accuracy_value', 'NONE');
#102 = DIRECTION ( 'NONE',  ( -4.380145119819112700E-031, 6.272613480860708900E-017, -1.000000000000000000 ) ) ;
#103 = DIRECTION ( 'NONE',  ( -6.982966722218765700E-015, 1.000000000000000000, 6.272613480860708900E-017 ) ) ;
#104 = CARTESIAN_POINT ( 'NONE',  ( 1.099999999999975900, 4.000000000000006200, -2.872243186433531800 ) ) ;
#105 = AXIS2_PLACEMENT_3D ( 'NONE', #104, #103, #102 ) ;
#106 = FACE_OUTER_BOUND ( 'NONE', #2878, .T. ) ;
#107 = FILL_AREA_STYLE_COLOUR ( '', #83 ) ;
#108 = UNCERTAINTY_MEASURE_WITH_UNIT (LENGTH_MEASURE( 1.000000000000000100E-005 ), #87, 'distance_accuracy_value', 'NONE');
#109 =( NAMED_UNIT ( * ) SI_UNIT ( $, .STERADIAN. ) SOLID_ANGLE_UNIT ( ) );
#110 = MECHANICAL_DESIGN_GEOMETRIC_PRESENTATION_REPRESENTATION (  '', ( #112 ), #100 ) ;
#111 = PRESENTATION_LAYER_ASSIGNMENT (  '', '', ( #112 ) ) ;
#112 = STYLED_ITEM ( 'NONE', ( #113 ), #2885 ) ;
#113 = PRESENTATION_STYLE_ASSIGNMENT (( #114 ) ) ;
#114 = SURFACE_STYLE_USAGE ( .BOTH. , #115 ) ;
#115 = SURFACE_SIDE_STYLE ('',( #116 ) ) ;
#116 = SURFACE_STYLE_FILL_AREA ( #117 ) ;
#117 = FILL_AREA_STYLE ('',( #67 ) ) ;
#118 = COLOUR_RGB ( '',0.7529411764705882200, 0.7529411764705882200, 0.7529411764705882200 ) ;
#119 = CARTESIAN_POINT ( 'NONE',  ( -0.8999999999999911400, -4.336808689942017700E-015, -2.872243186433531800 ) ) ;
#120 = LINE ( 'NONE', #119, #65 ) ;
#121 = FILL_AREA_STYLE_COLOUR ( '', #62 ) ;
#122 = PRESENTATION_LAYER_ASSIGNMENT (  '', '', ( #123 ) ) ;
#123 = STYLED_ITEM ( 'NONE', ( #124 ), #2873 ) ;
#124 = PRESENTATION_STYLE_ASSIGNMENT (( #125 ) ) ;
#125 = SURFACE_STYLE_USAGE ( .BOTH. , #126 ) ;
#126 = SURFACE_SIDE_STYLE ('',( #127 ) ) ;
#127 = SURFACE_STYLE_FILL_AREA ( #61 ) ;
#128 =( NAMED_UNIT ( * ) SI_UNIT ( $, .STERADIAN. ) SOLID_ANGLE_UNIT ( ) );
#129 =( NAMED_UNIT ( * ) PLANE_ANGLE_UNIT ( ) SI_UNIT ( $, .RADIAN. ) );
#130 = VECTOR ( 'NONE', #132, 1000.000000000000000 ) ;
#131 = AXIS2_PLACEMENT_3D ( 'NONE', #84, #85, #136 ) ;
#132 = DIRECTION ( 'NONE',  ( -1.000000000000000000, -6.982966722218762600E-015, 2.465190328815661900E-032 ) ) ;
#133 = CARTESIAN_POINT ( 'NONE',  ( 1.100000000000010500, 6.071532165918824800E-015, -2.872243186433531800 ) ) ;
#134 = LINE ( 'NONE', #133, #130 ) ;
#135 = CARTESIAN_POINT ( 'NONE',  ( 1.086121593216769600, 6.071532165918824800E-015, -2.872243186433531800 ) ) ;
#136 = DIRECTION ( 'NONE',  ( 0.0000000000000000000, 0.0000000000000000000, -1.000000000000000000 ) ) ;
#137 = DIRECTION ( 'NONE',  ( 0.3973597071195144600, -0.4588314677411232100, 0.7947194142390257000 ) ) ;
#138 = VECTOR ( 'NONE', #137, 1000.000000000000100 ) ;
#139 = CARTESIAN_POINT ( 'NONE',  ( 0.04736842105261573200, 2.922098577951464500, -1.005263157894738200 ) ) ;
#140 = LINE ( 'NONE', #139, #138 ) ;
#141 =( LENGTH_UNIT ( ) NAMED_UNIT ( * ) SI_UNIT ( .MILLI., .METRE. ) );
#142 = MECHANICAL_DESIGN_GEOMETRIC_PRESENTATION_REPRESENTATION (  '', ( #144 ), #176 ) ;
#143 = PRESENTATION_LAYER_ASSIGNMENT (  '', '', ( #144 ) ) ;
#144 = STYLED_ITEM ( 'NONE', ( #145 ), #2900 ) ;
#145 = PRESENTATION_STYLE_ASSIGNMENT (( #146 ) ) ;
#146 = SURFACE_STYLE_USAGE ( .BOTH. , #157 ) ;
#147 = DIRECTION ( 'NONE',  ( -0.7071067811865484600, -0.7071067811865468000, 0.0000000000000000000 ) ) ;
#148 = DIRECTION ( 'NONE',  ( -0.7071067811865472400, 0.7071067811865477900, 6.133173666733496900E-015 ) ) ;
#149 = CARTESIAN_POINT ( 'NONE',  ( 12.21066017177982500, 3.946446609406725900, -0.5000000000000004400 ) ) ;
#150 = AXIS2_PLACEMENT_3D ( 'NONE', #149, #148, #147 ) ;
#151 = CIRCLE ( 'NONE', #150, 0.5000000000000000000 ) ;
#152 = CARTESIAN_POINT ( 'NONE',  ( 1.099999999999984500, 2.768658261439924700, -25.29099999999999000 ) ) ;
#153 = DIRECTION ( 'NONE',  ( -1.000000000000000000, -6.982966722218762600E-015, 2.465190328815661900E-032 ) ) ;
#154 = VECTOR ( 'NONE', #153, 1000.000000000000000 ) ;
#155 = CARTESIAN_POINT ( 'NONE',  ( 1.100000000000004800, 0.8500000000000060800, -1.399999999999998600 ) ) ;
#156 = LINE ( 'NONE', #155, #154 ) ;
#157 = SURFACE_SIDE_STYLE ('',( #158 ) ) ;
#158 = SURFACE_STYLE_FILL_AREA ( #159 ) ;
#159 = FILL_AREA_STYLE ('',( #162 ) ) ;
#160 = COLOUR_RGB ( '',0.7529411764705882200, 0.7529411764705882200, 0.7529411764705882200 ) ;
#161 = FACE_OUTER_BOUND ( 'NONE', #2901, .T. ) ;
#162 = FILL_AREA_STYLE_COLOUR ( '', #160 ) ;
#163 = PRESENTATION_LAYER_ASSIGNMENT (  '', '', ( #164 ) ) ;
#164 = STYLED_ITEM ( 'NONE', ( #170 ), #2780 ) ;
#165 =( NAMED_UNIT ( * ) PLANE_ANGLE_UNIT ( ) SI_UNIT ( $, .RADIAN. ) );
#166 =( LENGTH_UNIT ( ) NAMED_UNIT ( * ) SI_UNIT ( .MILLI., .METRE. ) );
#167 = MECHANICAL_DESIGN_GEOMETRIC_PRESENTATION_REPRESENTATION (  '', ( #164 ), #12281 ) ;
#168 = UNCERTAINTY_MEASURE_WITH_UNIT (LENGTH_MEASURE( 1.000000000000000100E-005 ), #166, 'distance_accuracy_value', 'NONE');
#169 =( NAMED_UNIT ( * ) SI_UNIT ( $, .STERADIAN. ) SOLID_ANGLE_UNIT ( ) );
#170 = PRESENTATION_STYLE_ASSIGNMENT (( #10612 ) ) ;
#171 = DIRECTION ( 'NONE',  ( -1.000000000000000000, -6.982966722218762600E-015, 2.465190328815661900E-032 ) ) ;
#172 = DIRECTION ( 'NONE',  ( 2.465190328815758200E-032, -1.380432552314947500E-031, 1.000000000000000000 ) ) ;
#173 = CARTESIAN_POINT ( 'NONE',  ( 1.100000000000004800, 0.8500000000000060800, -1.399999999999998600 ) ) ;
#174 = AXIS2_PLACEMENT_3D ( 'NONE', #173, #172, #171 ) ;
#175 = PLANE ( 'NONE',  #174 ) ;
#176 =( GEOMETRIC_REPRESENTATION_CONTEXT ( 3 ) GLOBAL_UNCERTAINTY_ASSIGNED_CONTEXT ( ( #89 ) ) GLOBAL_UNIT_ASSIGNED_CONTEXT ( ( #141, #52, #94 ) ) REPRESENTATION_CONTEXT ( 'NONE', 'WORKASPACE' ) );
#177 = FILL_AREA_STYLE ('',( #181 ) ) ;
#178 = SURFACE_STYLE_FILL_AREA ( #177 ) ;
#179 =( LENGTH_UNIT ( ) NAMED_UNIT ( * ) SI_UNIT ( .MILLI., .METRE. ) );
#180 = MECHANICAL_DESIGN_GEOMETRIC_PRESENTATION_REPRESENTATION (  '', ( #183 ), #210 ) ;
#181 = FILL_AREA_STYLE_COLOUR ( '', #188 ) ;
#182 = PRESENTATION_LAYER_ASSIGNMENT (  '', '', ( #183 ) ) ;
#183 = STYLED_ITEM ( 'NONE', ( #184 ), #2903 ) ;
#184 = PRESENTATION_STYLE_ASSIGNMENT (( #186 ) ) ;
#185 = FACE_OUTER_BOUND ( 'NONE', #2904, .T. ) ;
#186 = SURFACE_STYLE_USAGE ( .BOTH. , #187 ) ;
#187 = SURFACE_SIDE_STYLE ('',( #178 ) ) ;
#188 = COLOUR_RGB ( '',0.2509803921568627400, 0.2509803921568627400, 0.2509803921568627400 ) ;
#189 = DIRECTION ( 'NONE',  ( -6.982966722218765700E-015, 1.000000000000000000, -1.380432552314949100E-031 ) ) ;
#190 = VECTOR ( 'NONE', #189, 1000.000000000000000 ) ;
#191 = CARTESIAN_POINT ( 'NONE',  ( 1.100000000000013900, -0.4999999999999943900, -20.69999999999998900 ) ) ;
#192 = LINE ( 'NONE', #191, #190 ) ;
#193 = CARTESIAN_POINT ( 'NONE',  ( 1.100000000000013900, -0.4999999999999943900, -20.69999999999998900 ) ) ;
#194 = DIRECTION ( 'NONE',  ( -2.465190328815566100E-032, -1.380432552314950800E-031, 1.000000000000000000 ) ) ;
#195 = VECTOR ( 'NONE', #194, 1000.000000000000000 ) ;
#196 = CARTESIAN_POINT ( 'NONE',  ( 1.100000000000013900, -0.4999999999999943900, -16.69999999999999200 ) ) ;
#197 = LINE ( 'NONE', #196, #195 ) ;
#198 = DIRECTION ( 'NONE',  ( 0.0000000000000000000, 0.0000000000000000000, 1.000000000000000000 ) ) ;
#199 = DIRECTION ( 'NONE',  ( -9.860761315262649800E-032, 1.000000000000000000, -1.483603526480291300E-031 ) ) ;
#200 = CARTESIAN_POINT ( 'NONE',  ( 12.65000000000000200, -6.149999999999999500, -0.5000000000000004400 ) ) ;
#201 = AXIS2_PLACEMENT_3D ( 'NONE', #200, #199, #198 ) ;
#202 = CIRCLE ( 'NONE', #201, 0.4999999999999998900 ) ;
#203 = DIRECTION ( 'NONE',  ( 0.0000000000000000000, 0.0000000000000000000, 1.000000000000000000 ) ) ;
#204 = DIRECTION ( 'NONE',  ( -1.000000000000000000, 9.860761315262647600E-032, 2.465190328815661900E-032 ) ) ;
#205 = AXIS2_PLACEMENT_3D ( 'NONE', #211, #204, #203 ) ;
#206 = CYLINDRICAL_SURFACE ( 'NONE', #205, 0.4999999999999998900 ) ;
#207 = UNCERTAINTY_MEASURE_WITH_UNIT (LENGTH_MEASURE( 1.000000000000000100E-005 ), #179, 'distance_accuracy_value', 'NONE');
#208 =( NAMED_UNIT ( * ) SI_UNIT ( $, .STERADIAN. ) SOLID_ANGLE_UNIT ( ) );
#209 =( NAMED_UNIT ( * ) PLANE_ANGLE_UNIT ( ) SI_UNIT ( $, .RADIAN. ) );
#210 =( GEOMETRIC_REPRESENTATION_CONTEXT ( 3 ) GLOBAL_UNCERTAINTY_ASSIGNED_CONTEXT ( ( #207 ) ) GLOBAL_UNIT_ASSIGNED_CONTEXT ( ( #179, #209, #208 ) ) REPRESENTATION_CONTEXT ( 'NONE', 'WORKASPACE' ) );
#211 = CARTESIAN_POINT ( 'NONE',  ( -14.49999999999999300, 11.49999999999999300, -0.5000000000000004400 ) ) ;
#212 =( GEOMETRIC_REPRESENTATION_CONTEXT ( 3 ) GLOBAL_UNCERTAINTY_ASSIGNED_CONTEXT ( ( #213 ) ) GLOBAL_UNIT_ASSIGNED_CONTEXT ( ( #216, #215, #214 ) ) REPRESENTATION_CONTEXT ( 'NONE', 'WORKASPACE' ) );
#213 = UNCERTAINTY_MEASURE_WITH_UNIT (LENGTH_MEASURE( 1.000000000000000100E-005 ), #216, 'distance_accuracy_value', 'NONE');
#214 =( NAMED_UNIT ( * ) SI_UNIT ( $, .STERADIAN. ) SOLID_ANGLE_UNIT ( ) );
#215 =( NAMED_UNIT ( * ) PLANE_ANGLE_UNIT ( ) SI_UNIT ( $, .RADIAN. ) );
#216 =( LENGTH_UNIT ( ) NAMED_UNIT ( * ) SI_UNIT ( .MILLI., .METRE. ) );
#217 = MECHANICAL_DESIGN_GEOMETRIC_PRESENTATION_REPRESENTATION (  '', ( #219 ), #212 ) ;
#218 = PRESENTATION_LAYER_ASSIGNMENT (  '', '', ( #219 ) ) ;
#219 = STYLED_ITEM ( 'NONE', ( #220 ), #2907 ) ;
#220 = PRESENTATION_STYLE_ASSIGNMENT (( #221 ) ) ;
#221 = SURFACE_STYLE_USAGE ( .BOTH. , #222 ) ;
#222 = SURFACE_SIDE_STYLE ('',( #223 ) ) ;
#223 = SURFACE_STYLE_FILL_AREA ( #224 ) ;
#224 = FILL_AREA_STYLE ('',( #231 ) ) ;
#225 = COLOUR_RGB ( '',0.2509803921568627400, 0.2509803921568627400, 0.2509803921568627400 ) ;
#226 = DIRECTION ( 'NONE',  ( 1.000000000000000000, -3.657365065276025500E-063, 2.465190328815662400E-032 ) ) ;
#227 = DIRECTION ( 'NONE',  ( -2.465190328815662400E-032, -1.483603526480291300E-031, 1.000000000000000000 ) ) ;
#228 = CARTESIAN_POINT ( 'NONE',  ( 6.885786437626953700, 7.149999999999996800, -0.4999999999999970000 ) ) ;
#229 = AXIS2_PLACEMENT_3D ( 'NONE', #228, #227, #226 ) ;
#230 = FACE_OUTER_BOUND ( 'NONE', #2841, .T. ) ;
#231 = FILL_AREA_STYLE_COLOUR ( '', #225 ) ;
#232 = TOROIDAL_SURFACE ( 'NONE', #229, 1.499999999999999800, 0.5000000000000000000 ) ;
#233 = UNCERTAINTY_MEASURE_WITH_UNIT (LENGTH_MEASURE( 1.000000000000000100E-005 ), #1397, 'distance_accuracy_value', 'NONE');
#234 = LINE ( 'NONE', #406, #405 ) ;
#235 = PLANE ( 'NONE',  #411 ) ;
#236 =( GEOMETRIC_REPRESENTATION_CONTEXT ( 3 ) GLOBAL_UNCERTAINTY_ASSIGNED_CONTEXT ( ( #237 ) ) GLOBAL_UNIT_ASSIGNED_CONTEXT ( ( #240, #239, #238 ) ) REPRESENTATION_CONTEXT ( 'NONE', 'WORKASPACE' ) );
#237 = UNCERTAINTY_MEASURE_WITH_UNIT (LENGTH_MEASURE( 1.000000000000000100E-005 ), #240, 'distance_accuracy_value', 'NONE');
#238 =( NAMED_UNIT ( * ) SI_UNIT ( $, .STERADIAN. ) SOLID_ANGLE_UNIT ( ) );
#239 =( NAMED_UNIT ( * ) PLANE_ANGLE_UNIT ( ) SI_UNIT ( $, .RADIAN. ) );
#240 =( LENGTH_UNIT ( ) NAMED_UNIT ( * ) SI_UNIT ( .MILLI., .METRE. ) );
#241 = MECHANICAL_DESIGN_GEOMETRIC_PRESENTATION_REPRESENTATION (  '', ( #283 ), #236 ) ;
#242 = FILL_AREA_STYLE ('',( #243 ) ) ;
#243 = FILL_AREA_STYLE_COLOUR ( '', #320 ) ;
#244 = PLANE ( 'NONE',  #325 ) ;
#245 =( GEOMETRIC_REPRESENTATION_CONTEXT ( 3 ) GLOBAL_UNCERTAINTY_ASSIGNED_CONTEXT ( ( #429 ) ) GLOBAL_UNIT_ASSIGNED_CONTEXT ( ( #432, #431, #430 ) ) REPRESENTATION_CONTEXT ( 'NONE', 'WORKASPACE' ) );
#246 = UNCERTAINTY_MEASURE_WITH_UNIT (LENGTH_MEASURE( 1.000000000000000100E-005 ), #249, 'distance_accuracy_value', 'NONE');
#247 =( NAMED_UNIT ( * ) SI_UNIT ( $, .STERADIAN. ) SOLID_ANGLE_UNIT ( ) );
#248 =( NAMED_UNIT ( * ) PLANE_ANGLE_UNIT ( ) SI_UNIT ( $, .RADIAN. ) );
#249 =( LENGTH_UNIT ( ) NAMED_UNIT ( * ) SI_UNIT ( .MILLI., .METRE. ) );
#250 = MECHANICAL_DESIGN_GEOMETRIC_PRESENTATION_REPRESENTATION (  '', ( #252 ), #344 ) ;
#251 = PRESENTATION_LAYER_ASSIGNMENT (  '', '', ( #252 ) ) ;
#252 = STYLED_ITEM ( 'NONE', ( #253 ), #2985 ) ;
#253 = PRESENTATION_STYLE_ASSIGNMENT (( #254 ) ) ;
#254 = SURFACE_STYLE_USAGE ( .BOTH. , #255 ) ;
#255 = SURFACE_SIDE_STYLE ('',( #256 ) ) ;
#256 = SURFACE_STYLE_FILL_AREA ( #257 ) ;
#257 = FILL_AREA_STYLE ('',( #263 ) ) ;
#258 = COLOUR_RGB ( '',0.7529411764705882200, 0.7529411764705882200, 0.7529411764705882200 ) ;
#259 = FACE_OUTER_BOUND ( 'NONE', #2986, .T. ) ;
#260 = DIRECTION ( 'NONE',  ( 6.982966722218765700E-015, -1.000000000000000000, 1.380432552314949100E-031 ) ) ;
#261 = VECTOR ( 'NONE', #260, 1000.000000000000000 ) ;
#262 = CARTESIAN_POINT ( 'NONE',  ( 0.2999999999999806200, 2.999999999999996400, -26.49999999999998900 ) ) ;
#263 = FILL_AREA_STYLE_COLOUR ( '', #258 ) ;
#264 = LINE ( 'NONE', #262, #261 ) ;
#265 = DIRECTION ( 'NONE',  ( -0.3973597071195144000, 0.4588314677411236600, 0.7947194142390255900 ) ) ;
#266 = VECTOR ( 'NONE', #265, 1000.000000000000100 ) ;
#267 = CARTESIAN_POINT ( 'NONE',  ( 1.088312920603601100, -0.002530326913327725400, -2.876625841207188100 ) ) ;
#268 = LINE ( 'NONE', #267, #266 ) ;
#269 = DIRECTION ( 'NONE',  ( 1.000000000000000000, 6.982966722218762600E-015, -2.465190328815661900E-032 ) ) ;
#270 = VECTOR ( 'NONE', #269, 1000.000000000000000 ) ;
#271 = CARTESIAN_POINT ( 'NONE',  ( 0.3000000000000042600, 0.6000000000000005300, -20.69999999999998900 ) ) ;
#272 = LINE ( 'NONE', #271, #270 ) ;
#273 = CARTESIAN_POINT ( 'NONE',  ( 1.099999999999982300, 4.064011452847440300, -24.28089086419906900 ) ) ;
#274 = CARTESIAN_POINT ( 'NONE',  ( 0.2999999999999639100, 5.399999999999998600, -20.69999999999998900 ) ) ;
#275 = DIRECTION ( 'NONE',  ( 1.000000000000000000, 6.982966722218762600E-015, -2.465190328815661900E-032 ) ) ;
#276 = VECTOR ( 'NONE', #275, 1000.000000000000000 ) ;
#277 = CARTESIAN_POINT ( 'NONE',  ( 0.2999999999999639100, 5.399999999999998600, -20.69999999999998900 ) ) ;
#278 = LINE ( 'NONE', #277, #276 ) ;
#279 = DIRECTION ( 'NONE',  ( -1.000000000000000000, -6.982966722218762600E-015, 2.465190328815661900E-032 ) ) ;
#280 = DIRECTION ( 'NONE',  ( 2.465190328815758200E-032, -1.380432552314947500E-031, 1.000000000000000000 ) ) ;
#281 = CARTESIAN_POINT ( 'NONE',  ( -0.09999999999998562800, -0.4999999999999991700, -20.69999999999998900 ) ) ;
#282 = PRESENTATION_LAYER_ASSIGNMENT (  '', '', ( #283 ) ) ;
#283 = STYLED_ITEM ( 'NONE', ( #284 ), #2998 ) ;
#284 = PRESENTATION_STYLE_ASSIGNMENT (( #285 ) ) ;
#285 = SURFACE_STYLE_USAGE ( .BOTH. , #286 ) ;
#286 = SURFACE_SIDE_STYLE ('',( #287 ) ) ;
#287 = SURFACE_STYLE_FILL_AREA ( #288 ) ;
#288 = FILL_AREA_STYLE ('',( #295 ) ) ;
#289 = COLOUR_RGB ( '',0.7529411764705882200, 0.7529411764705882200, 0.7529411764705882200 ) ;
#290 = DIRECTION ( 'NONE',  ( 0.0000000000000000000, 0.0000000000000000000, 1.000000000000000000 ) ) ;
#291 = DIRECTION ( 'NONE',  ( 1.000000000000000000, 6.982966722218762600E-015, -2.465190328815661900E-032 ) ) ;
#292 = AXIS2_PLACEMENT_3D ( 'NONE', #296, #291, #290 ) ;
#293 = CYLINDRICAL_SURFACE ( 'NONE', #292, 0.2999999999999981600 ) ;
#294 = FACE_OUTER_BOUND ( 'NONE', #3023, .T. ) ;
#295 = FILL_AREA_STYLE_COLOUR ( '', #289 ) ;
#296 = CARTESIAN_POINT ( 'NONE',  ( 0.2999999999999806200, 3.000145636456238700, -25.10017653391666300 ) ) ;
#297 =( GEOMETRIC_REPRESENTATION_CONTEXT ( 3 ) GLOBAL_UNCERTAINTY_ASSIGNED_CONTEXT ( ( #298 ) ) GLOBAL_UNIT_ASSIGNED_CONTEXT ( ( #301, #300, #299 ) ) REPRESENTATION_CONTEXT ( 'NONE', 'WORKASPACE' ) );
#298 = UNCERTAINTY_MEASURE_WITH_UNIT (LENGTH_MEASURE( 1.000000000000000100E-005 ), #301, 'distance_accuracy_value', 'NONE');
#299 =( NAMED_UNIT ( * ) SI_UNIT ( $, .STERADIAN. ) SOLID_ANGLE_UNIT ( ) );
#300 =( NAMED_UNIT ( * ) PLANE_ANGLE_UNIT ( ) SI_UNIT ( $, .RADIAN. ) );
#301 =( LENGTH_UNIT ( ) NAMED_UNIT ( * ) SI_UNIT ( .MILLI., .METRE. ) );
#302 = MECHANICAL_DESIGN_GEOMETRIC_PRESENTATION_REPRESENTATION (  '', ( #304 ), #297 ) ;
#303 = PRESENTATION_LAYER_ASSIGNMENT (  '', '', ( #304 ) ) ;
#304 = STYLED_ITEM ( 'NONE', ( #305 ), #2989 ) ;
#305 = PRESENTATION_STYLE_ASSIGNMENT (( #306 ) ) ;
#306 = SURFACE_STYLE_USAGE ( .BOTH. , #307 ) ;
#307 = SURFACE_SIDE_STYLE ('',( #330 ) ) ;
#308 =( GEOMETRIC_REPRESENTATION_CONTEXT ( 3 ) GLOBAL_UNCERTAINTY_ASSIGNED_CONTEXT ( ( #309 ) ) GLOBAL_UNIT_ASSIGNED_CONTEXT ( ( #312, #311, #310 ) ) REPRESENTATION_CONTEXT ( 'NONE', 'WORKASPACE' ) );
#309 = UNCERTAINTY_MEASURE_WITH_UNIT (LENGTH_MEASURE( 1.000000000000000100E-005 ), #312, 'distance_accuracy_value', 'NONE');
#310 =( NAMED_UNIT ( * ) SI_UNIT ( $, .STERADIAN. ) SOLID_ANGLE_UNIT ( ) );
#311 =( NAMED_UNIT ( * ) PLANE_ANGLE_UNIT ( ) SI_UNIT ( $, .RADIAN. ) );
#312 =( LENGTH_UNIT ( ) NAMED_UNIT ( * ) SI_UNIT ( .MILLI., .METRE. ) );
#313 = MECHANICAL_DESIGN_GEOMETRIC_PRESENTATION_REPRESENTATION (  '', ( #315 ), #308 ) ;
#314 = PRESENTATION_LAYER_ASSIGNMENT (  '', '', ( #315 ) ) ;
#315 = STYLED_ITEM ( 'NONE', ( #316 ), #3024 ) ;
#316 = PRESENTATION_STYLE_ASSIGNMENT (( #317 ) ) ;
#317 = SURFACE_STYLE_USAGE ( .BOTH. , #318 ) ;
#318 = SURFACE_SIDE_STYLE ('',( #319 ) ) ;
#319 = SURFACE_STYLE_FILL_AREA ( #242 ) ;
#320 = COLOUR_RGB ( '',0.7529411764705882200, 0.7529411764705882200, 0.7529411764705882200 ) ;
#321 = FACE_OUTER_BOUND ( 'NONE', #3025, .T. ) ;
#322 = DIRECTION ( 'NONE',  ( -1.044268646982561200E-030, 1.495451272393799800E-016, -1.000000000000000000 ) ) ;
#323 = DIRECTION ( 'NONE',  ( -6.982966722218764100E-015, 1.000000000000000000, 1.495451272393799800E-016 ) ) ;
#324 = CARTESIAN_POINT ( 'NONE',  ( 0.2999999999999639100, 5.399999999999998600, -20.69999999999998900 ) ) ;
#325 = AXIS2_PLACEMENT_3D ( 'NONE', #324, #323, #322 ) ;
#326 = UNCERTAINTY_MEASURE_WITH_UNIT (LENGTH_MEASURE( 1.000000000000000100E-005 ), #412, 'distance_accuracy_value', 'NONE');
#327 =( NAMED_UNIT ( * ) SI_UNIT ( $, .STERADIAN. ) SOLID_ANGLE_UNIT ( ) );
#328 =( NAMED_UNIT ( * ) PLANE_ANGLE_UNIT ( ) SI_UNIT ( $, .RADIAN. ) );
#329 =( GEOMETRIC_REPRESENTATION_CONTEXT ( 3 ) GLOBAL_UNCERTAINTY_ASSIGNED_CONTEXT ( ( #233 ) ) GLOBAL_UNIT_ASSIGNED_CONTEXT ( ( #1397, #1396, #1395 ) ) REPRESENTATION_CONTEXT ( 'NONE', 'WORKASPACE' ) );
#330 = SURFACE_STYLE_FILL_AREA ( #331 ) ;
#331 = FILL_AREA_STYLE ('',( #337 ) ) ;
#332 = COLOUR_RGB ( '',0.7529411764705882200, 0.7529411764705882200, 0.7529411764705882200 ) ;
#333 = FACE_OUTER_BOUND ( 'NONE', #2990, .T. ) ;
#334 = DIRECTION ( 'NONE',  ( 1.000000000000000000, 6.982966722218762600E-015, -2.465190328815661900E-032 ) ) ;
#335 = VECTOR ( 'NONE', #334, 1000.000000000000000 ) ;
#336 = CARTESIAN_POINT ( 'NONE',  ( 0.2999999999999858300, 3.238844711622747200, -25.28189816585587800 ) ) ;
#337 = FILL_AREA_STYLE_COLOUR ( '', #332 ) ;
#338 = DIRECTION ( 'NONE',  ( -2.465190328815566100E-032, -1.380432552314951000E-031, 1.000000000000000000 ) ) ;
#339 = DIRECTION ( 'NONE',  ( 1.000000000000000000, 6.982966722218762600E-015, 2.465190328815662400E-032 ) ) ;
#340 = CARTESIAN_POINT ( 'NONE',  ( -0.9000000000000051300, 1.999999999999997300, 0.5918584287041978000 ) ) ;
#341 = AXIS2_PLACEMENT_3D ( 'NONE', #340, #339, #338 ) ;
#342 = LINE ( 'NONE', #336, #335 ) ;
#343 = PLANE ( 'NONE',  #341 ) ;
#344 =( GEOMETRIC_REPRESENTATION_CONTEXT ( 3 ) GLOBAL_UNCERTAINTY_ASSIGNED_CONTEXT ( ( #246 ) ) GLOBAL_UNIT_ASSIGNED_CONTEXT ( ( #249, #248, #247 ) ) REPRESENTATION_CONTEXT ( 'NONE', 'WORKASPACE' ) );
#345 = VECTOR ( 'NONE', #383, 1000.000000000000000 ) ;
#346 = CARTESIAN_POINT ( 'NONE',  ( 0.3000000000000042600, 0.6000000000000005300, -20.69999999999998900 ) ) ;
#347 = LINE ( 'NONE', #346, #345 ) ;
#348 = CARTESIAN_POINT ( 'NONE',  ( 1.099999999999965900, 5.400000000000004800, -20.69999999999998900 ) ) ;
#349 = DIRECTION ( 'NONE',  ( 1.044268646982561400E-030, -1.495451272393800000E-016, 1.000000000000000000 ) ) ;
#350 = VECTOR ( 'NONE', #349, 1000.000000000000000 ) ;
#351 = CARTESIAN_POINT ( 'NONE',  ( 1.099999999999965900, 5.400000000000004800, -20.69999999999998900 ) ) ;
#352 = LINE ( 'NONE', #351, #350 ) ;
#353 = CARTESIAN_POINT ( 'NONE',  ( 1.099999999999965900, 5.400000000000006600, -26.49999999999999300 ) ) ;
#354 = DIRECTION ( 'NONE',  ( -6.982966722218765700E-015, 1.000000000000000000, -1.380432552314949100E-031 ) ) ;
#355 = VECTOR ( 'NONE', #354, 1000.000000000000000 ) ;
#356 = CARTESIAN_POINT ( 'NONE',  ( 1.099999999999989700, 2.000000000000008000, -26.49999999999997200 ) ) ;
#357 = LINE ( 'NONE', #356, #355 ) ;
#358 = CARTESIAN_POINT ( 'NONE',  ( 1.100000000000006500, 0.6000000000000094100, -26.49999999999998900 ) ) ;
#359 = AXIS2_PLACEMENT_3D ( 'NONE', #281, #280, #279 ) ;
#360 = PLANE ( 'NONE',  #359 ) ;
#361 = DIRECTION ( 'NONE',  ( -6.047426575222794400E-015, 0.8660254037844373800, 0.5000000000000022200 ) ) ;
#362 = CARTESIAN_POINT ( 'NONE',  ( 1.099999999999981400, 3.150000000000006100, -1.399999999999998600 ) ) ;
#363 = AXIS2_PLACEMENT_3D ( 'NONE', #362, #361, #448 ) ;
#364 = CIRCLE ( 'NONE', #446, 1.350000000000000500 ) ;
#365 = PLANE ( 'NONE',  #363 ) ;
#366 =( GEOMETRIC_REPRESENTATION_CONTEXT ( 3 ) GLOBAL_UNCERTAINTY_ASSIGNED_CONTEXT ( ( #367 ) ) GLOBAL_UNIT_ASSIGNED_CONTEXT ( ( #370, #369, #368 ) ) REPRESENTATION_CONTEXT ( 'NONE', 'WORKASPACE' ) );
#367 = UNCERTAINTY_MEASURE_WITH_UNIT (LENGTH_MEASURE( 1.000000000000000100E-005 ), #370, 'distance_accuracy_value', 'NONE');
#368 =( NAMED_UNIT ( * ) SI_UNIT ( $, .STERADIAN. ) SOLID_ANGLE_UNIT ( ) );
#369 =( NAMED_UNIT ( * ) PLANE_ANGLE_UNIT ( ) SI_UNIT ( $, .RADIAN. ) );
#370 =( LENGTH_UNIT ( ) NAMED_UNIT ( * ) SI_UNIT ( .MILLI., .METRE. ) );
#371 = MECHANICAL_DESIGN_GEOMETRIC_PRESENTATION_REPRESENTATION (  '', ( #373 ), #366 ) ;
#372 = PRESENTATION_LAYER_ASSIGNMENT (  '', '', ( #373 ) ) ;
#373 = STYLED_ITEM ( 'NONE', ( #374 ), #3013 ) ;
#374 = PRESENTATION_STYLE_ASSIGNMENT (( #375 ) ) ;
#375 = SURFACE_STYLE_USAGE ( .BOTH. , #376 ) ;
#376 = SURFACE_SIDE_STYLE ('',( #377 ) ) ;
#377 = SURFACE_STYLE_FILL_AREA ( #378 ) ;
#378 = FILL_AREA_STYLE ('',( #379 ) ) ;
#379 = FILL_AREA_STYLE_COLOUR ( '', #380 ) ;
#380 = COLOUR_RGB ( '',0.7529411764705882200, 0.7529411764705882200, 0.7529411764705882200 ) ;
#381 = FACE_OUTER_BOUND ( 'NONE', #2969, .T. ) ;
#382 = CARTESIAN_POINT ( 'NONE',  ( 0.3000000000000042600, 0.6000000000000005300, -20.69999999999998900 ) ) ;
#383 = DIRECTION ( 'NONE',  ( 6.982966722218765700E-015, -1.000000000000000000, 1.380432552314949100E-031 ) ) ;
#384 = DIRECTION ( 'NONE',  ( -0.4472135954999564800, -3.122877655099998800E-015, -0.8944271909999166300 ) ) ;
#385 = DIRECTION ( 'NONE',  ( -0.8944271909999166300, -6.245755310200023600E-015, 0.4472135954999564800 ) ) ;
#386 = CARTESIAN_POINT ( 'NONE',  ( -0.9000000000000051300, 1.999999999999997300, -2.900000000000006600 ) ) ;
#387 = AXIS2_PLACEMENT_3D ( 'NONE', #386, #385, #384 ) ;
#388 = PLANE ( 'NONE',  #387 ) ;
#389 =( GEOMETRIC_REPRESENTATION_CONTEXT ( 3 ) GLOBAL_UNCERTAINTY_ASSIGNED_CONTEXT ( ( #390 ) ) GLOBAL_UNIT_ASSIGNED_CONTEXT ( ( #393, #392, #391 ) ) REPRESENTATION_CONTEXT ( 'NONE', 'WORKASPACE' ) );
#390 = UNCERTAINTY_MEASURE_WITH_UNIT (LENGTH_MEASURE( 1.000000000000000100E-005 ), #393, 'distance_accuracy_value', 'NONE');
#391 =( NAMED_UNIT ( * ) SI_UNIT ( $, .STERADIAN. ) SOLID_ANGLE_UNIT ( ) );
#392 =( NAMED_UNIT ( * ) PLANE_ANGLE_UNIT ( ) SI_UNIT ( $, .RADIAN. ) );
#393 =( LENGTH_UNIT ( ) NAMED_UNIT ( * ) SI_UNIT ( .MILLI., .METRE. ) );
#394 = MECHANICAL_DESIGN_GEOMETRIC_PRESENTATION_REPRESENTATION (  '', ( #396 ), #389 ) ;
#395 = PRESENTATION_LAYER_ASSIGNMENT (  '', '', ( #396 ) ) ;
#396 = STYLED_ITEM ( 'NONE', ( #397 ), #3001 ) ;
#397 = PRESENTATION_STYLE_ASSIGNMENT (( #398 ) ) ;
#398 = SURFACE_STYLE_USAGE ( .BOTH. , #399 ) ;
#399 = SURFACE_SIDE_STYLE ('',( #400 ) ) ;
#400 = SURFACE_STYLE_FILL_AREA ( #401 ) ;
#401 = FILL_AREA_STYLE ('',( #407 ) ) ;
#402 = COLOUR_RGB ( '',0.7529411764705882200, 0.7529411764705882200, 0.7529411764705882200 ) ;
#403 = FACE_OUTER_BOUND ( 'NONE', #2864, .T. ) ;
#404 = DIRECTION ( 'NONE',  ( 0.3973597071195080800, 0.4588314677411288200, -0.7947194142390258100 ) ) ;
#405 = VECTOR ( 'NONE', #404, 1000.000000000000000 ) ;
#406 = CARTESIAN_POINT ( 'NONE',  ( 0.4684210526315602500, 3.286740853229122500, -1.636842105263151900 ) ) ;
#407 = FILL_AREA_STYLE_COLOUR ( '', #402 ) ;
#408 = DIRECTION ( 'NONE',  ( -1.000000000000000000, -6.982966722218761000E-015, 4.930380657631323800E-032 ) ) ;
#409 = DIRECTION ( 'NONE',  ( 4.930380657631506600E-032, -2.613027716722779400E-031, 1.000000000000000000 ) ) ;
#410 = CARTESIAN_POINT ( 'NONE',  ( 8.100000000000019200, -3.149999999999943500, -4.400000000000001200 ) ) ;
#411 = AXIS2_PLACEMENT_3D ( 'NONE', #410, #409, #408 ) ;
#412 =( LENGTH_UNIT ( ) NAMED_UNIT ( * ) SI_UNIT ( .MILLI., .METRE. ) );
#413 = MECHANICAL_DESIGN_GEOMETRIC_PRESENTATION_REPRESENTATION (  '', ( #415 ), #449 ) ;
#414 = PRESENTATION_LAYER_ASSIGNMENT (  '', '', ( #415 ) ) ;
#415 = STYLED_ITEM ( 'NONE', ( #416 ), #3029 ) ;
#416 = PRESENTATION_STYLE_ASSIGNMENT (( #417 ) ) ;
#417 = SURFACE_STYLE_USAGE ( .BOTH. , #418 ) ;
#418 = SURFACE_SIDE_STYLE ('',( #419 ) ) ;
#419 = SURFACE_STYLE_FILL_AREA ( #427 ) ;
#420 = COLOUR_RGB ( '',0.7529411764705882200, 0.7529411764705882200, 0.7529411764705882200 ) ;
#421 = FACE_OUTER_BOUND ( 'NONE', #3030, .T. ) ;
#422 = DIRECTION ( 'NONE',  ( -2.465190328815566100E-032, -1.380432552314951000E-031, 1.000000000000000000 ) ) ;
#423 = DIRECTION ( 'NONE',  ( 1.000000000000000000, 6.982966722218762600E-015, 2.465190328815662400E-032 ) ) ;
#424 = CARTESIAN_POINT ( 'NONE',  ( 1.099999999999989700, 2.000000000000008000, 0.5918584287041978000 ) ) ;
#425 = AXIS2_PLACEMENT_3D ( 'NONE', #424, #423, #422 ) ;
#426 = PLANE ( 'NONE',  #425 ) ;
#427 = FILL_AREA_STYLE ('',( #428 ) ) ;
#428 = FILL_AREA_STYLE_COLOUR ( '', #420 ) ;
#429 = UNCERTAINTY_MEASURE_WITH_UNIT (LENGTH_MEASURE( 1.000000000000000100E-005 ), #432, 'distance_accuracy_value', 'NONE');
#430 =( NAMED_UNIT ( * ) SI_UNIT ( $, .STERADIAN. ) SOLID_ANGLE_UNIT ( ) );
#431 =( NAMED_UNIT ( * ) PLANE_ANGLE_UNIT ( ) SI_UNIT ( $, .RADIAN. ) );
#432 =( LENGTH_UNIT ( ) NAMED_UNIT ( * ) SI_UNIT ( .MILLI., .METRE. ) );
#433 = MECHANICAL_DESIGN_GEOMETRIC_PRESENTATION_REPRESENTATION (  '', ( #435 ), #245 ) ;
#434 = PRESENTATION_LAYER_ASSIGNMENT (  '', '', ( #435 ) ) ;
#435 = STYLED_ITEM ( 'NONE', ( #436 ), #3022 ) ;
#436 = PRESENTATION_STYLE_ASSIGNMENT (( #437 ) ) ;
#437 = SURFACE_STYLE_USAGE ( .BOTH. , #438 ) ;
#438 = SURFACE_SIDE_STYLE ('',( #439 ) ) ;
#439 = SURFACE_STYLE_FILL_AREA ( #440 ) ;
#440 = FILL_AREA_STYLE ('',( #447 ) ) ;
#441 = COLOUR_RGB ( '',0.7529411764705882200, 0.7529411764705882200, 0.7529411764705882200 ) ;
#442 = FACE_OUTER_BOUND ( 'NONE', #3018, .T. ) ;
#443 = DIRECTION ( 'NONE',  ( 0.0000000000000000000, 0.0000000000000000000, 1.000000000000000000 ) ) ;
#444 = DIRECTION ( 'NONE',  ( 1.000000000000000000, 6.982966722218762600E-015, -2.465190328815661900E-032 ) ) ;
#445 = CARTESIAN_POINT ( 'NONE',  ( 0.2999999999999806200, 3.000000000000000000, -23.44999999999999200 ) ) ;
#446 = AXIS2_PLACEMENT_3D ( 'NONE', #445, #444, #443 ) ;
#447 = FILL_AREA_STYLE_COLOUR ( '', #441 ) ;
#448 = DIRECTION ( 'NONE',  ( -3.491483361109398200E-015, 0.5000000000000022200, -0.8660254037844373800 ) ) ;
#449 =( GEOMETRIC_REPRESENTATION_CONTEXT ( 3 ) GLOBAL_UNCERTAINTY_ASSIGNED_CONTEXT ( ( #326 ) ) GLOBAL_UNIT_ASSIGNED_CONTEXT ( ( #412, #328, #327 ) ) REPRESENTATION_CONTEXT ( 'NONE', 'WORKASPACE' ) );
#450 = LINE ( 'NONE', #647, #646 ) ;
#451 = CARTESIAN_POINT ( 'NONE',  ( 7.350000000000002300, -0.8499999999999523500, -4.400000000000001200 ) ) ;
#452 = DIRECTION ( 'NONE',  ( -1.000000000000000000, -6.982966722218761000E-015, 4.930380657631323800E-032 ) ) ;
#453 = VECTOR ( 'NONE', #452, 1000.000000000000000 ) ;
#454 = CARTESIAN_POINT ( 'NONE',  ( 8.100000000000003200, -0.8499999999999436900, -4.400000000000001200 ) ) ;
#455 = LINE ( 'NONE', #454, #453 ) ;
#456 = DIRECTION ( 'NONE',  ( -4.380145119819112700E-031, 6.272613480860707600E-017, -1.000000000000000000 ) ) ;
#457 = VECTOR ( 'NONE', #456, 1000.000000000000000 ) ;
#458 = CARTESIAN_POINT ( 'NONE',  ( -0.9000000000000261100, 3.999999999999992500, -2.872243186433531800 ) ) ;
#459 = LINE ( 'NONE', #458, #457 ) ;
#460 = DIRECTION ( 'NONE',  ( 0.0000000000000000000, 0.0000000000000000000, 1.000000000000000000 ) ) ;
#461 = DIRECTION ( 'NONE',  ( 1.000000000000000000, 6.982966722218762600E-015, -2.465190328815661900E-032 ) ) ;
#462 = CARTESIAN_POINT ( 'NONE',  ( 1.099999999999982800, 3.000145636456243500, -25.10017653391666300 ) ) ;
#463 = AXIS2_PLACEMENT_3D ( 'NONE', #462, #461, #460 ) ;
#464 = CIRCLE ( 'NONE', #463, 0.2999999999999981600 ) ;
#465 = CARTESIAN_POINT ( 'NONE',  ( 0.3000000000000042600, 0.6000000000000039700, -26.49999999999998900 ) ) ;
#466 = DIRECTION ( 'NONE',  ( 1.000000000000000000, 6.982966722218762600E-015, -2.465190328815661900E-032 ) ) ;
#467 = VECTOR ( 'NONE', #466, 1000.000000000000000 ) ;
#468 = CARTESIAN_POINT ( 'NONE',  ( 0.3000000000000042600, 0.6000000000000039700, -26.49999999999998900 ) ) ;
#469 = LINE ( 'NONE', #468, #467 ) ;
#470 = DIRECTION ( 'NONE',  ( 1.000000000000000000, 6.982966722218762600E-015, -2.465190328815661900E-032 ) ) ;
#471 = VECTOR ( 'NONE', #470, 1000.000000000000000 ) ;
#472 = CARTESIAN_POINT ( 'NONE',  ( -0.1000000000000414600, 6.499999999999996400, -20.69999999999998900 ) ) ;
#473 = LINE ( 'NONE', #472, #471 ) ;
#474 = DIRECTION ( 'NONE',  ( -4.441713044927732800E-015, 0.6360782202777595100, 0.7716245833877236600 ) ) ;
#475 = VECTOR ( 'NONE', #474, 1000.000000000000100 ) ;
#476 = CARTESIAN_POINT ( 'NONE',  ( 1.099999999999987900, 3.238844711622753900, -25.28189816585587800 ) ) ;
#477 = LINE ( 'NONE', #476, #475 ) ;
#478 = MECHANICAL_DESIGN_GEOMETRIC_PRESENTATION_REPRESENTATION (  '', ( #480 ), #583 ) ;
#479 = PRESENTATION_LAYER_ASSIGNMENT (  '', '', ( #480 ) ) ;
#480 = STYLED_ITEM ( 'NONE', ( #481 ), #3054 ) ;
#481 = PRESENTATION_STYLE_ASSIGNMENT (( #482 ) ) ;
#482 = SURFACE_STYLE_USAGE ( .BOTH. , #483 ) ;
#483 = SURFACE_SIDE_STYLE ('',( #484 ) ) ;
#484 = SURFACE_STYLE_FILL_AREA ( #485 ) ;
#485 = FILL_AREA_STYLE ('',( #486 ) ) ;
#486 = FILL_AREA_STYLE_COLOUR ( '', #487 ) ;
#487 = COLOUR_RGB ( '',0.7529411764705882200, 0.7529411764705882200, 0.7529411764705882200 ) ;
#488 = FACE_OUTER_BOUND ( 'NONE', #3055, .T. ) ;
#489 = CARTESIAN_POINT ( 'NONE',  ( 1.099999999999999600, 0.6000000000000058600, -20.69999999999998900 ) ) ;
#490 = CARTESIAN_POINT ( 'NONE',  ( -0.8861215932167572100, -4.336808689942017700E-015, -2.872243186433531800 ) ) ;
#491 = CARTESIAN_POINT ( 'NONE',  ( 1.099999999999975900, 4.000000000000006200, -2.900000000000006600 ) ) ;
#492 = DIRECTION ( 'NONE',  ( 6.982966722218765700E-015, -1.000000000000000000, 1.380432552314949100E-031 ) ) ;
#493 = VECTOR ( 'NONE', #492, 1000.000000000000000 ) ;
#494 = CARTESIAN_POINT ( 'NONE',  ( 1.099999999999989700, 2.000000000000008000, -2.900000000000006600 ) ) ;
#495 = LINE ( 'NONE', #494, #493 ) ;
#496 = DIRECTION ( 'NONE',  ( -2.465190328815583900E-032, -1.133913519433386600E-031, 1.000000000000000000 ) ) ;
#497 = VECTOR ( 'NONE', #496, 1000.000000000000000 ) ;
#498 = CARTESIAN_POINT ( 'NONE',  ( 1.100000000000010500, 6.071532165918824800E-015, -2.872243186433531800 ) ) ;
#499 = LINE ( 'NONE', #498, #497 ) ;
#500 = CARTESIAN_POINT ( 'NONE',  ( 1.100000000000010500, 6.071532165918824800E-015, -2.900000000000006600 ) ) ;
#501 = DIRECTION ( 'NONE',  ( -0.4472135954999564800, -3.122877655099998800E-015, 0.8944271909999165200 ) ) ;
#502 = VECTOR ( 'NONE', #501, 1000.000000000000100 ) ;
#503 = CARTESIAN_POINT ( 'NONE',  ( 1.088897274573417800, 6.071532165918824800E-015, -2.877794549146828200 ) ) ;
#504 = DIRECTION ( 'NONE',  ( 0.4472135954999564800, 3.122877655099998800E-015, -0.8944271909999166300 ) ) ;
#505 = DIRECTION ( 'NONE',  ( -0.8944271909999166300, -6.245755310200024400E-015, -0.4472135954999564800 ) ) ;
#506 = CARTESIAN_POINT ( 'NONE',  ( 0.3499999999999970400, 0.8500000000000044200, -1.399999999999998600 ) ) ;
#507 = AXIS2_PLACEMENT_3D ( 'NONE', #506, #505, #504 ) ;
#508 = LINE ( 'NONE', #503, #502 ) ;
#509 = PLANE ( 'NONE',  #507 ) ;
#510 =( GEOMETRIC_REPRESENTATION_CONTEXT ( 3 ) GLOBAL_UNCERTAINTY_ASSIGNED_CONTEXT ( ( #648 ) ) GLOBAL_UNIT_ASSIGNED_CONTEXT ( ( #651, #650, #649 ) ) REPRESENTATION_CONTEXT ( 'NONE', 'WORKASPACE' ) );
#511 = LINE ( 'NONE', #563, #562 ) ;
#512 = CARTESIAN_POINT ( 'NONE',  ( -0.1000000000000414600, 6.499999999999996400, -20.69999999999998900 ) ) ;
#513 = DIRECTION ( 'NONE',  ( 2.465190328815566100E-032, 1.380432552314950800E-031, -1.000000000000000000 ) ) ;
#514 = VECTOR ( 'NONE', #513, 1000.000000000000000 ) ;
#515 = CARTESIAN_POINT ( 'NONE',  ( -0.1000000000000414600, 6.499999999999994700, -18.19999999999999200 ) ) ;
#516 = LINE ( 'NONE', #515, #514 ) ;
#517 = CARTESIAN_POINT ( 'NONE',  ( -0.09999999999998562800, -0.4999999999999991700, -20.69999999999998900 ) ) ;
#518 = DIRECTION ( 'NONE',  ( 2.465190328815566100E-032, 1.380432552314950800E-031, -1.000000000000000000 ) ) ;
#519 = VECTOR ( 'NONE', #518, 1000.000000000000000 ) ;
#520 = CARTESIAN_POINT ( 'NONE',  ( -0.09999999999998562800, -0.4999999999999991700, -18.19999999999999200 ) ) ;
#521 = LINE ( 'NONE', #520, #519 ) ;
#522 = CARTESIAN_POINT ( 'NONE',  ( 0.8999999999999741500, 4.400000000000003000, -27.49999999999998900 ) ) ;
#523 = CARTESIAN_POINT ( 'NONE',  ( 0.4999999999999765700, 4.400000000000001200, -27.49999999999998900 ) ) ;
#524 = DIRECTION ( 'NONE',  ( 1.000000000000000000, 6.982966722218762600E-015, -2.465190328815661900E-032 ) ) ;
#525 = VECTOR ( 'NONE', #524, 1000.000000000000000 ) ;
#526 = CARTESIAN_POINT ( 'NONE',  ( 0.2999999999999777800, 4.399999999999997700, -27.49999999999998900 ) ) ;
#527 = DIRECTION ( 'NONE',  ( 4.937703122080895100E-015, -0.7071067811865485700, -0.7071067811865464600 ) ) ;
#528 = DIRECTION ( 'NONE',  ( -4.937703122080880200E-015, 0.7071067811865464600, -0.7071067811865485700 ) ) ;
#529 = CARTESIAN_POINT ( 'NONE',  ( 0.2999999999999777800, 4.399999999999997700, -27.49999999999998900 ) ) ;
#530 = AXIS2_PLACEMENT_3D ( 'NONE', #529, #528, #527 ) ;
#531 = LINE ( 'NONE', #526, #525 ) ;
#532 = PLANE ( 'NONE',  #530 ) ;
#533 =( GEOMETRIC_REPRESENTATION_CONTEXT ( 3 ) GLOBAL_UNCERTAINTY_ASSIGNED_CONTEXT ( ( #534 ) ) GLOBAL_UNIT_ASSIGNED_CONTEXT ( ( #566, #565, #564 ) ) REPRESENTATION_CONTEXT ( 'NONE', 'WORKASPACE' ) );
#534 = UNCERTAINTY_MEASURE_WITH_UNIT (LENGTH_MEASURE( 1.000000000000000100E-005 ), #566, 'distance_accuracy_value', 'NONE');
#535 = CARTESIAN_POINT ( 'NONE',  ( 1.099999999999987900, 3.238844711622753900, -25.28189816585587800 ) ) ;
#536 = DIRECTION ( 'NONE',  ( -2.465190328815566100E-032, -1.380432552314951000E-031, 1.000000000000000000 ) ) ;
#537 = DIRECTION ( 'NONE',  ( 1.000000000000000000, 6.982966722218762600E-015, 2.465190328815662400E-032 ) ) ;
#538 = CARTESIAN_POINT ( 'NONE',  ( -0.09999999999998562800, -0.4999999999999991700, -18.19999999999999200 ) ) ;
#539 = AXIS2_PLACEMENT_3D ( 'NONE', #538, #537, #536 ) ;
#540 = PLANE ( 'NONE',  #539 ) ;
#541 =( GEOMETRIC_REPRESENTATION_CONTEXT ( 3 ) GLOBAL_UNCERTAINTY_ASSIGNED_CONTEXT ( ( #542 ) ) GLOBAL_UNIT_ASSIGNED_CONTEXT ( ( #545, #544, #543 ) ) REPRESENTATION_CONTEXT ( 'NONE', 'WORKASPACE' ) );
#542 = UNCERTAINTY_MEASURE_WITH_UNIT (LENGTH_MEASURE( 1.000000000000000100E-005 ), #545, 'distance_accuracy_value', 'NONE');
#543 =( NAMED_UNIT ( * ) SI_UNIT ( $, .STERADIAN. ) SOLID_ANGLE_UNIT ( ) );
#544 =( NAMED_UNIT ( * ) PLANE_ANGLE_UNIT ( ) SI_UNIT ( $, .RADIAN. ) );
#545 =( LENGTH_UNIT ( ) NAMED_UNIT ( * ) SI_UNIT ( .MILLI., .METRE. ) );
#546 = MECHANICAL_DESIGN_GEOMETRIC_PRESENTATION_REPRESENTATION (  '', ( #548 ), #541 ) ;
#547 = PRESENTATION_LAYER_ASSIGNMENT (  '', '', ( #548 ) ) ;
#548 = STYLED_ITEM ( 'NONE', ( #549 ), #3076 ) ;
#549 = PRESENTATION_STYLE_ASSIGNMENT (( #550 ) ) ;
#550 = SURFACE_STYLE_USAGE ( .BOTH. , #551 ) ;
#551 = SURFACE_SIDE_STYLE ('',( #552 ) ) ;
#552 = SURFACE_STYLE_FILL_AREA ( #553 ) ;
#553 = FILL_AREA_STYLE ('',( #560 ) ) ;
#554 = COLOUR_RGB ( '',0.7529411764705882200, 0.7529411764705882200, 0.7529411764705882200 ) ;
#555 = FACE_OUTER_BOUND ( 'NONE', #3064, .T. ) ;
#556 = DIRECTION ( 'NONE',  ( -4.380145119819112700E-031, 6.272613480860707600E-017, -1.000000000000000000 ) ) ;
#557 = VECTOR ( 'NONE', #556, 1000.000000000000000 ) ;
#558 = CARTESIAN_POINT ( 'NONE',  ( 1.099999999999975900, 4.000000000000006200, -2.872243186433531800 ) ) ;
#559 = LINE ( 'NONE', #558, #557 ) ;
#560 = FILL_AREA_STYLE_COLOUR ( '', #554 ) ;
#561 = DIRECTION ( 'NONE',  ( -7.585495819487648000E-031, 1.121588454295350500E-016, -1.000000000000000000 ) ) ;
#562 = VECTOR ( 'NONE', #561, 1000.000000000000000 ) ;
#563 = CARTESIAN_POINT ( 'NONE',  ( 1.099999999999999600, 0.6000000000000058600, -20.69999999999998900 ) ) ;
#564 =( NAMED_UNIT ( * ) SI_UNIT ( $, .STERADIAN. ) SOLID_ANGLE_UNIT ( ) );
#565 =( NAMED_UNIT ( * ) PLANE_ANGLE_UNIT ( ) SI_UNIT ( $, .RADIAN. ) );
#566 =( LENGTH_UNIT ( ) NAMED_UNIT ( * ) SI_UNIT ( .MILLI., .METRE. ) );
#567 = MECHANICAL_DESIGN_GEOMETRIC_PRESENTATION_REPRESENTATION (  '', ( #569 ), #533 ) ;
#568 = PRESENTATION_LAYER_ASSIGNMENT (  '', '', ( #569 ) ) ;
#569 = STYLED_ITEM ( 'NONE', ( #570 ), #3058 ) ;
#570 = PRESENTATION_STYLE_ASSIGNMENT (( #571 ) ) ;
#571 = SURFACE_STYLE_USAGE ( .BOTH. , #572 ) ;
#572 = SURFACE_SIDE_STYLE ('',( #573 ) ) ;
#573 = SURFACE_STYLE_FILL_AREA ( #580 ) ;
#574 = COLOUR_RGB ( '',0.7529411764705882200, 0.7529411764705882200, 0.7529411764705882200 ) ;
#575 = FACE_OUTER_BOUND ( 'NONE', #2913, .T. ) ;
#576 = DIRECTION ( 'NONE',  ( 4.441713044927733600E-015, -0.6360782202777596200, -0.7716245833877235500 ) ) ;
#577 = DIRECTION ( 'NONE',  ( -5.388228787842391900E-015, 0.7716245833877235500, -0.6360782202777596200 ) ) ;
#578 = CARTESIAN_POINT ( 'NONE',  ( 0.2999999999999858300, 3.238844711622747200, -25.28189816585587800 ) ) ;
#579 = AXIS2_PLACEMENT_3D ( 'NONE', #578, #577, #576 ) ;
#580 = FILL_AREA_STYLE ('',( #581 ) ) ;
#581 = FILL_AREA_STYLE_COLOUR ( '', #574 ) ;
#582 = PLANE ( 'NONE',  #579 ) ;
#583 =( GEOMETRIC_REPRESENTATION_CONTEXT ( 3 ) GLOBAL_UNCERTAINTY_ASSIGNED_CONTEXT ( ( #584 ) ) GLOBAL_UNIT_ASSIGNED_CONTEXT ( ( #587, #586, #585 ) ) REPRESENTATION_CONTEXT ( 'NONE', 'WORKASPACE' ) );
#584 = UNCERTAINTY_MEASURE_WITH_UNIT (LENGTH_MEASURE( 1.000000000000000100E-005 ), #587, 'distance_accuracy_value', 'NONE');
#585 =( NAMED_UNIT ( * ) SI_UNIT ( $, .STERADIAN. ) SOLID_ANGLE_UNIT ( ) );
#586 =( NAMED_UNIT ( * ) PLANE_ANGLE_UNIT ( ) SI_UNIT ( $, .RADIAN. ) );
#587 =( LENGTH_UNIT ( ) NAMED_UNIT ( * ) SI_UNIT ( .MILLI., .METRE. ) );
#588 =( NAMED_UNIT ( * ) SI_UNIT ( $, .STERADIAN. ) SOLID_ANGLE_UNIT ( ) );
#589 =( NAMED_UNIT ( * ) PLANE_ANGLE_UNIT ( ) SI_UNIT ( $, .RADIAN. ) );
#590 =( LENGTH_UNIT ( ) NAMED_UNIT ( * ) SI_UNIT ( .MILLI., .METRE. ) );
#591 = MECHANICAL_DESIGN_GEOMETRIC_PRESENTATION_REPRESENTATION (  '', ( #593 ), #682 ) ;
#592 = PRESENTATION_LAYER_ASSIGNMENT (  '', '', ( #593 ) ) ;
#593 = STYLED_ITEM ( 'NONE', ( #594 ), #3105 ) ;
#594 = PRESENTATION_STYLE_ASSIGNMENT (( #595 ) ) ;
#595 = SURFACE_STYLE_USAGE ( .BOTH. , #596 ) ;
#596 = SURFACE_SIDE_STYLE ('',( #597 ) ) ;
#597 = SURFACE_STYLE_FILL_AREA ( #604 ) ;
#598 = COLOUR_RGB ( '',0.7529411764705882200, 0.7529411764705882200, 0.7529411764705882200 ) ;
#599 = FACE_OUTER_BOUND ( 'NONE', #3111, .T. ) ;
#600 = DIRECTION ( 'NONE',  ( -0.1961161351381807400, -1.369472445360073700E-015, -0.9805806756909207800 ) ) ;
#601 = DIRECTION ( 'NONE',  ( -0.9805806756909207800, -6.847362226800488700E-015, 0.1961161351381807400 ) ) ;
#602 = CARTESIAN_POINT ( 'NONE',  ( 1.099999999999989700, 2.000000000000008000, -26.49999999999997200 ) ) ;
#603 = AXIS2_PLACEMENT_3D ( 'NONE', #602, #601, #600 ) ;
#604 = FILL_AREA_STYLE ('',( #605 ) ) ;
#605 = FILL_AREA_STYLE_COLOUR ( '', #598 ) ;
#606 = PLANE ( 'NONE',  #603 ) ;
#607 =( GEOMETRIC_REPRESENTATION_CONTEXT ( 3 ) GLOBAL_UNCERTAINTY_ASSIGNED_CONTEXT ( ( #608 ) ) GLOBAL_UNIT_ASSIGNED_CONTEXT ( ( #611, #610, #609 ) ) REPRESENTATION_CONTEXT ( 'NONE', 'WORKASPACE' ) );
#608 = UNCERTAINTY_MEASURE_WITH_UNIT (LENGTH_MEASURE( 1.000000000000000100E-005 ), #611, 'distance_accuracy_value', 'NONE');
#609 =( NAMED_UNIT ( * ) SI_UNIT ( $, .STERADIAN. ) SOLID_ANGLE_UNIT ( ) );
#610 =( NAMED_UNIT ( * ) PLANE_ANGLE_UNIT ( ) SI_UNIT ( $, .RADIAN. ) );
#611 =( LENGTH_UNIT ( ) NAMED_UNIT ( * ) SI_UNIT ( .MILLI., .METRE. ) );
#612 = MECHANICAL_DESIGN_GEOMETRIC_PRESENTATION_REPRESENTATION (  '', ( #614 ), #607 ) ;
#613 = PRESENTATION_LAYER_ASSIGNMENT (  '', '', ( #614 ) ) ;
#614 = STYLED_ITEM ( 'NONE', ( #615 ), #3103 ) ;
#615 = PRESENTATION_STYLE_ASSIGNMENT (( #616 ) ) ;
#616 = SURFACE_STYLE_USAGE ( .BOTH. , #617 ) ;
#617 = SURFACE_SIDE_STYLE ('',( #618 ) ) ;
#618 = SURFACE_STYLE_FILL_AREA ( #625 ) ;
#619 = COLOUR_RGB ( '',0.7529411764705882200, 0.7529411764705882200, 0.7529411764705882200 ) ;
#620 = FACE_OUTER_BOUND ( 'NONE', #3104, .T. ) ;
#621 = DIRECTION ( 'NONE',  ( 7.585495819487648000E-031, -1.121588454295350500E-016, 1.000000000000000000 ) ) ;
#622 = DIRECTION ( 'NONE',  ( 6.982966722218765700E-015, -1.000000000000000000, -1.121588454295350500E-016 ) ) ;
#623 = CARTESIAN_POINT ( 'NONE',  ( 0.3000000000000042600, 0.6000000000000005300, -20.69999999999998900 ) ) ;
#624 = AXIS2_PLACEMENT_3D ( 'NONE', #623, #622, #621 ) ;
#625 = FILL_AREA_STYLE ('',( #626 ) ) ;
#626 = FILL_AREA_STYLE_COLOUR ( '', #619 ) ;
#627 = PLANE ( 'NONE',  #624 ) ;
#628 =( GEOMETRIC_REPRESENTATION_CONTEXT ( 3 ) GLOBAL_UNCERTAINTY_ASSIGNED_CONTEXT ( ( #629 ) ) GLOBAL_UNIT_ASSIGNED_CONTEXT ( ( #632, #631, #630 ) ) REPRESENTATION_CONTEXT ( 'NONE', 'WORKASPACE' ) );
#629 = UNCERTAINTY_MEASURE_WITH_UNIT (LENGTH_MEASURE( 1.000000000000000100E-005 ), #632, 'distance_accuracy_value', 'NONE');
#630 =( NAMED_UNIT ( * ) SI_UNIT ( $, .STERADIAN. ) SOLID_ANGLE_UNIT ( ) );
#631 =( NAMED_UNIT ( * ) PLANE_ANGLE_UNIT ( ) SI_UNIT ( $, .RADIAN. ) );
#632 =( LENGTH_UNIT ( ) NAMED_UNIT ( * ) SI_UNIT ( .MILLI., .METRE. ) );
#633 = MECHANICAL_DESIGN_GEOMETRIC_PRESENTATION_REPRESENTATION (  '', ( #635 ), #628 ) ;
#634 = PRESENTATION_LAYER_ASSIGNMENT (  '', '', ( #635 ) ) ;
#635 = STYLED_ITEM ( 'NONE', ( #636 ), #3101 ) ;
#636 = PRESENTATION_STYLE_ASSIGNMENT (( #637 ) ) ;
#637 = SURFACE_STYLE_USAGE ( .BOTH. , #638 ) ;
#638 = SURFACE_SIDE_STYLE ('',( #639 ) ) ;
#639 = SURFACE_STYLE_FILL_AREA ( #640 ) ;
#640 = FILL_AREA_STYLE ('',( #641 ) ) ;
#641 = FILL_AREA_STYLE_COLOUR ( '', #642 ) ;
#642 = COLOUR_RGB ( '',0.7529411764705882200, 0.7529411764705882200, 0.7529411764705882200 ) ;
#643 = FACE_OUTER_BOUND ( 'NONE', #3020, .T. ) ;
#644 = CARTESIAN_POINT ( 'NONE',  ( 0.2999999999999821100, 2.768658261439922400, -25.29099999999999000 ) ) ;
#645 = DIRECTION ( 'NONE',  ( -4.441713044927732800E-015, 0.6360782202777596200, -0.7716245833877235500 ) ) ;
#646 = VECTOR ( 'NONE', #645, 1000.000000000000000 ) ;
#647 = CARTESIAN_POINT ( 'NONE',  ( 0.2999999999999821100, 2.768658261439922400, -25.29099999999999000 ) ) ;
#648 = UNCERTAINTY_MEASURE_WITH_UNIT (LENGTH_MEASURE( 1.000000000000000100E-005 ), #651, 'distance_accuracy_value', 'NONE');
#649 =( NAMED_UNIT ( * ) SI_UNIT ( $, .STERADIAN. ) SOLID_ANGLE_UNIT ( ) );
#650 =( NAMED_UNIT ( * ) PLANE_ANGLE_UNIT ( ) SI_UNIT ( $, .RADIAN. ) );
#651 =( LENGTH_UNIT ( ) NAMED_UNIT ( * ) SI_UNIT ( .MILLI., .METRE. ) );
#652 = MECHANICAL_DESIGN_GEOMETRIC_PRESENTATION_REPRESENTATION (  '', ( #654 ), #510 ) ;
#653 = PRESENTATION_LAYER_ASSIGNMENT (  '', '', ( #654 ) ) ;
#654 = STYLED_ITEM ( 'NONE', ( #655 ), #3038 ) ;
#655 = PRESENTATION_STYLE_ASSIGNMENT (( #656 ) ) ;
#656 = SURFACE_STYLE_USAGE ( .BOTH. , #657 ) ;
#657 = SURFACE_SIDE_STYLE ('',( #658 ) ) ;
#658 = SURFACE_STYLE_FILL_AREA ( #659 ) ;
#659 = FILL_AREA_STYLE ('',( #667 ) ) ;
#660 = COLOUR_RGB ( '',0.7529411764705882200, 0.7529411764705882200, 0.7529411764705882200 ) ;
#661 = FACE_OUTER_BOUND ( 'NONE', #3074, .T. ) ;
#662 = DIRECTION ( 'NONE',  ( 0.0000000000000000000, 0.0000000000000000000, 1.000000000000000000 ) ) ;
#663 = DIRECTION ( 'NONE',  ( 1.000000000000000000, 6.982966722218762600E-015, -2.465190328815661900E-032 ) ) ;
#664 = CARTESIAN_POINT ( 'NONE',  ( 1.099999999999982800, 3.000000000000005300, -23.44999999999999200 ) ) ;
#665 = AXIS2_PLACEMENT_3D ( 'NONE', #664, #663, #662 ) ;
#666 = CIRCLE ( 'NONE', #665, 1.350000000000000500 ) ;
#667 = FILL_AREA_STYLE_COLOUR ( '', #660 ) ;
#668 = CARTESIAN_POINT ( 'NONE',  ( 0.8999999999999936900, 1.600000000000005400, -27.49999999999998900 ) ) ;
#669 = CARTESIAN_POINT ( 'NONE',  ( 0.4999999999999961100, 1.600000000000002800, -27.49999999999998900 ) ) ;
#670 = DIRECTION ( 'NONE',  ( 1.000000000000000000, 6.982966722218762600E-015, -2.465190328815661900E-032 ) ) ;
#671 = VECTOR ( 'NONE', #670, 1000.000000000000000 ) ;
#672 = CARTESIAN_POINT ( 'NONE',  ( 0.2999999999999973200, 1.600000000000001400, -27.49999999999998900 ) ) ;
#673 = LINE ( 'NONE', #672, #671 ) ;
#674 = DIRECTION ( 'NONE',  ( 1.000000000000000000, 6.982966722218762600E-015, -2.465190328815661900E-032 ) ) ;
#675 = DIRECTION ( 'NONE',  ( -2.465190328815758200E-032, 1.380432552314947500E-031, -1.000000000000000000 ) ) ;
#676 = CARTESIAN_POINT ( 'NONE',  ( 0.2999999999999973200, 1.600000000000001400, -27.49999999999998900 ) ) ;
#677 = AXIS2_PLACEMENT_3D ( 'NONE', #676, #675, #674 ) ;
#678 = PLANE ( 'NONE',  #677 ) ;
#679 = CARTESIAN_POINT ( 'NONE',  ( 8.100000000000003200, -0.8499999999999436900, -4.400000000000001200 ) ) ;
#680 = PLANE ( 'NONE',  #700 ) ;
#681 = UNCERTAINTY_MEASURE_WITH_UNIT (LENGTH_MEASURE( 1.000000000000000100E-005 ), #590, 'distance_accuracy_value', 'NONE');
#682 =( GEOMETRIC_REPRESENTATION_CONTEXT ( 3 ) GLOBAL_UNCERTAINTY_ASSIGNED_CONTEXT ( ( #681 ) ) GLOBAL_UNIT_ASSIGNED_CONTEXT ( ( #590, #589, #588 ) ) REPRESENTATION_CONTEXT ( 'NONE', 'WORKASPACE' ) );
#683 = CARTESIAN_POINT ( 'NONE',  ( 9.100000000000003200, 1.999999999999998200, -19.99999999999999600 ) ) ;
#684 = PLANE ( 'NONE',  #871 ) ;
#685 =( GEOMETRIC_REPRESENTATION_CONTEXT ( 3 ) GLOBAL_UNCERTAINTY_ASSIGNED_CONTEXT ( ( #686 ) ) GLOBAL_UNIT_ASSIGNED_CONTEXT ( ( #689, #688, #687 ) ) REPRESENTATION_CONTEXT ( 'NONE', 'WORKASPACE' ) );
#686 = UNCERTAINTY_MEASURE_WITH_UNIT (LENGTH_MEASURE( 1.000000000000000100E-005 ), #689, 'distance_accuracy_value', 'NONE');
#687 =( NAMED_UNIT ( * ) SI_UNIT ( $, .STERADIAN. ) SOLID_ANGLE_UNIT ( ) );
#688 =( NAMED_UNIT ( * ) PLANE_ANGLE_UNIT ( ) SI_UNIT ( $, .RADIAN. ) );
#689 =( LENGTH_UNIT ( ) NAMED_UNIT ( * ) SI_UNIT ( .MILLI., .METRE. ) );
#690 = MECHANICAL_DESIGN_GEOMETRIC_PRESENTATION_REPRESENTATION (  '', ( #692 ), #685 ) ;
#691 = PRESENTATION_LAYER_ASSIGNMENT (  '', '', ( #692 ) ) ;
#692 = STYLED_ITEM ( 'NONE', ( #693 ), #3162 ) ;
#693 = PRESENTATION_STYLE_ASSIGNMENT (( #694 ) ) ;
#694 = SURFACE_STYLE_USAGE ( .BOTH. , #701 ) ;
#695 = VECTOR ( 'NONE', #758, 999.9999999999998900 ) ;
#696 = CARTESIAN_POINT ( 'NONE',  ( 7.047368421052643900, -1.077901422048492200, -4.005263157894741100 ) ) ;
#697 = LINE ( 'NONE', #696, #695 ) ;
#698 = DIRECTION ( 'NONE',  ( -3.491483361109398600E-015, 0.5000000000000021100, -0.8660254037844374900 ) ) ;
#699 = DIRECTION ( 'NONE',  ( -6.047426575222797600E-015, 0.8660254037844374900, 0.5000000000000021100 ) ) ;
#700 = AXIS2_PLACEMENT_3D ( 'NONE', #679, #699, #698 ) ;
#701 = SURFACE_SIDE_STYLE ('',( #702 ) ) ;
#702 = SURFACE_STYLE_FILL_AREA ( #703 ) ;
#703 = FILL_AREA_STYLE ('',( #704 ) ) ;
#704 = FILL_AREA_STYLE_COLOUR ( '', #709 ) ;
#705 = DIRECTION ( 'NONE',  ( -2.465190328815662400E-032, -1.483603526480291100E-031, 1.000000000000000000 ) ) ;
#706 = DIRECTION ( 'NONE',  ( -9.860761315262649800E-032, 1.000000000000000000, 1.483603526480291100E-031 ) ) ;
#707 = CARTESIAN_POINT ( 'NONE',  ( 9.100000000000003200, -7.999999999999996400, -19.99999999999999300 ) ) ;
#708 = AXIS2_PLACEMENT_3D ( 'NONE', #707, #706, #705 ) ;
#709 = COLOUR_RGB ( '',0.2509803921568627400, 0.2509803921568627400, 0.2509803921568627400 ) ;
#710 = FACE_OUTER_BOUND ( 'NONE', #3167, .T. ) ;
#711 = PLANE ( 'NONE',  #708 ) ;
#712 =( GEOMETRIC_REPRESENTATION_CONTEXT ( 3 ) GLOBAL_UNCERTAINTY_ASSIGNED_CONTEXT ( ( #713 ) ) GLOBAL_UNIT_ASSIGNED_CONTEXT ( ( #716, #715, #714 ) ) REPRESENTATION_CONTEXT ( 'NONE', 'WORKASPACE' ) );
#713 = UNCERTAINTY_MEASURE_WITH_UNIT (LENGTH_MEASURE( 1.000000000000000100E-005 ), #716, 'distance_accuracy_value', 'NONE');
#714 =( NAMED_UNIT ( * ) SI_UNIT ( $, .STERADIAN. ) SOLID_ANGLE_UNIT ( ) );
#715 =( NAMED_UNIT ( * ) PLANE_ANGLE_UNIT ( ) SI_UNIT ( $, .RADIAN. ) );
#716 =( LENGTH_UNIT ( ) NAMED_UNIT ( * ) SI_UNIT ( .MILLI., .METRE. ) );
#717 = MECHANICAL_DESIGN_GEOMETRIC_PRESENTATION_REPRESENTATION (  '', ( #719 ), #712 ) ;
#718 = PRESENTATION_LAYER_ASSIGNMENT (  '', '', ( #719 ) ) ;
#719 = STYLED_ITEM ( 'NONE', ( #720 ), #3159 ) ;
#720 = PRESENTATION_STYLE_ASSIGNMENT (( #721 ) ) ;
#721 = SURFACE_STYLE_USAGE ( .BOTH. , #722 ) ;
#722 = SURFACE_SIDE_STYLE ('',( #723 ) ) ;
#723 = SURFACE_STYLE_FILL_AREA ( #724 ) ;
#724 = FILL_AREA_STYLE ('',( #731 ) ) ;
#725 = COLOUR_RGB ( '',0.2509803921568627400, 0.2509803921568627400, 0.2509803921568627400 ) ;
#726 = FACE_OUTER_BOUND ( 'NONE', #3160, .T. ) ;
#727 = DIRECTION ( 'NONE',  ( -2.465190328815662400E-032, -1.483603526480291300E-031, 1.000000000000000000 ) ) ;
#728 = VECTOR ( 'NONE', #727, 1000.000000000000000 ) ;
#729 = CARTESIAN_POINT ( 'NONE',  ( 9.100000000000003200, 1.999999999999998200, -19.99999999999999600 ) ) ;
#730 = LINE ( 'NONE', #729, #728 ) ;
#731 = FILL_AREA_STYLE_COLOUR ( '', #725 ) ;
#732 = PRESENTATION_LAYER_ASSIGNMENT (  '', '', ( #733 ) ) ;
#733 = STYLED_ITEM ( 'NONE', ( #734 ), #3202 ) ;
#734 = PRESENTATION_STYLE_ASSIGNMENT (( #735 ) ) ;
#735 = SURFACE_STYLE_USAGE ( .BOTH. , #736 ) ;
#736 = SURFACE_SIDE_STYLE ('',( #737 ) ) ;
#737 = SURFACE_STYLE_FILL_AREA ( #738 ) ;
#738 = FILL_AREA_STYLE ('',( #744 ) ) ;
#739 = COLOUR_RGB ( '',0.7529411764705882200, 0.7529411764705882200, 0.7529411764705882200 ) ;
#740 = FACE_OUTER_BOUND ( 'NONE', #3266, .T. ) ;
#741 = DIRECTION ( 'NONE',  ( -0.4472135954999565400, -3.122877655099999600E-015, -0.8944271909999165200 ) ) ;
#742 = VECTOR ( 'NONE', #741, 1000.000000000000100 ) ;
#743 = CARTESIAN_POINT ( 'NONE',  ( 6.511102725426627400, -3.999999999999958300, -5.077794549146831900 ) ) ;
#744 = FILL_AREA_STYLE_COLOUR ( '', #739 ) ;
#745 = DIRECTION ( 'NONE',  ( -5.347214052174565600E-031, 8.010539513610601800E-017, -1.000000000000000000 ) ) ;
#746 = DIRECTION ( 'NONE',  ( -6.982966722218767300E-015, 1.000000000000000000, 8.010539513610601800E-017 ) ) ;
#747 = CARTESIAN_POINT ( 'NONE',  ( 8.100000000000017400, 5.637851296924623100E-014, -5.872243186433538000 ) ) ;
#748 = AXIS2_PLACEMENT_3D ( 'NONE', #747, #746, #745 ) ;
#749 = LINE ( 'NONE', #743, #742 ) ;
#750 = DIRECTION ( 'NONE',  ( 0.4472135954999565400, 3.194526098655524000E-015, -0.8944271909999165200 ) ) ;
#751 = VECTOR ( 'NONE', #750, 1000.000000000000100 ) ;
#752 = CARTESIAN_POINT ( 'NONE',  ( 8.088897274573424700, 5.637851296924623100E-014, -5.877794549146832600 ) ) ;
#753 = LINE ( 'NONE', #752, #751 ) ;
#754 = DIRECTION ( 'NONE',  ( -1.000000000000000000, -6.982966722218761000E-015, 4.930380657631323800E-032 ) ) ;
#755 = VECTOR ( 'NONE', #754, 1000.000000000000000 ) ;
#756 = CARTESIAN_POINT ( 'NONE',  ( 8.100000000000017400, 5.637851296924623100E-014, -5.872243186433538000 ) ) ;
#757 = LINE ( 'NONE', #756, #755 ) ;
#758 = DIRECTION ( 'NONE',  ( 0.3973597071195145700, -0.4588314677411233200, 0.7947194142390258100 ) ) ;
#759 = CARTESIAN_POINT ( 'NONE',  ( 7.350000000000018300, -3.149999999999952400, -4.400000000000001200 ) ) ;
#760 = AXIS2_PLACEMENT_3D ( 'NONE', #759, #815, #814 ) ;
#761 = PLANE ( 'NONE',  #760 ) ;
#762 =( GEOMETRIC_REPRESENTATION_CONTEXT ( 3 ) GLOBAL_UNCERTAINTY_ASSIGNED_CONTEXT ( ( #763 ) ) GLOBAL_UNIT_ASSIGNED_CONTEXT ( ( #766, #765, #764 ) ) REPRESENTATION_CONTEXT ( 'NONE', 'WORKASPACE' ) );
#763 = UNCERTAINTY_MEASURE_WITH_UNIT (LENGTH_MEASURE( 1.000000000000000100E-005 ), #766, 'distance_accuracy_value', 'NONE');
#764 =( NAMED_UNIT ( * ) SI_UNIT ( $, .STERADIAN. ) SOLID_ANGLE_UNIT ( ) );
#765 =( NAMED_UNIT ( * ) PLANE_ANGLE_UNIT ( ) SI_UNIT ( $, .RADIAN. ) );
#766 =( LENGTH_UNIT ( ) NAMED_UNIT ( * ) SI_UNIT ( .MILLI., .METRE. ) );
#767 = MECHANICAL_DESIGN_GEOMETRIC_PRESENTATION_REPRESENTATION (  '', ( #769 ), #762 ) ;
#768 = PRESENTATION_LAYER_ASSIGNMENT (  '', '', ( #769 ) ) ;
#769 = STYLED_ITEM ( 'NONE', ( #770 ), #3120 ) ;
#770 = PRESENTATION_STYLE_ASSIGNMENT (( #771 ) ) ;
#771 = SURFACE_STYLE_USAGE ( .BOTH. , #772 ) ;
#772 = SURFACE_SIDE_STYLE ('',( #773 ) ) ;
#773 = SURFACE_STYLE_FILL_AREA ( #774 ) ;
#774 = FILL_AREA_STYLE ('',( #780 ) ) ;
#775 = COLOUR_RGB ( '',0.7529411764705882200, 0.7529411764705882200, 0.7529411764705882200 ) ;
#776 = FACE_OUTER_BOUND ( 'NONE', #3203, .T. ) ;
#777 = DIRECTION ( 'NONE',  ( 0.3973597071195081900, 0.4588314677411288200, -0.7947194142390258100 ) ) ;
#778 = VECTOR ( 'NONE', #777, 999.9999999999998900 ) ;
#779 = CARTESIAN_POINT ( 'NONE',  ( 7.468421052631574900, -0.7132591467708289100, -4.636842105263157900 ) ) ;
#780 = FILL_AREA_STYLE_COLOUR ( '', #775 ) ;
#781 = LINE ( 'NONE', #779, #778 ) ;
#782 = DIRECTION ( 'NONE',  ( 6.982966722218767300E-015, -1.000000000000000000, 2.859546749604347300E-031 ) ) ;
#783 = VECTOR ( 'NONE', #782, 1000.000000000000000 ) ;
#784 = CARTESIAN_POINT ( 'NONE',  ( 6.850000000000031600, -3.149999999999948800, -4.400000000000001200 ) ) ;
#785 = LINE ( 'NONE', #784, #783 ) ;
#786 = VECTOR ( 'NONE', #893, 1000.000000000000000 ) ;
#787 = CARTESIAN_POINT ( 'NONE',  ( -7.100000000000002300, 0.4999999999999970000, -19.99999999999999300 ) ) ;
#788 = LINE ( 'NONE', #787, #786 ) ;
#789 = DIRECTION ( 'NONE',  ( -0.3973597071195143500, 0.4588314677411241500, 0.7947194142390253700 ) ) ;
#790 = VECTOR ( 'NONE', #789, 1000.000000000000000 ) ;
#791 = CARTESIAN_POINT ( 'NONE',  ( 8.088312920603621900, -4.002530326913277900, -5.876625841207189000 ) ) ;
#792 = LINE ( 'NONE', #791, #790 ) ;
#793 = CARTESIAN_POINT ( 'NONE',  ( 6.850000000000031600, -3.149999999999948800, -4.400000000000001200 ) ) ;
#794 = DIRECTION ( 'NONE',  ( -1.000000000000000000, -6.982966722218761000E-015, 4.930380657631323800E-032 ) ) ;
#795 = VECTOR ( 'NONE', #794, 1000.000000000000000 ) ;
#796 = CARTESIAN_POINT ( 'NONE',  ( 8.100000000000019200, -3.149999999999943500, -4.400000000000001200 ) ) ;
#797 = LINE ( 'NONE', #796, #795 ) ;
#798 = DIRECTION ( 'NONE',  ( -6.982966722218767300E-015, 1.000000000000000000, -2.859546749604347300E-031 ) ) ;
#799 = VECTOR ( 'NONE', #798, 1000.000000000000000 ) ;
#800 = CARTESIAN_POINT ( 'NONE',  ( 7.350000000000018300, -3.149999999999952400, -4.400000000000001200 ) ) ;
#801 = LINE ( 'NONE', #800, #799 ) ;
#802 = CARTESIAN_POINT ( 'NONE',  ( 8.086121593216796900, -3.999999999999943600, -5.872243186433534500 ) ) ;
#803 = DIRECTION ( 'NONE',  ( -1.000000000000000000, -6.982966722218761000E-015, 4.930380657631323800E-032 ) ) ;
#804 = VECTOR ( 'NONE', #803, 1000.000000000000000 ) ;
#805 = CARTESIAN_POINT ( 'NONE',  ( 8.100000000000036900, -3.999999999999943600, -5.872243186433534500 ) ) ;
#806 = LINE ( 'NONE', #805, #804 ) ;
#807 = CARTESIAN_POINT ( 'NONE',  ( -7.099999999999988100, -6.500000000000002700, -19.99999999999998900 ) ) ;
#808 = CARTESIAN_POINT ( 'NONE',  ( 4.900000000000001200, -8.000000000000000000, -19.99999999999999300 ) ) ;
#809 = DIRECTION ( 'NONE',  ( -2.465190328815662400E-032, -1.483603526480291300E-031, 1.000000000000000000 ) ) ;
#810 = VECTOR ( 'NONE', #809, 1000.000000000000000 ) ;
#811 = CARTESIAN_POINT ( 'NONE',  ( 4.900000000000001200, -8.000000000000000000, -19.99999999999999300 ) ) ;
#812 = LINE ( 'NONE', #811, #810 ) ;
#813 = CARTESIAN_POINT ( 'NONE',  ( 8.100000000000036900, -3.999999999999943600, -5.900000000000011000 ) ) ;
#814 = DIRECTION ( 'NONE',  ( 0.4472135954999566000, 3.122877655099998800E-015, -0.8944271909999166300 ) ) ;
#815 = DIRECTION ( 'NONE',  ( -0.8944271909999166300, -6.245755310200022800E-015, -0.4472135954999566000 ) ) ;
#816 = PLANE ( 'NONE',  #748 ) ;
#817 =( GEOMETRIC_REPRESENTATION_CONTEXT ( 3 ) GLOBAL_UNCERTAINTY_ASSIGNED_CONTEXT ( ( #818 ) ) GLOBAL_UNIT_ASSIGNED_CONTEXT ( ( #821, #820, #819 ) ) REPRESENTATION_CONTEXT ( 'NONE', 'WORKASPACE' ) );
#818 = UNCERTAINTY_MEASURE_WITH_UNIT (LENGTH_MEASURE( 1.000000000000000100E-005 ), #821, 'distance_accuracy_value', 'NONE');
#819 =( NAMED_UNIT ( * ) SI_UNIT ( $, .STERADIAN. ) SOLID_ANGLE_UNIT ( ) );
#820 =( NAMED_UNIT ( * ) PLANE_ANGLE_UNIT ( ) SI_UNIT ( $, .RADIAN. ) );
#821 =( LENGTH_UNIT ( ) NAMED_UNIT ( * ) SI_UNIT ( .MILLI., .METRE. ) );
#822 = MECHANICAL_DESIGN_GEOMETRIC_PRESENTATION_REPRESENTATION (  '', ( #824 ), #817 ) ;
#823 = PRESENTATION_LAYER_ASSIGNMENT (  '', '', ( #824 ) ) ;
#824 = STYLED_ITEM ( 'NONE', ( #825 ), #3194 ) ;
#825 = PRESENTATION_STYLE_ASSIGNMENT (( #826 ) ) ;
#826 = SURFACE_STYLE_USAGE ( .BOTH. , #827 ) ;
#827 = SURFACE_SIDE_STYLE ('',( #828 ) ) ;
#828 = SURFACE_STYLE_FILL_AREA ( #829 ) ;
#829 = FILL_AREA_STYLE ('',( #836 ) ) ;
#830 = COLOUR_RGB ( '',0.7529411764705882200, 0.7529411764705882200, 0.7529411764705882200 ) ;
#831 = FACE_OUTER_BOUND ( 'NONE', #3195, .T. ) ;
#832 = DIRECTION ( 'NONE',  ( -2.465190328815480400E-032, -2.613027716722784600E-031, 1.000000000000000000 ) ) ;
#833 = VECTOR ( 'NONE', #832, 1000.000000000000000 ) ;
#834 = CARTESIAN_POINT ( 'NONE',  ( 6.100000000000036900, -3.999999999999957400, -5.872243186433532700 ) ) ;
#835 = LINE ( 'NONE', #834, #833 ) ;
#836 = FILL_AREA_STYLE_COLOUR ( '', #830 ) ;
#837 = DIRECTION ( 'NONE',  ( -5.100695019293002100E-031, 8.010539513610606700E-017, -1.000000000000000000 ) ) ;
#838 = VECTOR ( 'NONE', #837, 1000.000000000000000 ) ;
#839 = CARTESIAN_POINT ( 'NONE',  ( 6.100000000000015600, 3.903127820947816000E-014, -5.872243186433536300 ) ) ;
#840 = LINE ( 'NONE', #839, #838 ) ;
#841 = DIRECTION ( 'NONE',  ( 1.000000000000000000, -9.860761315262647600E-032, -2.465190328815661900E-032 ) ) ;
#842 = VECTOR ( 'NONE', #841, 1000.000000000000000 ) ;
#843 = CARTESIAN_POINT ( 'NONE',  ( 6.900000000000003000, 0.5000000000000004400, -19.99999999999999300 ) ) ;
#844 = LINE ( 'NONE', #843, #842 ) ;
#845 = CARTESIAN_POINT ( 'NONE',  ( 8.099999999999992500, 0.5000000000000534000, -19.99999999999998900 ) ) ;
#846 = DIRECTION ( 'NONE',  ( 9.860761315262649800E-032, -1.000000000000000000, 1.483603526480291300E-031 ) ) ;
#847 = VECTOR ( 'NONE', #846, 1000.000000000000000 ) ;
#848 = CARTESIAN_POINT ( 'NONE',  ( 8.100000000000003200, 0.4999999999999970000, -19.99999999999999300 ) ) ;
#849 = LINE ( 'NONE', #848, #847 ) ;
#850 = CARTESIAN_POINT ( 'NONE',  ( 8.100000000000003200, -6.500000000000002700, -19.99999999999999300 ) ) ;
#851 = DIRECTION ( 'NONE',  ( -1.000000000000000000, 9.860761315262647600E-032, 2.465190328815661900E-032 ) ) ;
#852 = VECTOR ( 'NONE', #851, 1000.000000000000000 ) ;
#853 = CARTESIAN_POINT ( 'NONE',  ( 8.100000000000003200, -6.500000000000002700, -19.99999999999999300 ) ) ;
#854 = LINE ( 'NONE', #853, #852 ) ;
#855 = CARTESIAN_POINT ( 'NONE',  ( 6.900000000000003000, 0.5000000000000004400, -19.99999999999999300 ) ) ;
#856 = CARTESIAN_POINT ( 'NONE',  ( -5.900000000000012800, 0.4999999999999527600, -19.99999999999998900 ) ) ;
#857 = CARTESIAN_POINT ( 'NONE',  ( 9.100000000000003200, -7.999999999999996400, -19.99999999999999300 ) ) ;
#858 = DIRECTION ( 'NONE',  ( -2.465190328815662400E-032, -1.483603526480291300E-031, 1.000000000000000000 ) ) ;
#859 = VECTOR ( 'NONE', #858, 1000.000000000000000 ) ;
#860 = CARTESIAN_POINT ( 'NONE',  ( 9.100000000000003200, -7.999999999999996400, -19.99999999999999300 ) ) ;
#861 = LINE ( 'NONE', #860, #859 ) ;
#862 = DIRECTION ( 'NONE',  ( 9.860761315262649800E-032, -1.000000000000000000, 1.483603526480291300E-031 ) ) ;
#863 = VECTOR ( 'NONE', #862, 1000.000000000000000 ) ;
#864 = CARTESIAN_POINT ( 'NONE',  ( 9.100000000000003200, 1.999999999999998200, -19.99999999999999600 ) ) ;
#865 = LINE ( 'NONE', #864, #863 ) ;
#866 = DIRECTION ( 'NONE',  ( -1.000000000000000000, 9.860761315262647600E-032, 2.465190328815661900E-032 ) ) ;
#867 = VECTOR ( 'NONE', #866, 1000.000000000000000 ) ;
#868 = CARTESIAN_POINT ( 'NONE',  ( -5.899999999999995900, -6.499999999999999100, -19.99999999999998900 ) ) ;
#869 = DIRECTION ( 'NONE',  ( -2.465190328815662400E-032, -1.483603526480291100E-031, 1.000000000000000000 ) ) ;
#870 = DIRECTION ( 'NONE',  ( -1.000000000000000000, 9.860761315262647600E-032, -2.465190328815662400E-032 ) ) ;
#871 = AXIS2_PLACEMENT_3D ( 'NONE', #683, #870, #869 ) ;
#872 = LINE ( 'NONE', #868, #867 ) ;
#873 = UNCERTAINTY_MEASURE_WITH_UNIT (LENGTH_MEASURE( 1.000000000000000100E-005 ), #876, 'distance_accuracy_value', 'NONE');
#874 =( NAMED_UNIT ( * ) SI_UNIT ( $, .STERADIAN. ) SOLID_ANGLE_UNIT ( ) );
#875 =( NAMED_UNIT ( * ) PLANE_ANGLE_UNIT ( ) SI_UNIT ( $, .RADIAN. ) );
#876 =( LENGTH_UNIT ( ) NAMED_UNIT ( * ) SI_UNIT ( .MILLI., .METRE. ) );
#877 = MECHANICAL_DESIGN_GEOMETRIC_PRESENTATION_REPRESENTATION (  '', ( #879 ), #900 ) ;
#878 = PRESENTATION_LAYER_ASSIGNMENT (  '', '', ( #879 ) ) ;
#879 = STYLED_ITEM ( 'NONE', ( #880 ), #3147 ) ;
#880 = PRESENTATION_STYLE_ASSIGNMENT (( #881 ) ) ;
#881 = SURFACE_STYLE_USAGE ( .BOTH. , #882 ) ;
#882 = SURFACE_SIDE_STYLE ('',( #883 ) ) ;
#883 = SURFACE_STYLE_FILL_AREA ( #884 ) ;
#884 = FILL_AREA_STYLE ('',( #891 ) ) ;
#885 = COLOUR_RGB ( '',0.2509803921568627400, 0.2509803921568627400, 0.2509803921568627400 ) ;
#886 = FACE_OUTER_BOUND ( 'NONE', #3148, .T. ) ;
#887 = DIRECTION ( 'NONE',  ( -1.000000000000000000, 9.860761315262647600E-032, 2.465190328815661900E-032 ) ) ;
#888 = VECTOR ( 'NONE', #887, 1000.000000000000000 ) ;
#889 = CARTESIAN_POINT ( 'NONE',  ( 9.100000000000003200, -7.999999999999996400, -19.99999999999999300 ) ) ;
#890 = LINE ( 'NONE', #889, #888 ) ;
#891 = FILL_AREA_STYLE_COLOUR ( '', #885 ) ;
#892 = CARTESIAN_POINT ( 'NONE',  ( -7.100000000000002300, 0.5000000000000004400, -19.99999999999999300 ) ) ;
#893 = DIRECTION ( 'NONE',  ( -9.860761315262649800E-032, 1.000000000000000000, -1.483603526480291300E-031 ) ) ;
#894 = CARTESIAN_POINT ( 'NONE',  ( 9.100000000000003200, 1.999999999999998200, -19.99999999999999600 ) ) ;
#895 = DIRECTION ( 'NONE',  ( -8.673617379884047800E-017, 1.000000000000000000, -1.575739102807085600E-031 ) ) ;
#896 = DIRECTION ( 'NONE',  ( 1.000000000000000000, 8.673617379884047800E-017, -3.403211480080311900E-062 ) ) ;
#897 = CARTESIAN_POINT ( 'NONE',  ( 4.900000000000001200, 1.999999999999998200, -19.99999999999999300 ) ) ;
#898 = AXIS2_PLACEMENT_3D ( 'NONE', #897, #896, #895 ) ;
#899 = PLANE ( 'NONE',  #898 ) ;
#900 =( GEOMETRIC_REPRESENTATION_CONTEXT ( 3 ) GLOBAL_UNCERTAINTY_ASSIGNED_CONTEXT ( ( #873 ) ) GLOBAL_UNIT_ASSIGNED_CONTEXT ( ( #876, #875, #874 ) ) REPRESENTATION_CONTEXT ( 'NONE', 'WORKASPACE' ) );
#901 =( NAMED_UNIT ( * ) SI_UNIT ( $, .STERADIAN. ) SOLID_ANGLE_UNIT ( ) );
#902 =( NAMED_UNIT ( * ) PLANE_ANGLE_UNIT ( ) SI_UNIT ( $, .RADIAN. ) );
#903 =( LENGTH_UNIT ( ) NAMED_UNIT ( * ) SI_UNIT ( .MILLI., .METRE. ) );
#904 = MECHANICAL_DESIGN_GEOMETRIC_PRESENTATION_REPRESENTATION (  '', ( #906 ), #1102 ) ;
#905 = PRESENTATION_LAYER_ASSIGNMENT (  '', '', ( #906 ) ) ;
#906 = STYLED_ITEM ( 'NONE', ( #907 ), #3228 ) ;
#907 = PRESENTATION_STYLE_ASSIGNMENT (( #908 ) ) ;
#908 = SURFACE_STYLE_USAGE ( .BOTH. , #909 ) ;
#909 = SURFACE_SIDE_STYLE ('',( #910 ) ) ;
#910 = SURFACE_STYLE_FILL_AREA ( #911 ) ;
#911 = FILL_AREA_STYLE ('',( #918 ) ) ;
#912 = COLOUR_RGB ( '',0.2509803921568627400, 0.2509803921568627400, 0.2509803921568627400 ) ;
#913 = FACE_OUTER_BOUND ( 'NONE', #3229, .T. ) ;
#914 = DIRECTION ( 'NONE',  ( -9.946708721822467200E-016, 0.3583679495453008800, 0.9335804264972015200 ) ) ;
#915 = VECTOR ( 'NONE', #914, 1000.000000000000100 ) ;
#916 = CARTESIAN_POINT ( 'NONE',  ( 11.24999999999998900, 12.10000000000002500, -6.699999999999999300 ) ) ;
#917 = LINE ( 'NONE', #916, #915 ) ;
#918 = FILL_AREA_STYLE_COLOUR ( '', #912 ) ;
#919 = UNCERTAINTY_MEASURE_WITH_UNIT (LENGTH_MEASURE( 1.000000000000000100E-005 ), #925, 'distance_accuracy_value', 'NONE');
#920 =( NAMED_UNIT ( * ) SI_UNIT ( $, .STERADIAN. ) SOLID_ANGLE_UNIT ( ) );
#921 = CARTESIAN_POINT ( 'NONE',  ( 6.113878406783243200, 3.903127820947816000E-014, -5.872243186433536300 ) ) ;
#922 = DIRECTION ( 'NONE',  ( -2.465190328815480400E-032, -2.613027716722784600E-031, 1.000000000000000000 ) ) ;
#923 = DIRECTION ( 'NONE',  ( 1.000000000000000000, 6.982966722218761000E-015, 2.465190328815663000E-032 ) ) ;
#924 =( NAMED_UNIT ( * ) PLANE_ANGLE_UNIT ( ) SI_UNIT ( $, .RADIAN. ) );
#925 =( LENGTH_UNIT ( ) NAMED_UNIT ( * ) SI_UNIT ( .MILLI., .METRE. ) );
#926 =( LENGTH_UNIT ( ) NAMED_UNIT ( * ) SI_UNIT ( .MILLI., .METRE. ) );
#927 = LINE ( 'NONE', #1053, #1052 ) ;
#928 = CARTESIAN_POINT ( 'NONE',  ( 6.100000000000015600, 3.903127820947816000E-014, -5.900000000000007500 ) ) ;
#929 = CARTESIAN_POINT ( 'NONE',  ( 6.113878406783277900, -3.999999999999957400, -5.872243186433532700 ) ) ;
#930 = DIRECTION ( 'NONE',  ( -0.3973597071195079100, -0.4588314677411297100, -0.7947194142390253700 ) ) ;
#931 = VECTOR ( 'NONE', #930, 1000.000000000000000 ) ;
#932 = CARTESIAN_POINT ( 'NONE',  ( 6.427476553080657200, -3.637888051635635600, -5.245046893838772200 ) ) ;
#933 = LINE ( 'NONE', #932, #931 ) ;
#934 =( NAMED_UNIT ( * ) PLANE_ANGLE_UNIT ( ) SI_UNIT ( $, .RADIAN. ) );
#935 =( LENGTH_UNIT ( ) NAMED_UNIT ( * ) SI_UNIT ( .MILLI., .METRE. ) );
#936 = MECHANICAL_DESIGN_GEOMETRIC_PRESENTATION_REPRESENTATION (  '', ( #938 ), #1054 ) ;
#937 = PRESENTATION_LAYER_ASSIGNMENT (  '', '', ( #938 ) ) ;
#938 = STYLED_ITEM ( 'NONE', ( #939 ), #3253 ) ;
#939 = PRESENTATION_STYLE_ASSIGNMENT (( #940 ) ) ;
#940 = SURFACE_STYLE_USAGE ( .BOTH. , #941 ) ;
#941 = SURFACE_SIDE_STYLE ('',( #942 ) ) ;
#942 = SURFACE_STYLE_FILL_AREA ( #943 ) ;
#943 = FILL_AREA_STYLE ('',( #951 ) ) ;
#944 = COLOUR_RGB ( '',0.2509803921568627400, 0.2509803921568627400, 0.2509803921568627400 ) ;
#945 = FACE_OUTER_BOUND ( 'NONE', #3186, .T. ) ;
#946 = FACE_BOUND ( 'NONE', #3223, .T. ) ;
#947 = DIRECTION ( 'NONE',  ( -1.000000000000000000, 9.860761315262647600E-032, 2.465190328815661900E-032 ) ) ;
#948 = VECTOR ( 'NONE', #947, 1000.000000000000000 ) ;
#949 = CARTESIAN_POINT ( 'NONE',  ( -4.899999999999995000, -8.000000000000000000, -19.99999999999998900 ) ) ;
#950 = LINE ( 'NONE', #949, #948 ) ;
#951 = FILL_AREA_STYLE_COLOUR ( '', #944 ) ;
#952 = DIRECTION ( 'NONE',  ( -8.673617379884047800E-017, 1.000000000000000000, -1.575739102807085600E-031 ) ) ;
#953 = VECTOR ( 'NONE', #952, 1000.000000000000000 ) ;
#954 = CARTESIAN_POINT ( 'NONE',  ( 4.900000000000001200, 1.999999999999998200, -19.99999999999999300 ) ) ;
#955 = LINE ( 'NONE', #954, #953 ) ;
#956 = CARTESIAN_POINT ( 'NONE',  ( 4.900000000000001200, 1.999999999999998200, -19.99999999999999300 ) ) ;
#957 = DIRECTION ( 'NONE',  ( -2.465190328815662400E-032, -1.483603526480291300E-031, 1.000000000000000000 ) ) ;
#958 = VECTOR ( 'NONE', #957, 1000.000000000000000 ) ;
#959 = CARTESIAN_POINT ( 'NONE',  ( 4.900000000000001200, 1.999999999999998200, -19.99999999999999300 ) ) ;
#960 = MECHANICAL_DESIGN_GEOMETRIC_PRESENTATION_REPRESENTATION (  '', ( #733 ), #1017 ) ;
#961 = PLANE ( 'NONE',  #984 ) ;
#962 = CARTESIAN_POINT ( 'NONE',  ( 0.2999999999999801700, 4.064011452847434000, -24.28089086419906900 ) ) ;
#963 = LINE ( 'NONE', #959, #958 ) ;
#964 = DIRECTION ( 'NONE',  ( 1.044268646982561400E-030, -1.495451272393800000E-016, 1.000000000000000000 ) ) ;
#965 = VECTOR ( 'NONE', #964, 1000.000000000000000 ) ;
#966 = CARTESIAN_POINT ( 'NONE',  ( 0.2999999999999639100, 5.399999999999998600, -20.69999999999998900 ) ) ;
#967 = LINE ( 'NONE', #966, #965 ) ;
#968 = DIRECTION ( 'NONE',  ( 0.1400280084028036900, -0.7001400420140031500, 0.7001400420140060400 ) ) ;
#969 = VECTOR ( 'NONE', #968, 1000.000000000000100 ) ;
#970 = CARTESIAN_POINT ( 'NONE',  ( 1.084313725490194200, 0.6784313725490256400, -26.57843137254900900 ) ) ;
#971 = LINE ( 'NONE', #970, #969 ) ;
#972 = DIRECTION ( 'NONE',  ( 1.000000000000000000, 6.982966722218762600E-015, -2.465190328815661900E-032 ) ) ;
#973 = VECTOR ( 'NONE', #972, 1000.000000000000000 ) ;
#974 = DIRECTION ( 'NONE',  ( 1.000000000000000000, -9.860761315262647600E-032, -2.465190328815661900E-032 ) ) ;
#975 = VECTOR ( 'NONE', #974, 1000.000000000000000 ) ;
#976 = CARTESIAN_POINT ( 'NONE',  ( 9.100000000000003200, 1.999999999999998200, -19.99999999999999600 ) ) ;
#977 = LINE ( 'NONE', #976, #975 ) ;
#978 = CARTESIAN_POINT ( 'NONE',  ( 6.100000000000036900, -3.999999999999957400, -5.900000000000009200 ) ) ;
#979 = DIRECTION ( 'NONE',  ( -2.465190328815480400E-032, -2.613027716722784600E-031, 1.000000000000000000 ) ) ;
#980 = DIRECTION ( 'NONE',  ( 6.982966722218767300E-015, -1.000000000000000000, -2.613027716722782900E-031 ) ) ;
#981 = CARTESIAN_POINT ( 'NONE',  ( 8.100000000000036900, -3.999999999999943600, -5.872243186433534500 ) ) ;
#982 = AXIS2_PLACEMENT_3D ( 'NONE', #981, #980, #979 ) ;
#983 = CARTESIAN_POINT ( 'NONE',  ( 8.100000000000024500, -1.999999999999941800, -2.408141571295806700 ) ) ;
#984 = AXIS2_PLACEMENT_3D ( 'NONE', #983, #923, #922 ) ;
#985 = CARTESIAN_POINT ( 'NONE',  ( 8.086121593216775600, 5.637851296924623100E-014, -5.872243186433538000 ) ) ;
#986 = FILL_AREA_STYLE ('',( #987 ) ) ;
#987 = FILL_AREA_STYLE_COLOUR ( '', #988 ) ;
#988 = COLOUR_RGB ( '',0.7529411764705882200, 0.7529411764705882200, 0.7529411764705882200 ) ;
#989 = FACE_OUTER_BOUND ( 'NONE', #3214, .T. ) ;
#990 = CARTESIAN_POINT ( 'NONE',  ( 8.100000000000017400, 5.637851296924623100E-014, -5.900000000000011000 ) ) ;
#991 = DIRECTION ( 'NONE',  ( 6.982966722218767300E-015, -1.000000000000000000, 2.859546749604347300E-031 ) ) ;
#992 = UNCERTAINTY_MEASURE_WITH_UNIT (LENGTH_MEASURE( 1.000000000000000100E-005 ), #995, 'distance_accuracy_value', 'NONE');
#993 =( NAMED_UNIT ( * ) SI_UNIT ( $, .STERADIAN. ) SOLID_ANGLE_UNIT ( ) );
#994 =( NAMED_UNIT ( * ) PLANE_ANGLE_UNIT ( ) SI_UNIT ( $, .RADIAN. ) );
#995 =( LENGTH_UNIT ( ) NAMED_UNIT ( * ) SI_UNIT ( .MILLI., .METRE. ) );
#996 = MECHANICAL_DESIGN_GEOMETRIC_PRESENTATION_REPRESENTATION (  '', ( #998 ), #1082 ) ;
#997 = PRESENTATION_LAYER_ASSIGNMENT (  '', '', ( #998 ) ) ;
#998 = STYLED_ITEM ( 'NONE', ( #999 ), #3262 ) ;
#999 = PRESENTATION_STYLE_ASSIGNMENT (( #1000 ) ) ;
#1000 = SURFACE_STYLE_USAGE ( .BOTH. , #1001 ) ;
#1001 = SURFACE_SIDE_STYLE ('',( #1002 ) ) ;
#1002 = SURFACE_STYLE_FILL_AREA ( #1003 ) ;
#1003 = FILL_AREA_STYLE ('',( #1009 ) ) ;
#1004 = COLOUR_RGB ( '',0.7529411764705882200, 0.7529411764705882200, 0.7529411764705882200 ) ;
#1005 = FACE_OUTER_BOUND ( 'NONE', #3259, .T. ) ;
#1006 = DIRECTION ( 'NONE',  ( -0.4472135954999565400, -3.122877655099998800E-015, 0.8944271909999165200 ) ) ;
#1007 = VECTOR ( 'NONE', #1006, 1000.000000000000100 ) ;
#1008 = CARTESIAN_POINT ( 'NONE',  ( 8.088897274573444200, -3.999999999999943600, -5.877794549146829100 ) ) ;
#1009 = FILL_AREA_STYLE_COLOUR ( '', #1004 ) ;
#1010 = DIRECTION ( 'NONE',  ( -1.000000000000000000, 9.860761315262647600E-032, 2.465190328815661900E-032 ) ) ;
#1011 = DIRECTION ( 'NONE',  ( -2.465190328815661900E-032, 1.483603526480291100E-031, -1.000000000000000000 ) ) ;
#1012 = CARTESIAN_POINT ( 'NONE',  ( -9.099999999999990800, -7.999999999999996400, -19.99999999999998900 ) ) ;
#1013 = AXIS2_PLACEMENT_3D ( 'NONE', #1012, #1011, #1010 ) ;
#1014 = LINE ( 'NONE', #1008, #1007 ) ;
#1015 = PLANE ( 'NONE',  #1013 ) ;
#1016 =( GEOMETRIC_REPRESENTATION_CONTEXT ( 3 ) GLOBAL_UNCERTAINTY_ASSIGNED_CONTEXT ( ( #1025 ) ) GLOBAL_UNIT_ASSIGNED_CONTEXT ( ( #1028, #1027, #1026 ) ) REPRESENTATION_CONTEXT ( 'NONE', 'WORKASPACE' ) );
#1017 =( GEOMETRIC_REPRESENTATION_CONTEXT ( 3 ) GLOBAL_UNCERTAINTY_ASSIGNED_CONTEXT ( ( #1040 ) ) GLOBAL_UNIT_ASSIGNED_CONTEXT ( ( #926, #1057, #901 ) ) REPRESENTATION_CONTEXT ( 'NONE', 'WORKASPACE' ) );
#1018 = CARTESIAN_POINT ( 'NONE',  ( 11.24999999999999600, 9.600000000000017400, -13.21272266173450300 ) ) ;
#1019 = DIRECTION ( 'NONE',  ( 2.465190328815662400E-032, 1.483603526480291300E-031, -1.000000000000000000 ) ) ;
#1020 = VECTOR ( 'NONE', #1019, 1000.000000000000000 ) ;
#1021 = CARTESIAN_POINT ( 'NONE',  ( 11.24999999999999600, 9.600000000000019200, -13.39999999999999500 ) ) ;
#1022 = LINE ( 'NONE', #1021, #1020 ) ;
#1023 = PLANE ( 'NONE',  #982 ) ;
#1024 =( GEOMETRIC_REPRESENTATION_CONTEXT ( 3 ) GLOBAL_UNCERTAINTY_ASSIGNED_CONTEXT ( ( #919 ) ) GLOBAL_UNIT_ASSIGNED_CONTEXT ( ( #925, #924, #920 ) ) REPRESENTATION_CONTEXT ( 'NONE', 'WORKASPACE' ) );
#1025 = UNCERTAINTY_MEASURE_WITH_UNIT (LENGTH_MEASURE( 1.000000000000000100E-005 ), #1028, 'distance_accuracy_value', 'NONE');
#1026 =( NAMED_UNIT ( * ) SI_UNIT ( $, .STERADIAN. ) SOLID_ANGLE_UNIT ( ) );
#1027 =( NAMED_UNIT ( * ) PLANE_ANGLE_UNIT ( ) SI_UNIT ( $, .RADIAN. ) );
#1028 =( LENGTH_UNIT ( ) NAMED_UNIT ( * ) SI_UNIT ( .MILLI., .METRE. ) );
#1029 = MECHANICAL_DESIGN_GEOMETRIC_PRESENTATION_REPRESENTATION (  '', ( #1031 ), #1016 ) ;
#1030 = PRESENTATION_LAYER_ASSIGNMENT (  '', '', ( #1031 ) ) ;
#1031 = STYLED_ITEM ( 'NONE', ( #1032 ), #3258 ) ;
#1032 = PRESENTATION_STYLE_ASSIGNMENT (( #1033 ) ) ;
#1033 = SURFACE_STYLE_USAGE ( .BOTH. , #1034 ) ;
#1034 = SURFACE_SIDE_STYLE ('',( #1035 ) ) ;
#1035 = SURFACE_STYLE_FILL_AREA ( #1036 ) ;
#1036 = FILL_AREA_STYLE ('',( #1065 ) ) ;
#1037 = COLOUR_RGB ( '',0.2509803921568627400, 0.2509803921568627400, 0.2509803921568627400 ) ;
#1038 = FACE_OUTER_BOUND ( 'NONE', #3288, .T. ) ;
#1039 = FACE_BOUND ( 'NONE', #3154, .T. ) ;
#1040 = UNCERTAINTY_MEASURE_WITH_UNIT (LENGTH_MEASURE( 1.000000000000000100E-005 ), #926, 'distance_accuracy_value', 'NONE');
#1041 = LINE ( 'NONE', #1292, #1265 ) ;
#1042 = CARTESIAN_POINT ( 'NONE',  ( 8.100000000000047600, -5.399999999999941700, -26.49999999999998600 ) ) ;
#1043 = DIRECTION ( 'NONE',  ( -1.068920550270719200E-030, 1.495451272393801800E-016, -1.000000000000000000 ) ) ;
#1044 = VECTOR ( 'NONE', #1043, 1000.000000000000000 ) ;
#1045 = CARTESIAN_POINT ( 'NONE',  ( 8.100000000000047600, -5.399999999999941700, -20.69999999999998900 ) ) ;
#1046 = LINE ( 'NONE', #1045, #1044 ) ;
#1047 = DIRECTION ( 'NONE',  ( -2.465190328815480400E-032, -2.613027716722784600E-031, 1.000000000000000000 ) ) ;
#1048 = VECTOR ( 'NONE', #1047, 1000.000000000000000 ) ;
#1049 = CARTESIAN_POINT ( 'NONE',  ( 8.100000000000040500, -6.499999999999942300, -16.69999999999999200 ) ) ;
#1050 = LINE ( 'NONE', #1049, #1048 ) ;
#1051 = DIRECTION ( 'NONE',  ( -6.982966722218767300E-015, 1.000000000000000000, -2.859546749604347300E-031 ) ) ;
#1052 = VECTOR ( 'NONE', #1051, 1000.000000000000000 ) ;
#1053 = CARTESIAN_POINT ( 'NONE',  ( 6.100000000000001400, -0.8499999999999610100, -5.900000000000009200 ) ) ;
#1054 =( GEOMETRIC_REPRESENTATION_CONTEXT ( 3 ) GLOBAL_UNCERTAINTY_ASSIGNED_CONTEXT ( ( #1055 ) ) GLOBAL_UNIT_ASSIGNED_CONTEXT ( ( #935, #934, #1056 ) ) REPRESENTATION_CONTEXT ( 'NONE', 'WORKASPACE' ) );
#1055 = UNCERTAINTY_MEASURE_WITH_UNIT (LENGTH_MEASURE( 1.000000000000000100E-005 ), #935, 'distance_accuracy_value', 'NONE');
#1056 =( NAMED_UNIT ( * ) SI_UNIT ( $, .STERADIAN. ) SOLID_ANGLE_UNIT ( ) );
#1057 =( NAMED_UNIT ( * ) PLANE_ANGLE_UNIT ( ) SI_UNIT ( $, .RADIAN. ) );
#1058 = MECHANICAL_DESIGN_GEOMETRIC_PRESENTATION_REPRESENTATION (  '', ( #1060 ), #1024 ) ;
#1059 = PRESENTATION_LAYER_ASSIGNMENT (  '', '', ( #1060 ) ) ;
#1060 = STYLED_ITEM ( 'NONE', ( #1061 ), #3213 ) ;
#1061 = PRESENTATION_STYLE_ASSIGNMENT (( #1062 ) ) ;
#1062 = SURFACE_STYLE_USAGE ( .BOTH. , #1063 ) ;
#1063 = SURFACE_SIDE_STYLE ('',( #1064 ) ) ;
#1064 = SURFACE_STYLE_FILL_AREA ( #986 ) ;
#1065 = FILL_AREA_STYLE_COLOUR ( '', #1037 ) ;
#1066 = CARTESIAN_POINT ( 'NONE',  ( 6.900000000000003000, -6.499999999999999100, -19.99999999999999300 ) ) ;
#1067 = DIRECTION ( 'NONE',  ( -9.860761315262649800E-032, 1.000000000000000000, -1.483603526480291300E-031 ) ) ;
#1068 = VECTOR ( 'NONE', #1067, 1000.000000000000000 ) ;
#1069 = CARTESIAN_POINT ( 'NONE',  ( 6.900000000000003000, 0.5000000000000004400, -19.99999999999999300 ) ) ;
#1070 = DIRECTION ( 'NONE',  ( -1.000000000000000000, 9.860761315262647600E-032, 2.465190328815661900E-032 ) ) ;
#1071 = DIRECTION ( 'NONE',  ( -2.465190328815661900E-032, 1.483603526480291100E-031, -1.000000000000000000 ) ) ;
#1072 = CARTESIAN_POINT ( 'NONE',  ( 9.100000000000003200, -7.999999999999996400, -19.99999999999999300 ) ) ;
#1073 = AXIS2_PLACEMENT_3D ( 'NONE', #1072, #1071, #1070 ) ;
#1074 = LINE ( 'NONE', #1069, #1068 ) ;
#1075 = PLANE ( 'NONE',  #1073 ) ;
#1076 = DIRECTION ( 'NONE',  ( -3.491483361109404900E-015, 0.5000000000000031100, 0.8660254037844369300 ) ) ;
#1077 = DIRECTION ( 'NONE',  ( 6.047426575222792800E-015, -0.8660254037844369300, 0.5000000000000031100 ) ) ;
#1078 = CARTESIAN_POINT ( 'NONE',  ( 8.100000000000036900, -3.999999999999943600, -5.872243186433534500 ) ) ;
#1079 = AXIS2_PLACEMENT_3D ( 'NONE', #1078, #1077, #1076 ) ;
#1080 = CARTESIAN_POINT ( 'NONE',  ( 7.350000000000018300, -3.149999999999952400, -4.400000000000001200 ) ) ;
#1081 = PLANE ( 'NONE',  #1079 ) ;
#1082 =( GEOMETRIC_REPRESENTATION_CONTEXT ( 3 ) GLOBAL_UNCERTAINTY_ASSIGNED_CONTEXT ( ( #992 ) ) GLOBAL_UNIT_ASSIGNED_CONTEXT ( ( #995, #994, #993 ) ) REPRESENTATION_CONTEXT ( 'NONE', 'WORKASPACE' ) );
#1083 = VECTOR ( 'NONE', #991, 1000.000000000000000 ) ;
#1084 = CARTESIAN_POINT ( 'NONE',  ( 8.100000000000024500, -1.999999999999938500, -5.900000000000011000 ) ) ;
#1085 = LINE ( 'NONE', #1084, #1083 ) ;
#1086 = CARTESIAN_POINT ( 'NONE',  ( 0.2999999999999821100, 2.768658261439922400, -25.29099999999999000 ) ) ;
#1087 = LINE ( 'NONE', #1086, #973 ) ;
#1088 = DIRECTION ( 'NONE',  ( 1.000000000000000000, 6.982966722218762600E-015, -2.465190328815661900E-032 ) ) ;
#1089 = VECTOR ( 'NONE', #1088, 1000.000000000000000 ) ;
#1090 = CARTESIAN_POINT ( 'NONE',  ( 0.2999999999999801700, 4.064011452847434000, -24.28089086419906900 ) ) ;
#1091 = LINE ( 'NONE', #1090, #1089 ) ;
#1092 = DIRECTION ( 'NONE',  ( 9.860761315262649800E-032, -1.000000000000000000, 1.483603526480291300E-031 ) ) ;
#1093 = VECTOR ( 'NONE', #1092, 1000.000000000000000 ) ;
#1094 = CARTESIAN_POINT ( 'NONE',  ( -5.899999999999995900, 0.5000000000000004400, -19.99999999999999300 ) ) ;
#1095 = LINE ( 'NONE', #1094, #1093 ) ;
#1096 = CARTESIAN_POINT ( 'NONE',  ( -5.899999999999995900, -6.499999999999999100, -19.99999999999998900 ) ) ;
#1097 = DIRECTION ( 'NONE',  ( 2.465190328815662400E-032, 1.483603526480291100E-031, -1.000000000000000000 ) ) ;
#1098 = DIRECTION ( 'NONE',  ( 9.860761315262649800E-032, -1.000000000000000000, -1.483603526480291100E-031 ) ) ;
#1099 = CARTESIAN_POINT ( 'NONE',  ( 9.100000000000003200, 1.999999999999998200, -19.99999999999999600 ) ) ;
#1100 = AXIS2_PLACEMENT_3D ( 'NONE', #1099, #1098, #1097 ) ;
#1101 = PLANE ( 'NONE',  #1100 ) ;
#1102 =( GEOMETRIC_REPRESENTATION_CONTEXT ( 3 ) GLOBAL_UNCERTAINTY_ASSIGNED_CONTEXT ( ( #1103 ) ) GLOBAL_UNIT_ASSIGNED_CONTEXT ( ( #903, #902, #1104 ) ) REPRESENTATION_CONTEXT ( 'NONE', 'WORKASPACE' ) );
#1103 = UNCERTAINTY_MEASURE_WITH_UNIT (LENGTH_MEASURE( 1.000000000000000100E-005 ), #903, 'distance_accuracy_value', 'NONE');
#1104 =( NAMED_UNIT ( * ) SI_UNIT ( $, .STERADIAN. ) SOLID_ANGLE_UNIT ( ) );
#1105 =( NAMED_UNIT ( * ) PLANE_ANGLE_UNIT ( ) SI_UNIT ( $, .RADIAN. ) );
#1106 =( LENGTH_UNIT ( ) NAMED_UNIT ( * ) SI_UNIT ( .MILLI., .METRE. ) );
#1107 = MECHANICAL_DESIGN_GEOMETRIC_PRESENTATION_REPRESENTATION (  '', ( #1109 ), #1210 ) ;
#1108 = PRESENTATION_LAYER_ASSIGNMENT (  '', '', ( #1109 ) ) ;
#1109 = STYLED_ITEM ( 'NONE', ( #1110 ), #3297 ) ;
#1110 = PRESENTATION_STYLE_ASSIGNMENT (( #1111 ) ) ;
#1111 = SURFACE_STYLE_USAGE ( .BOTH. , #1112 ) ;
#1112 = SURFACE_SIDE_STYLE ('',( #1113 ) ) ;
#1113 = SURFACE_STYLE_FILL_AREA ( #1120 ) ;
#1114 = COLOUR_RGB ( '',0.7529411764705882200, 0.7529411764705882200, 0.7529411764705882200 ) ;
#1115 = FACE_OUTER_BOUND ( 'NONE', #3298, .T. ) ;
#1116 = DIRECTION ( 'NONE',  ( -2.602085213965190500E-015, 1.000000000000000000, -1.535961454586926400E-031 ) ) ;
#1117 = DIRECTION ( 'NONE',  ( 1.000000000000000000, 2.602085213965190500E-015, -2.333630729197928100E-061 ) ) ;
#1118 = CARTESIAN_POINT ( 'NONE',  ( 11.24999999999999600, 9.600000000000019200, -13.39999999999999500 ) ) ;
#1119 = AXIS2_PLACEMENT_3D ( 'NONE', #1118, #1117, #1116 ) ;
#1120 = FILL_AREA_STYLE ('',( #1121 ) ) ;
#1121 = FILL_AREA_STYLE_COLOUR ( '', #1114 ) ;
#1122 = PLANE ( 'NONE',  #1119 ) ;
#1123 =( GEOMETRIC_REPRESENTATION_CONTEXT ( 3 ) GLOBAL_UNCERTAINTY_ASSIGNED_CONTEXT ( ( #1124 ) ) GLOBAL_UNIT_ASSIGNED_CONTEXT ( ( #1127, #1126, #1125 ) ) REPRESENTATION_CONTEXT ( 'NONE', 'WORKASPACE' ) );
#1124 = UNCERTAINTY_MEASURE_WITH_UNIT (LENGTH_MEASURE( 1.000000000000000100E-005 ), #1127, 'distance_accuracy_value', 'NONE');
#1125 =( NAMED_UNIT ( * ) SI_UNIT ( $, .STERADIAN. ) SOLID_ANGLE_UNIT ( ) );
#1126 =( NAMED_UNIT ( * ) PLANE_ANGLE_UNIT ( ) SI_UNIT ( $, .RADIAN. ) );
#1127 =( LENGTH_UNIT ( ) NAMED_UNIT ( * ) SI_UNIT ( .MILLI., .METRE. ) );
#1128 = MECHANICAL_DESIGN_GEOMETRIC_PRESENTATION_REPRESENTATION (  '', ( #1130 ), #1123 ) ;
#1129 = PRESENTATION_LAYER_ASSIGNMENT (  '', '', ( #1130 ) ) ;
#1130 = STYLED_ITEM ( 'NONE', ( #1131 ), #3294 ) ;
#1131 = PRESENTATION_STYLE_ASSIGNMENT (( #1161 ) ) ;
#1132 = FILL_AREA_STYLE_COLOUR ( '', #1137 ) ;
#1133 = DIRECTION ( 'NONE',  ( 4.441713044927732800E-015, -0.6360782202777596200, 0.7716245833877235500 ) ) ;
#1134 = DIRECTION ( 'NONE',  ( 5.388228787842391900E-015, -0.7716245833877235500, -0.6360782202777596200 ) ) ;
#1135 = CARTESIAN_POINT ( 'NONE',  ( 0.2999999999999821100, 2.768658261439922400, -25.29099999999999000 ) ) ;
#1136 = AXIS2_PLACEMENT_3D ( 'NONE', #1135, #1134, #1133 ) ;
#1137 = COLOUR_RGB ( '',0.7529411764705882200, 0.7529411764705882200, 0.7529411764705882200 ) ;
#1138 = FACE_OUTER_BOUND ( 'NONE', #3124, .T. ) ;
#1139 = PLANE ( 'NONE',  #1136 ) ;
#1140 =( GEOMETRIC_REPRESENTATION_CONTEXT ( 3 ) GLOBAL_UNCERTAINTY_ASSIGNED_CONTEXT ( ( #1141 ) ) GLOBAL_UNIT_ASSIGNED_CONTEXT ( ( #1144, #1143, #1142 ) ) REPRESENTATION_CONTEXT ( 'NONE', 'WORKASPACE' ) );
#1141 = UNCERTAINTY_MEASURE_WITH_UNIT (LENGTH_MEASURE( 1.000000000000000100E-005 ), #1144, 'distance_accuracy_value', 'NONE');
#1142 =( NAMED_UNIT ( * ) SI_UNIT ( $, .STERADIAN. ) SOLID_ANGLE_UNIT ( ) );
#1143 =( NAMED_UNIT ( * ) PLANE_ANGLE_UNIT ( ) SI_UNIT ( $, .RADIAN. ) );
#1144 =( LENGTH_UNIT ( ) NAMED_UNIT ( * ) SI_UNIT ( .MILLI., .METRE. ) );
#1145 = MECHANICAL_DESIGN_GEOMETRIC_PRESENTATION_REPRESENTATION (  '', ( #1147 ), #1140 ) ;
#1146 = PRESENTATION_LAYER_ASSIGNMENT (  '', '', ( #1147 ) ) ;
#1147 = STYLED_ITEM ( 'NONE', ( #1148 ), #3285 ) ;
#1148 = PRESENTATION_STYLE_ASSIGNMENT (( #1149 ) ) ;
#1149 = SURFACE_STYLE_USAGE ( .BOTH. , #1150 ) ;
#1150 = SURFACE_SIDE_STYLE ('',( #1151 ) ) ;
#1151 = SURFACE_STYLE_FILL_AREA ( #1152 ) ;
#1152 = FILL_AREA_STYLE ('',( #1159 ) ) ;
#1153 = COLOUR_RGB ( '',0.7529411764705882200, 0.7529411764705882200, 0.7529411764705882200 ) ;
#1154 = DIRECTION ( 'NONE',  ( 2.465190328815566100E-032, 1.380432552314951000E-031, -1.000000000000000000 ) ) ;
#1155 = DIRECTION ( 'NONE',  ( -1.000000000000000000, -6.982966722218762600E-015, -2.465190328815662400E-032 ) ) ;
#1156 = CARTESIAN_POINT ( 'NONE',  ( 0.2999999999999806200, 3.000000000000000000, -28.89999999999999100 ) ) ;
#1157 = AXIS2_PLACEMENT_3D ( 'NONE', #1156, #1155, #1154 ) ;
#1158 = FACE_OUTER_BOUND ( 'NONE', #3015, .T. ) ;
#1159 = FILL_AREA_STYLE_COLOUR ( '', #1153 ) ;
#1160 = PLANE ( 'NONE',  #1157 ) ;
#1161 = SURFACE_STYLE_USAGE ( .BOTH. , #1162 ) ;
#1162 = SURFACE_SIDE_STYLE ('',( #1163 ) ) ;
#1163 = SURFACE_STYLE_FILL_AREA ( #1164 ) ;
#1164 = FILL_AREA_STYLE ('',( #1171 ) ) ;
#1165 = COLOUR_RGB ( '',0.2509803921568627400, 0.2509803921568627400, 0.2509803921568627400 ) ;
#1166 = FACE_OUTER_BOUND ( 'NONE', #3295, .T. ) ;
#1167 = DIRECTION ( 'NONE',  ( 1.000000000000000000, -9.860761315262647600E-032, -2.465190328815661900E-032 ) ) ;
#1168 = VECTOR ( 'NONE', #1167, 1000.000000000000000 ) ;
#1169 = CARTESIAN_POINT ( 'NONE',  ( -7.100000000000002300, 0.4999999999999970000, -19.99999999999999300 ) ) ;
#1170 = LINE ( 'NONE', #1169, #1168 ) ;
#1171 = FILL_AREA_STYLE_COLOUR ( '', #1165 ) ;
#1172 = DIRECTION ( 'NONE',  ( 0.0000000000000000000, 0.0000000000000000000, 1.000000000000000000 ) ) ;
#1173 = DIRECTION ( 'NONE',  ( 1.000000000000000000, 6.982966722218762600E-015, -2.465190328815661900E-032 ) ) ;
#1174 = AXIS2_PLACEMENT_3D ( 'NONE', #1176, #1173, #1172 ) ;
#1175 = CYLINDRICAL_SURFACE ( 'NONE', #1174, 1.350000000000000500 ) ;
#1176 = CARTESIAN_POINT ( 'NONE',  ( 0.2999999999999806200, 3.000000000000000000, -23.44999999999999200 ) ) ;
#1177 =( GEOMETRIC_REPRESENTATION_CONTEXT ( 3 ) GLOBAL_UNCERTAINTY_ASSIGNED_CONTEXT ( ( #1178 ) ) GLOBAL_UNIT_ASSIGNED_CONTEXT ( ( #1181, #1180, #1179 ) ) REPRESENTATION_CONTEXT ( 'NONE', 'WORKASPACE' ) );
#1178 = UNCERTAINTY_MEASURE_WITH_UNIT (LENGTH_MEASURE( 1.000000000000000100E-005 ), #1181, 'distance_accuracy_value', 'NONE');
#1179 =( NAMED_UNIT ( * ) SI_UNIT ( $, .STERADIAN. ) SOLID_ANGLE_UNIT ( ) );
#1180 =( NAMED_UNIT ( * ) PLANE_ANGLE_UNIT ( ) SI_UNIT ( $, .RADIAN. ) );
#1181 =( LENGTH_UNIT ( ) NAMED_UNIT ( * ) SI_UNIT ( .MILLI., .METRE. ) );
#1182 = MECHANICAL_DESIGN_GEOMETRIC_PRESENTATION_REPRESENTATION (  '', ( #1184 ), #1177 ) ;
#1183 = PRESENTATION_LAYER_ASSIGNMENT (  '', '', ( #1184 ) ) ;
#1184 = STYLED_ITEM ( 'NONE', ( #1185 ), #3286 ) ;
#1185 = PRESENTATION_STYLE_ASSIGNMENT (( #1186 ) ) ;
#1186 = SURFACE_STYLE_USAGE ( .BOTH. , #1187 ) ;
#1187 = SURFACE_SIDE_STYLE ('',( #1188 ) ) ;
#1188 = SURFACE_STYLE_FILL_AREA ( #1189 ) ;
#1189 = FILL_AREA_STYLE ('',( #1132 ) ) ;
#1190 =( GEOMETRIC_REPRESENTATION_CONTEXT ( 3 ) GLOBAL_UNCERTAINTY_ASSIGNED_CONTEXT ( ( #1191 ) ) GLOBAL_UNIT_ASSIGNED_CONTEXT ( ( #1194, #1193, #1192 ) ) REPRESENTATION_CONTEXT ( 'NONE', 'WORKASPACE' ) );
#1191 = UNCERTAINTY_MEASURE_WITH_UNIT (LENGTH_MEASURE( 1.000000000000000100E-005 ), #1194, 'distance_accuracy_value', 'NONE');
#1192 =( NAMED_UNIT ( * ) SI_UNIT ( $, .STERADIAN. ) SOLID_ANGLE_UNIT ( ) );
#1193 =( NAMED_UNIT ( * ) PLANE_ANGLE_UNIT ( ) SI_UNIT ( $, .RADIAN. ) );
#1194 =( LENGTH_UNIT ( ) NAMED_UNIT ( * ) SI_UNIT ( .MILLI., .METRE. ) );
#1195 = MECHANICAL_DESIGN_GEOMETRIC_PRESENTATION_REPRESENTATION (  '', ( #1197 ), #1190 ) ;
#1196 = PRESENTATION_LAYER_ASSIGNMENT (  '', '', ( #1197 ) ) ;
#1197 = STYLED_ITEM ( 'NONE', ( #1198 ), #3283 ) ;
#1198 = PRESENTATION_STYLE_ASSIGNMENT (( #1199 ) ) ;
#1199 = SURFACE_STYLE_USAGE ( .BOTH. , #1200 ) ;
#1200 = SURFACE_SIDE_STYLE ('',( #1201 ) ) ;
#1201 = SURFACE_STYLE_FILL_AREA ( #1202 ) ;
#1202 = FILL_AREA_STYLE ('',( #1203 ) ) ;
#1203 = FILL_AREA_STYLE_COLOUR ( '', #1204 ) ;
#1204 = COLOUR_RGB ( '',0.7529411764705882200, 0.7529411764705882200, 0.7529411764705882200 ) ;
#1205 = FACE_OUTER_BOUND ( 'NONE', #2975, .T. ) ;
#1206 = FACE_BOUND ( 'NONE', #3282, .T. ) ;
#1207 = PLANE ( 'NONE',  #1245 ) ;
#1208 = LINE ( 'NONE', #1242, #1241 ) ;
#1209 = CARTESIAN_POINT ( 'NONE',  ( 0.4999999999999961100, 1.600000000000002800, -27.49999999999998900 ) ) ;
#1210 =( GEOMETRIC_REPRESENTATION_CONTEXT ( 3 ) GLOBAL_UNCERTAINTY_ASSIGNED_CONTEXT ( ( #1211 ) ) GLOBAL_UNIT_ASSIGNED_CONTEXT ( ( #1106, #1105, #1212 ) ) REPRESENTATION_CONTEXT ( 'NONE', 'WORKASPACE' ) );
#1211 = UNCERTAINTY_MEASURE_WITH_UNIT (LENGTH_MEASURE( 1.000000000000000100E-005 ), #1106, 'distance_accuracy_value', 'NONE');
#1212 =( NAMED_UNIT ( * ) SI_UNIT ( $, .STERADIAN. ) SOLID_ANGLE_UNIT ( ) );
#1213 = FILL_AREA_STYLE ('',( #1220 ) ) ;
#1214 = COLOUR_RGB ( '',0.7529411764705882200, 0.7529411764705882200, 0.7529411764705882200 ) ;
#1215 = FACE_OUTER_BOUND ( 'NONE', #3317, .T. ) ;
#1216 = DIRECTION ( 'NONE',  ( 6.982966722218767300E-015, -1.000000000000000000, 2.859546749604347300E-031 ) ) ;
#1217 = VECTOR ( 'NONE', #1216, 1000.000000000000000 ) ;
#1218 = CARTESIAN_POINT ( 'NONE',  ( -6.099999999999971200, -4.400000000000046500, -27.49999999999998600 ) ) ;
#1219 = LINE ( 'NONE', #1218, #1217 ) ;
#1220 = FILL_AREA_STYLE_COLOUR ( '', #1214 ) ;
#1221 = DIRECTION ( 'NONE',  ( 0.0000000000000000000, 0.0000000000000000000, 1.000000000000000000 ) ) ;
#1222 = DIRECTION ( 'NONE',  ( 1.000000000000000000, 6.982966722218761000E-015, -4.930380657631323800E-032 ) ) ;
#1223 = CARTESIAN_POINT ( 'NONE',  ( -6.699999999999983300, -3.000000000000048800, -23.44999999999999200 ) ) ;
#1224 = AXIS2_PLACEMENT_3D ( 'NONE', #1223, #1222, #1221 ) ;
#1225 = CIRCLE ( 'NONE', #1224, 1.350000000000000500 ) ;
#1226 = DIRECTION ( 'NONE',  ( 0.0000000000000000000, 0.0000000000000000000, 1.000000000000000000 ) ) ;
#1227 = DIRECTION ( 'NONE',  ( 1.000000000000000000, 6.982966722218762600E-015, -2.465190328815661900E-032 ) ) ;
#1228 = CARTESIAN_POINT ( 'NONE',  ( 0.2999999999999806200, 3.000145636456238700, -25.10017653391666300 ) ) ;
#1229 = AXIS2_PLACEMENT_3D ( 'NONE', #1228, #1227, #1226 ) ;
#1230 = CIRCLE ( 'NONE', #1229, 0.2999999999999981600 ) ;
#1231 = DIRECTION ( 'NONE',  ( 0.1400280084027962500, 0.7001400420140050400, -0.7001400420140058100 ) ) ;
#1232 = VECTOR ( 'NONE', #1231, 1000.000000000000100 ) ;
#1233 = CARTESIAN_POINT ( 'NONE',  ( 0.3000000000000042600, 0.6000000000000039700, -26.49999999999998900 ) ) ;
#1234 = LINE ( 'NONE', #1233, #1232 ) ;
#1235 = DIRECTION ( 'NONE',  ( -4.441713044927732800E-015, 0.6360782202777595100, 0.7716245833877236600 ) ) ;
#1236 = VECTOR ( 'NONE', #1235, 1000.000000000000100 ) ;
#1237 = CARTESIAN_POINT ( 'NONE',  ( 0.2999999999999858300, 3.238844711622747200, -25.28189816585587800 ) ) ;
#1238 = LINE ( 'NONE', #1237, #1236 ) ;
#1239 = CARTESIAN_POINT ( 'NONE',  ( 0.2999999999999858300, 3.238844711622747200, -25.28189816585587800 ) ) ;
#1240 = DIRECTION ( 'NONE',  ( -7.585495819487648000E-031, 1.121588454295350500E-016, -1.000000000000000000 ) ) ;
#1241 = VECTOR ( 'NONE', #1240, 1000.000000000000000 ) ;
#1242 = CARTESIAN_POINT ( 'NONE',  ( 0.3000000000000042600, 0.6000000000000005300, -20.69999999999998900 ) ) ;
#1243 = DIRECTION ( 'NONE',  ( -0.1961161351381840200, -1.369472445360097000E-015, 0.9805806756909202200 ) ) ;
#1244 = DIRECTION ( 'NONE',  ( 0.9805806756909202200, 6.847362226800483200E-015, 0.1961161351381840200 ) ) ;
#1245 = AXIS2_PLACEMENT_3D ( 'NONE', #1209, #1244, #1243 ) ;
#1246 = UNCERTAINTY_MEASURE_WITH_UNIT (LENGTH_MEASURE( 1.000000000000000100E-005 ), #1628, 'distance_accuracy_value', 'NONE');
#1247 = DIRECTION ( 'NONE',  ( 0.1400280084027962200, 0.7001400420140052600, -0.7001400420140055900 ) ) ;
#1248 = VECTOR ( 'NONE', #1247, 1000.000000000000100 ) ;
#1249 = CARTESIAN_POINT ( 'NONE',  ( -6.699999999999953100, -5.400000000000045700, -26.49999999999998600 ) ) ;
#1250 = DIRECTION ( 'NONE',  ( 1.068920550270719000E-030, -1.495451272393801800E-016, 1.000000000000000000 ) ) ;
#1251 = DIRECTION ( 'NONE',  ( 6.982966722218767300E-015, -1.000000000000000000, -1.495451272393801800E-016 ) ) ;
#1252 = CARTESIAN_POINT ( 'NONE',  ( -6.699999999999967300, -5.400000000000049200, -20.69999999999998900 ) ) ;
#1253 = AXIS2_PLACEMENT_3D ( 'NONE', #1252, #1251, #1250 ) ;
#1254 = LINE ( 'NONE', #1249, #1248 ) ;
#1255 = PLANE ( 'NONE',  #1253 ) ;
#1256 =( GEOMETRIC_REPRESENTATION_CONTEXT ( 3 ) GLOBAL_UNCERTAINTY_ASSIGNED_CONTEXT ( ( #1257 ) ) GLOBAL_UNIT_ASSIGNED_CONTEXT ( ( #1267, #1266, #1258 ) ) REPRESENTATION_CONTEXT ( 'NONE', 'WORKASPACE' ) );
#1257 = UNCERTAINTY_MEASURE_WITH_UNIT (LENGTH_MEASURE( 1.000000000000000100E-005 ), #1267, 'distance_accuracy_value', 'NONE');
#1258 =( NAMED_UNIT ( * ) SI_UNIT ( $, .STERADIAN. ) SOLID_ANGLE_UNIT ( ) );
#1259 = CARTESIAN_POINT ( 'NONE',  ( 8.100000000000040500, -3.231341738560023400, -25.29099999999998600 ) ) ;
#1260 = DIRECTION ( 'NONE',  ( -4.441713044927736800E-015, 0.6360782202777600600, -0.7716245833877231100 ) ) ;
#1261 = VECTOR ( 'NONE', #1260, 1000.000000000000100 ) ;
#1262 = CARTESIAN_POINT ( 'NONE',  ( 8.100000000000040500, -3.231341738560023400, -25.29099999999998600 ) ) ;
#1263 = LINE ( 'NONE', #1262, #1261 ) ;
#1264 = DIRECTION ( 'NONE',  ( -6.982966722218767300E-015, 1.000000000000000000, -2.859546749604347300E-031 ) ) ;
#1265 = VECTOR ( 'NONE', #1264, 1000.000000000000000 ) ;
#1266 =( NAMED_UNIT ( * ) PLANE_ANGLE_UNIT ( ) SI_UNIT ( $, .RADIAN. ) );
#1267 =( LENGTH_UNIT ( ) NAMED_UNIT ( * ) SI_UNIT ( .MILLI., .METRE. ) );
#1268 = MECHANICAL_DESIGN_GEOMETRIC_PRESENTATION_REPRESENTATION (  '', ( #1270 ), #1256 ) ;
#1269 = PRESENTATION_LAYER_ASSIGNMENT (  '', '', ( #1270 ) ) ;
#1270 = STYLED_ITEM ( 'NONE', ( #1271 ), #3325 ) ;
#1271 = PRESENTATION_STYLE_ASSIGNMENT (( #1272 ) ) ;
#1272 = SURFACE_STYLE_USAGE ( .BOTH. , #1273 ) ;
#1273 = SURFACE_SIDE_STYLE ('',( #1274 ) ) ;
#1274 = SURFACE_STYLE_FILL_AREA ( #1275 ) ;
#1275 = FILL_AREA_STYLE ('',( #1281 ) ) ;
#1276 = COLOUR_RGB ( '',0.7529411764705882200, 0.7529411764705882200, 0.7529411764705882200 ) ;
#1277 = FACE_OUTER_BOUND ( 'NONE', #3326, .T. ) ;
#1278 = DIRECTION ( 'NONE',  ( 0.1400280084028036600, -0.7001400420140034800, 0.7001400420140057000 ) ) ;
#1279 = VECTOR ( 'NONE', #1278, 1000.000000000000100 ) ;
#1280 = CARTESIAN_POINT ( 'NONE',  ( -5.915686274509763400, -5.321568627451022800, -26.57843137254900500 ) ) ;
#1281 = FILL_AREA_STYLE_COLOUR ( '', #1276 ) ;
#1282 = DIRECTION ( 'NONE',  ( -2.465190328815480400E-032, -2.613027716722784600E-031, 1.000000000000000000 ) ) ;
#1283 = DIRECTION ( 'NONE',  ( 6.982966722218767300E-015, -1.000000000000000000, -2.613027716722782900E-031 ) ) ;
#1284 = CARTESIAN_POINT ( 'NONE',  ( -5.899999999999998600, 0.4999999999999562000, -20.69999999999998900 ) ) ;
#1285 = AXIS2_PLACEMENT_3D ( 'NONE', #1284, #1283, #1282 ) ;
#1286 = LINE ( 'NONE', #1280, #1279 ) ;
#1287 = PLANE ( 'NONE',  #1285 ) ;
#1288 =( GEOMETRIC_REPRESENTATION_CONTEXT ( 3 ) GLOBAL_UNCERTAINTY_ASSIGNED_CONTEXT ( ( #1289 ) ) GLOBAL_UNIT_ASSIGNED_CONTEXT ( ( #1293, #1291, #1290 ) ) REPRESENTATION_CONTEXT ( 'NONE', 'WORKASPACE' ) );
#1289 = UNCERTAINTY_MEASURE_WITH_UNIT (LENGTH_MEASURE( 1.000000000000000100E-005 ), #1293, 'distance_accuracy_value', 'NONE');
#1290 =( NAMED_UNIT ( * ) SI_UNIT ( $, .STERADIAN. ) SOLID_ANGLE_UNIT ( ) );
#1291 =( NAMED_UNIT ( * ) PLANE_ANGLE_UNIT ( ) SI_UNIT ( $, .RADIAN. ) );
#1292 = CARTESIAN_POINT ( 'NONE',  ( 8.100000000000010300, -1.999999999999938500, -26.49999999999996800 ) ) ;
#1293 =( LENGTH_UNIT ( ) NAMED_UNIT ( * ) SI_UNIT ( .MILLI., .METRE. ) );
#1294 = MECHANICAL_DESIGN_GEOMETRIC_PRESENTATION_REPRESENTATION (  '', ( #1296 ), #1288 ) ;
#1295 = PRESENTATION_LAYER_ASSIGNMENT (  '', '', ( #1296 ) ) ;
#1296 = STYLED_ITEM ( 'NONE', ( #1297 ), #3320 ) ;
#1297 = PRESENTATION_STYLE_ASSIGNMENT (( #1298 ) ) ;
#1298 = SURFACE_STYLE_USAGE ( .BOTH. , #1299 ) ;
#1299 = SURFACE_SIDE_STYLE ('',( #1300 ) ) ;
#1300 = SURFACE_STYLE_FILL_AREA ( #1307 ) ;
#1301 = COLOUR_RGB ( '',0.7529411764705882200, 0.7529411764705882200, 0.7529411764705882200 ) ;
#1302 = FACE_OUTER_BOUND ( 'NONE', #3321, .T. ) ;
#1303 = DIRECTION ( 'NONE',  ( 4.937703122080884100E-015, -0.7071067811865468000, 0.7071067811865481300 ) ) ;
#1304 = DIRECTION ( 'NONE',  ( 4.937703122080893600E-015, -0.7071067811865482400, -0.7071067811865469100 ) ) ;
#1305 = CARTESIAN_POINT ( 'NONE',  ( -6.699999999999953100, -5.400000000000045700, -26.49999999999998600 ) ) ;
#1306 = AXIS2_PLACEMENT_3D ( 'NONE', #1305, #1304, #1303 ) ;
#1307 = FILL_AREA_STYLE ('',( #1308 ) ) ;
#1308 = FILL_AREA_STYLE_COLOUR ( '', #1301 ) ;
#1309 = PLANE ( 'NONE',  #1306 ) ;
#1310 =( GEOMETRIC_REPRESENTATION_CONTEXT ( 3 ) GLOBAL_UNCERTAINTY_ASSIGNED_CONTEXT ( ( #1311 ) ) GLOBAL_UNIT_ASSIGNED_CONTEXT ( ( #1314, #1313, #1312 ) ) REPRESENTATION_CONTEXT ( 'NONE', 'WORKASPACE' ) );
#1311 = UNCERTAINTY_MEASURE_WITH_UNIT (LENGTH_MEASURE( 1.000000000000000100E-005 ), #1314, 'distance_accuracy_value', 'NONE');
#1312 =( NAMED_UNIT ( * ) SI_UNIT ( $, .STERADIAN. ) SOLID_ANGLE_UNIT ( ) );
#1313 =( NAMED_UNIT ( * ) PLANE_ANGLE_UNIT ( ) SI_UNIT ( $, .RADIAN. ) );
#1314 =( LENGTH_UNIT ( ) NAMED_UNIT ( * ) SI_UNIT ( .MILLI., .METRE. ) );
#1315 = MECHANICAL_DESIGN_GEOMETRIC_PRESENTATION_REPRESENTATION (  '', ( #1317 ), #1310 ) ;
#1316 = PRESENTATION_LAYER_ASSIGNMENT (  '', '', ( #1317 ) ) ;
#1317 = STYLED_ITEM ( 'NONE', ( #1318 ), #3316 ) ;
#1318 = PRESENTATION_STYLE_ASSIGNMENT (( #1319 ) ) ;
#1319 = SURFACE_STYLE_USAGE ( .BOTH. , #1320 ) ;
#1320 = SURFACE_SIDE_STYLE ('',( #1321 ) ) ;
#1321 = SURFACE_STYLE_FILL_AREA ( #1213 ) ;
#1322 = STYLED_ITEM ( 'NONE', ( #1323 ), #2959 ) ;
#1323 = PRESENTATION_STYLE_ASSIGNMENT (( #1324 ) ) ;
#1324 = SURFACE_STYLE_USAGE ( .BOTH. , #1325 ) ;
#1325 = SURFACE_SIDE_STYLE ('',( #1326 ) ) ;
#1326 = SURFACE_STYLE_FILL_AREA ( #1327 ) ;
#1327 = FILL_AREA_STYLE ('',( #1329 ) ) ;
#1328 = COLOUR_RGB ( '',0.7529411764705882200, 0.7529411764705882200, 0.7529411764705882200 ) ;
#1329 = FILL_AREA_STYLE_COLOUR ( '', #1328 ) ;
#1330 = FACE_OUTER_BOUND ( 'NONE', #2960, .T. ) ;
#1331 = CARTESIAN_POINT ( 'NONE',  ( 1.086121593216741800, 4.000000000000006200, -2.872243186433531800 ) ) ;
#1332 = DIRECTION ( 'NONE',  ( 1.000000000000000000, 6.982966722218762600E-015, -2.465190328815661900E-032 ) ) ;
#1333 = VECTOR ( 'NONE', #1332, 1000.000000000000000 ) ;
#1334 = CARTESIAN_POINT ( 'NONE',  ( -0.09999999999998562800, -0.4999999999999991700, -20.69999999999998900 ) ) ;
#1335 = DIRECTION ( 'NONE',  ( -2.465190328815566100E-032, -1.380432552314951000E-031, 1.000000000000000000 ) ) ;
#1336 = DIRECTION ( 'NONE',  ( 6.982966722218765700E-015, -1.000000000000000000, -1.380432552314949300E-031 ) ) ;
#1337 = CARTESIAN_POINT ( 'NONE',  ( 1.100000000000013900, -0.4999999999999943900, -20.69999999999998900 ) ) ;
#1338 = AXIS2_PLACEMENT_3D ( 'NONE', #1337, #1336, #1335 ) ;
#1339 = LINE ( 'NONE', #1334, #1333 ) ;
#1340 = PLANE ( 'NONE',  #1338 ) ;
#1341 =( GEOMETRIC_REPRESENTATION_CONTEXT ( 3 ) GLOBAL_UNCERTAINTY_ASSIGNED_CONTEXT ( ( #1342 ) ) GLOBAL_UNIT_ASSIGNED_CONTEXT ( ( #1345, #1344, #1343 ) ) REPRESENTATION_CONTEXT ( 'NONE', 'WORKASPACE' ) );
#1342 = UNCERTAINTY_MEASURE_WITH_UNIT (LENGTH_MEASURE( 1.000000000000000100E-005 ), #1345, 'distance_accuracy_value', 'NONE');
#1343 =( NAMED_UNIT ( * ) SI_UNIT ( $, .STERADIAN. ) SOLID_ANGLE_UNIT ( ) );
#1344 =( NAMED_UNIT ( * ) PLANE_ANGLE_UNIT ( ) SI_UNIT ( $, .RADIAN. ) );
#1345 =( LENGTH_UNIT ( ) NAMED_UNIT ( * ) SI_UNIT ( .MILLI., .METRE. ) );
#1346 = MECHANICAL_DESIGN_GEOMETRIC_PRESENTATION_REPRESENTATION (  '', ( #1348 ), #1341 ) ;
#1347 = PRESENTATION_LAYER_ASSIGNMENT (  '', '', ( #1348 ) ) ;
#1348 = STYLED_ITEM ( 'NONE', ( #1349 ), #2950 ) ;
#1349 = PRESENTATION_STYLE_ASSIGNMENT (( #1425 ) ) ;
#1350 = MECHANICAL_DESIGN_GEOMETRIC_PRESENTATION_REPRESENTATION (  '', ( #1352 ), #1418 ) ;
#1351 = PRESENTATION_LAYER_ASSIGNMENT (  '', '', ( #1352 ) ) ;
#1352 = STYLED_ITEM ( 'NONE', ( #1353 ), #2928 ) ;
#1353 = PRESENTATION_STYLE_ASSIGNMENT (( #1354 ) ) ;
#1354 = SURFACE_STYLE_USAGE ( .BOTH. , #1355 ) ;
#1355 = SURFACE_SIDE_STYLE ('',( #1356 ) ) ;
#1356 = SURFACE_STYLE_FILL_AREA ( #1357 ) ;
#1357 = FILL_AREA_STYLE ('',( #1365 ) ) ;
#1358 = COLOUR_RGB ( '',0.7529411764705882200, 0.7529411764705882200, 0.7529411764705882200 ) ;
#1359 = FACE_OUTER_BOUND ( 'NONE', #2929, .T. ) ;
#1360 = CARTESIAN_POINT ( 'NONE',  ( -0.8861215932167851900, 3.999999999999992500, -2.872243186433531800 ) ) ;
#1361 = DIRECTION ( 'NONE',  ( 4.937703122080881700E-015, -0.7071067811865465700, 0.7071067811865485700 ) ) ;
#1362 = DIRECTION ( 'NONE',  ( 4.937703122080895100E-015, -0.7071067811865485700, -0.7071067811865465700 ) ) ;
#1363 = CARTESIAN_POINT ( 'NONE',  ( 0.3000000000000042600, 0.6000000000000039700, -26.49999999999998900 ) ) ;
#1364 = AXIS2_PLACEMENT_3D ( 'NONE', #1363, #1362, #1361 ) ;
#1365 = FILL_AREA_STYLE_COLOUR ( '', #1358 ) ;
#1366 = PLANE ( 'NONE',  #1364 ) ;
#1367 =( GEOMETRIC_REPRESENTATION_CONTEXT ( 3 ) GLOBAL_UNCERTAINTY_ASSIGNED_CONTEXT ( ( #1368 ) ) GLOBAL_UNIT_ASSIGNED_CONTEXT ( ( #1380, #1370, #1369 ) ) REPRESENTATION_CONTEXT ( 'NONE', 'WORKASPACE' ) );
#1368 = UNCERTAINTY_MEASURE_WITH_UNIT (LENGTH_MEASURE( 1.000000000000000100E-005 ), #1380, 'distance_accuracy_value', 'NONE');
#1369 =( NAMED_UNIT ( * ) SI_UNIT ( $, .STERADIAN. ) SOLID_ANGLE_UNIT ( ) );
#1370 =( NAMED_UNIT ( * ) PLANE_ANGLE_UNIT ( ) SI_UNIT ( $, .RADIAN. ) );
#1371 = LINE ( 'NONE', #1394, #1393 ) ;
#1372 = FACE_OUTER_BOUND ( 'NONE', #2924, .T. ) ;
#1373 = DIRECTION ( 'NONE',  ( -6.982966722218765700E-015, 1.000000000000000000, -1.380432552314949100E-031 ) ) ;
#1374 = FILL_AREA_STYLE_COLOUR ( '', #1375 ) ;
#1375 = COLOUR_RGB ( '',0.7529411764705882200, 0.7529411764705882200, 0.7529411764705882200 ) ;
#1376 = DIRECTION ( 'NONE',  ( 6.982966722218765700E-015, -1.000000000000000000, 1.380432552314949100E-031 ) ) ;
#1377 = VECTOR ( 'NONE', #1376, 1000.000000000000000 ) ;
#1378 = CARTESIAN_POINT ( 'NONE',  ( 0.8999999999999936900, 1.600000000000005400, -27.49999999999998900 ) ) ;
#1379 = LINE ( 'NONE', #1378, #1377 ) ;
#1380 =( LENGTH_UNIT ( ) NAMED_UNIT ( * ) SI_UNIT ( .MILLI., .METRE. ) );
#1381 = MECHANICAL_DESIGN_GEOMETRIC_PRESENTATION_REPRESENTATION (  '', ( #1383 ), #1367 ) ;
#1382 = PRESENTATION_LAYER_ASSIGNMENT (  '', '', ( #1383 ) ) ;
#1383 = STYLED_ITEM ( 'NONE', ( #1384 ), #2923 ) ;
#1384 = PRESENTATION_STYLE_ASSIGNMENT (( #1385 ) ) ;
#1385 = SURFACE_STYLE_USAGE ( .BOTH. , #1386 ) ;
#1386 = SURFACE_SIDE_STYLE ('',( #1387 ) ) ;
#1387 = SURFACE_STYLE_FILL_AREA ( #1388 ) ;
#1388 = FILL_AREA_STYLE ('',( #1374 ) ) ;
#1389 = VECTOR ( 'NONE', #1373, 1000.000000000000000 ) ;
#1390 = CARTESIAN_POINT ( 'NONE',  ( 0.4999999999999961100, 1.600000000000002800, -27.49999999999998900 ) ) ;
#1391 = LINE ( 'NONE', #1390, #1389 ) ;
#1392 = DIRECTION ( 'NONE',  ( -0.3973597071195079700, -0.4588314677411292100, -0.7947194142390255900 ) ) ;
#1393 = VECTOR ( 'NONE', #1392, 1000.000000000000100 ) ;
#1394 = CARTESIAN_POINT ( 'NONE',  ( -0.5725234469193775100, 0.3621119483643209200, -2.245046893838767300 ) ) ;
#1395 =( NAMED_UNIT ( * ) SI_UNIT ( $, .STERADIAN. ) SOLID_ANGLE_UNIT ( ) );
#1396 =( NAMED_UNIT ( * ) PLANE_ANGLE_UNIT ( ) SI_UNIT ( $, .RADIAN. ) );
#1397 =( LENGTH_UNIT ( ) NAMED_UNIT ( * ) SI_UNIT ( .MILLI., .METRE. ) );
#1398 = MECHANICAL_DESIGN_GEOMETRIC_PRESENTATION_REPRESENTATION (  '', ( #1322 ), #329 ) ;
#1399 = PRESENTATION_LAYER_ASSIGNMENT (  '', '', ( #1322 ) ) ;
#1400 = DIRECTION ( 'NONE',  ( -1.000000000000000000, -6.982966722218762600E-015, 2.465190328815661900E-032 ) ) ;
#1401 = VECTOR ( 'NONE', #1400, 1000.000000000000000 ) ;
#1402 = CARTESIAN_POINT ( 'NONE',  ( 1.099999999999975900, 4.000000000000006200, -2.872243186433531800 ) ) ;
#1403 = LINE ( 'NONE', #1402, #1401 ) ;
#1404 = DIRECTION ( 'NONE',  ( -2.465190328815566100E-032, -1.380432552314950800E-031, 1.000000000000000000 ) ) ;
#1405 = VECTOR ( 'NONE', #1404, 1000.000000000000000 ) ;
#1406 = CARTESIAN_POINT ( 'NONE',  ( 1.099999999999965400, 6.500000000000005300, -16.69999999999999200 ) ) ;
#1407 = LINE ( 'NONE', #1406, #1405 ) ;
#1408 = CARTESIAN_POINT ( 'NONE',  ( 1.099999999999958300, 6.500000000000005300, -20.69999999999998900 ) ) ;
#1409 = DIRECTION ( 'NONE',  ( -6.982966722218765700E-015, 1.000000000000000000, -1.380432552314949100E-031 ) ) ;
#1410 = VECTOR ( 'NONE', #1409, 1000.000000000000000 ) ;
#1411 = CARTESIAN_POINT ( 'NONE',  ( 1.100000000000013900, -0.4999999999999943900, -20.69999999999998900 ) ) ;
#1412 = DIRECTION ( 'NONE',  ( -2.465190328815566100E-032, -1.380432552314951000E-031, 1.000000000000000000 ) ) ;
#1413 = DIRECTION ( 'NONE',  ( 6.982966722218765700E-015, -1.000000000000000000, -1.380432552314949300E-031 ) ) ;
#1414 = CARTESIAN_POINT ( 'NONE',  ( 1.099999999999958300, 6.500000000000005300, -20.69999999999998900 ) ) ;
#1415 = AXIS2_PLACEMENT_3D ( 'NONE', #1414, #1413, #1412 ) ;
#1416 = LINE ( 'NONE', #1411, #1410 ) ;
#1417 = PLANE ( 'NONE',  #1415 ) ;
#1418 =( GEOMETRIC_REPRESENTATION_CONTEXT ( 3 ) GLOBAL_UNCERTAINTY_ASSIGNED_CONTEXT ( ( #1419 ) ) GLOBAL_UNIT_ASSIGNED_CONTEXT ( ( #1422, #1421, #1420 ) ) REPRESENTATION_CONTEXT ( 'NONE', 'WORKASPACE' ) );
#1419 = UNCERTAINTY_MEASURE_WITH_UNIT (LENGTH_MEASURE( 1.000000000000000100E-005 ), #1422, 'distance_accuracy_value', 'NONE');
#1420 =( NAMED_UNIT ( * ) SI_UNIT ( $, .STERADIAN. ) SOLID_ANGLE_UNIT ( ) );
#1421 =( NAMED_UNIT ( * ) PLANE_ANGLE_UNIT ( ) SI_UNIT ( $, .RADIAN. ) );
#1422 =( LENGTH_UNIT ( ) NAMED_UNIT ( * ) SI_UNIT ( .MILLI., .METRE. ) );
#1423 = COLOUR_RGB ( '',0.7529411764705882200, 0.7529411764705882200, 0.7529411764705882200 ) ;
#1424 = FACE_OUTER_BOUND ( 'NONE', #3072, .T. ) ;
#1425 = SURFACE_STYLE_USAGE ( .BOTH. , #1426 ) ;
#1426 = SURFACE_SIDE_STYLE ('',( #1427 ) ) ;
#1427 = SURFACE_STYLE_FILL_AREA ( #1428 ) ;
#1428 = FILL_AREA_STYLE ('',( #1433 ) ) ;
#1429 = DIRECTION ( 'NONE',  ( -6.982966722218765700E-015, 1.000000000000000000, -1.380432552314949100E-031 ) ) ;
#1430 = VECTOR ( 'NONE', #1429, 1000.000000000000000 ) ;
#1431 = CARTESIAN_POINT ( 'NONE',  ( -0.09999999999998562800, -0.4999999999999991700, -20.69999999999998900 ) ) ;
#1432 = LINE ( 'NONE', #1431, #1430 ) ;
#1433 = FILL_AREA_STYLE_COLOUR ( '', #1423 ) ;
#1434 = DIRECTION ( 'NONE',  ( -0.1400280084027935300, -0.7001400420140071500, -0.7001400420140041500 ) ) ;
#1435 = VECTOR ( 'NONE', #1434, 1000.000000000000100 ) ;
#1436 = CARTESIAN_POINT ( 'NONE',  ( 0.8882352941176245900, 4.341176470588238500, -27.55882352941175400 ) ) ;
#1437 = LINE ( 'NONE', #1436, #1435 ) ;
#1438 = DIRECTION ( 'NONE',  ( 1.000000000000000000, 6.982966722218762600E-015, -2.465190328815661900E-032 ) ) ;
#1439 = VECTOR ( 'NONE', #1438, 1000.000000000000000 ) ;
#1440 = CARTESIAN_POINT ( 'NONE',  ( 0.2999999999999708500, 5.399999999999998600, -26.49999999999999300 ) ) ;
#1441 = LINE ( 'NONE', #1440, #1439 ) ;
#1442 = CARTESIAN_POINT ( 'NONE',  ( 0.2999999999999708500, 5.399999999999998600, -26.49999999999999300 ) ) ;
#1443 = DIRECTION ( 'NONE',  ( -0.1400280084028056600, 0.7001400420140049300, 0.7001400420140039300 ) ) ;
#1444 = VECTOR ( 'NONE', #1443, 1000.000000000000200 ) ;
#1445 = CARTESIAN_POINT ( 'NONE',  ( 0.4960784313725217200, 4.419607843137255200, -27.48039215686273800 ) ) ;
#1446 = LINE ( 'NONE', #1445, #1444 ) ;
#1447 = LINE ( 'NONE', #1530, #1529 ) ;
#1448 = AXIS2_PLACEMENT_3D ( 'NONE', #1449, #1562, #1561 ) ;
#1449 = CARTESIAN_POINT ( 'NONE',  ( -6.699999999999983300, -2.999854363543810200, -25.10017653391665600 ) ) ;
#1450 = UNCERTAINTY_MEASURE_WITH_UNIT (LENGTH_MEASURE( 1.000000000000000100E-005 ), #1470, 'distance_accuracy_value', 'NONE');
#1451 =( NAMED_UNIT ( * ) SI_UNIT ( $, .STERADIAN. ) SOLID_ANGLE_UNIT ( ) );
#1452 =( LENGTH_UNIT ( ) NAMED_UNIT ( * ) SI_UNIT ( .MILLI., .METRE. ) );
#1453 = MECHANICAL_DESIGN_GEOMETRIC_PRESENTATION_REPRESENTATION (  '', ( #1455 ), #1492 ) ;
#1454 = PRESENTATION_LAYER_ASSIGNMENT (  '', '', ( #1455 ) ) ;
#1455 = STYLED_ITEM ( 'NONE', ( #1456 ), #3352 ) ;
#1456 = PRESENTATION_STYLE_ASSIGNMENT (( #1457 ) ) ;
#1457 = SURFACE_STYLE_USAGE ( .BOTH. , #1458 ) ;
#1458 = SURFACE_SIDE_STYLE ('',( #1459 ) ) ;
#1459 = SURFACE_STYLE_FILL_AREA ( #1460 ) ;
#1460 = FILL_AREA_STYLE ('',( #1461 ) ) ;
#1461 = FILL_AREA_STYLE_COLOUR ( '', #1462 ) ;
#1462 = COLOUR_RGB ( '',0.7529411764705882200, 0.7529411764705882200, 0.7529411764705882200 ) ;
#1463 = FACE_OUTER_BOUND ( 'NONE', #3353, .T. ) ;
#1464 = CARTESIAN_POINT ( 'NONE',  ( -6.699999999999975300, -3.231341738560129100, -25.29099999999998600 ) ) ;
#1465 = DIRECTION ( 'NONE',  ( -4.441713044927736800E-015, 0.6360782202777600600, -0.7716245833877231100 ) ) ;
#1466 = CIRCLE ( 'NONE', #1448, 0.2999999999999981600 ) ;
#1467 = CARTESIAN_POINT ( 'NONE',  ( -6.699999999999983300, -3.000000000000048800, -23.44999999999999200 ) ) ;
#1468 =( GEOMETRIC_REPRESENTATION_CONTEXT ( 3 ) GLOBAL_UNCERTAINTY_ASSIGNED_CONTEXT ( ( #1450 ) ) GLOBAL_UNIT_ASSIGNED_CONTEXT ( ( #1470, #1469, #1451 ) ) REPRESENTATION_CONTEXT ( 'NONE', 'WORKASPACE' ) );
#1469 =( NAMED_UNIT ( * ) PLANE_ANGLE_UNIT ( ) SI_UNIT ( $, .RADIAN. ) );
#1470 =( LENGTH_UNIT ( ) NAMED_UNIT ( * ) SI_UNIT ( .MILLI., .METRE. ) );
#1471 = MECHANICAL_DESIGN_GEOMETRIC_PRESENTATION_REPRESENTATION (  '', ( #1532 ), #1468 ) ;
#1472 = CARTESIAN_POINT ( 'NONE',  ( 8.100000000000040500, -6.499999999999942300, -20.69999999999998900 ) ) ;
#1473 = LINE ( 'NONE', #1472, #1589 ) ;
#1474 = FILL_AREA_STYLE_COLOUR ( '', #1586 ) ;
#1475 = CARTESIAN_POINT ( 'NONE',  ( 8.100000000000006800, 0.5000000000000568400, -20.69999999999998900 ) ) ;
#1476 = DIRECTION ( 'NONE',  ( 1.000000000000000000, 6.982966722218761000E-015, -4.930380657631323800E-032 ) ) ;
#1477 = VECTOR ( 'NONE', #1476, 1000.000000000000000 ) ;
#1478 = CARTESIAN_POINT ( 'NONE',  ( 6.900000000000000400, 0.5000000000000416300, -20.69999999999998900 ) ) ;
#1479 = LINE ( 'NONE', #1478, #1477 ) ;
#1480 = CARTESIAN_POINT ( 'NONE',  ( 6.900000000000000400, 0.5000000000000416300, -20.69999999999998900 ) ) ;
#1481 = DIRECTION ( 'NONE',  ( -6.982966722218767300E-015, 1.000000000000000000, -2.859546749604347300E-031 ) ) ;
#1482 = VECTOR ( 'NONE', #1481, 1000.000000000000000 ) ;
#1483 = CARTESIAN_POINT ( 'NONE',  ( 6.900000000000049200, -6.499999999999954700, -20.69999999999998900 ) ) ;
#1484 = LINE ( 'NONE', #1483, #1482 ) ;
#1485 = CARTESIAN_POINT ( 'NONE',  ( 6.900000000000049200, -6.499999999999954700, -20.69999999999998900 ) ) ;
#1486 = CARTESIAN_POINT ( 'NONE',  ( 8.100000000000001400, -0.5999999999999434700, -26.49999999999998900 ) ) ;
#1487 = DIRECTION ( 'NONE',  ( -1.000000000000000000, -6.982966722218761000E-015, 4.930380657631323800E-032 ) ) ;
#1488 = DIRECTION ( 'NONE',  ( 4.930380657631506600E-032, -2.613027716722779400E-031, 1.000000000000000000 ) ) ;
#1489 = CARTESIAN_POINT ( 'NONE',  ( 6.900000000000049200, -6.499999999999954700, -20.69999999999998900 ) ) ;
#1490 = AXIS2_PLACEMENT_3D ( 'NONE', #1489, #1488, #1487 ) ;
#1491 = PLANE ( 'NONE',  #1490 ) ;
#1492 =( GEOMETRIC_REPRESENTATION_CONTEXT ( 3 ) GLOBAL_UNCERTAINTY_ASSIGNED_CONTEXT ( ( #1623 ) ) GLOBAL_UNIT_ASSIGNED_CONTEXT ( ( #1452, #1625, #1624 ) ) REPRESENTATION_CONTEXT ( 'NONE', 'WORKASPACE' ) );
#1493 = VECTOR ( 'NONE', #1465, 1000.000000000000100 ) ;
#1494 = CARTESIAN_POINT ( 'NONE',  ( -6.699999999999975300, -3.231341738560129100, -25.29099999999998600 ) ) ;
#1495 = LINE ( 'NONE', #1494, #1493 ) ;
#1496 = DIRECTION ( 'NONE',  ( 0.0000000000000000000, 0.0000000000000000000, 1.000000000000000000 ) ) ;
#1497 = DIRECTION ( 'NONE',  ( 1.000000000000000000, 6.982966722218761000E-015, -4.930380657631323800E-032 ) ) ;
#1498 = AXIS2_PLACEMENT_3D ( 'NONE', #1467, #1497, #1496 ) ;
#1499 = CYLINDRICAL_SURFACE ( 'NONE', #1498, 1.350000000000000500 ) ;
#1500 = UNCERTAINTY_MEASURE_WITH_UNIT (LENGTH_MEASURE( 1.000000000000000100E-005 ), #1503, 'distance_accuracy_value', 'NONE');
#1501 =( NAMED_UNIT ( * ) SI_UNIT ( $, .STERADIAN. ) SOLID_ANGLE_UNIT ( ) );
#1502 =( NAMED_UNIT ( * ) PLANE_ANGLE_UNIT ( ) SI_UNIT ( $, .RADIAN. ) );
#1503 =( LENGTH_UNIT ( ) NAMED_UNIT ( * ) SI_UNIT ( .MILLI., .METRE. ) );
#1504 = MECHANICAL_DESIGN_GEOMETRIC_PRESENTATION_REPRESENTATION (  '', ( #1506 ), #1618 ) ;
#1505 = PRESENTATION_LAYER_ASSIGNMENT (  '', '', ( #1506 ) ) ;
#1506 = STYLED_ITEM ( 'NONE', ( #1507 ), #3390 ) ;
#1507 = PRESENTATION_STYLE_ASSIGNMENT (( #1508 ) ) ;
#1508 = SURFACE_STYLE_USAGE ( .BOTH. , #1509 ) ;
#1509 = SURFACE_SIDE_STYLE ('',( #1510 ) ) ;
#1510 = SURFACE_STYLE_FILL_AREA ( #1511 ) ;
#1511 = FILL_AREA_STYLE ('',( #1518 ) ) ;
#1512 = COLOUR_RGB ( '',0.7529411764705882200, 0.7529411764705882200, 0.7529411764705882200 ) ;
#1513 = FACE_OUTER_BOUND ( 'NONE', #3391, .T. ) ;
#1514 = DIRECTION ( 'NONE',  ( 1.044268646982562200E-030, -1.495451272393801300E-016, 1.000000000000000000 ) ) ;
#1515 = VECTOR ( 'NONE', #1514, 1000.000000000000000 ) ;
#1516 = CARTESIAN_POINT ( 'NONE',  ( 8.100000000000008500, -0.5999999999999434700, -20.69999999999998900 ) ) ;
#1517 = LINE ( 'NONE', #1516, #1515 ) ;
#1518 = FILL_AREA_STYLE_COLOUR ( '', #1512 ) ;
#1519 = DIRECTION ( 'NONE',  ( 1.000000000000000000, 6.982966722218761000E-015, -4.930380657631323800E-032 ) ) ;
#1520 = VECTOR ( 'NONE', #1519, 1000.000000000000000 ) ;
#1521 = CARTESIAN_POINT ( 'NONE',  ( 6.900000000000049200, -6.499999999999954700, -20.69999999999998900 ) ) ;
#1522 = LINE ( 'NONE', #1521, #1520 ) ;
#1523 = CARTESIAN_POINT ( 'NONE',  ( 8.100000000000040500, -6.499999999999942300, -20.69999999999998900 ) ) ;
#1524 = DIRECTION ( 'NONE',  ( -6.982966722218767300E-015, 1.000000000000000000, -2.859546749604347300E-031 ) ) ;
#1525 = VECTOR ( 'NONE', #1524, 1000.000000000000000 ) ;
#1526 = CARTESIAN_POINT ( 'NONE',  ( 8.100000000000040500, -6.499999999999942300, -20.69999999999998900 ) ) ;
#1527 = LINE ( 'NONE', #1526, #1525 ) ;
#1528 = DIRECTION ( 'NONE',  ( -4.441713044927736800E-015, 0.6360782202777600600, 0.7716245833877232200 ) ) ;
#1529 = VECTOR ( 'NONE', #1528, 1000.000000000000000 ) ;
#1530 = CARTESIAN_POINT ( 'NONE',  ( -6.699999999999985100, -2.761155288377296700, -25.28189816585586800 ) ) ;
#1531 = PRESENTATION_LAYER_ASSIGNMENT (  '', '', ( #1532 ) ) ;
#1532 = STYLED_ITEM ( 'NONE', ( #1533 ), #3343 ) ;
#1533 = PRESENTATION_STYLE_ASSIGNMENT (( #1534 ) ) ;
#1534 = SURFACE_STYLE_USAGE ( .BOTH. , #1535 ) ;
#1535 = SURFACE_SIDE_STYLE ('',( #1536 ) ) ;
#1536 = SURFACE_STYLE_FILL_AREA ( #1537 ) ;
#1537 = FILL_AREA_STYLE ('',( #1622 ) ) ;
#1538 = COLOUR_RGB ( '',0.7529411764705882200, 0.7529411764705882200, 0.7529411764705882200 ) ;
#1539 = FACE_OUTER_BOUND ( 'NONE', #3344, .T. ) ;
#1540 = DIRECTION ( 'NONE',  ( 6.982966722218767300E-015, -1.000000000000000000, 2.859546749604347300E-031 ) ) ;
#1541 =( GEOMETRIC_REPRESENTATION_CONTEXT ( 3 ) GLOBAL_UNCERTAINTY_ASSIGNED_CONTEXT ( ( #1542 ) ) GLOBAL_UNIT_ASSIGNED_CONTEXT ( ( #1545, #1544, #1543 ) ) REPRESENTATION_CONTEXT ( 'NONE', 'WORKASPACE' ) );
#1542 = UNCERTAINTY_MEASURE_WITH_UNIT (LENGTH_MEASURE( 1.000000000000000100E-005 ), #1545, 'distance_accuracy_value', 'NONE');
#1543 =( NAMED_UNIT ( * ) SI_UNIT ( $, .STERADIAN. ) SOLID_ANGLE_UNIT ( ) );
#1544 =( NAMED_UNIT ( * ) PLANE_ANGLE_UNIT ( ) SI_UNIT ( $, .RADIAN. ) );
#1545 =( LENGTH_UNIT ( ) NAMED_UNIT ( * ) SI_UNIT ( .MILLI., .METRE. ) );
#1546 = MECHANICAL_DESIGN_GEOMETRIC_PRESENTATION_REPRESENTATION (  '', ( #1548 ), #1541 ) ;
#1547 = PRESENTATION_LAYER_ASSIGNMENT (  '', '', ( #1548 ) ) ;
#1548 = STYLED_ITEM ( 'NONE', ( #1549 ), #3376 ) ;
#1549 = PRESENTATION_STYLE_ASSIGNMENT (( #1550 ) ) ;
#1550 = SURFACE_STYLE_USAGE ( .BOTH. , #1551 ) ;
#1551 = SURFACE_SIDE_STYLE ('',( #1552 ) ) ;
#1552 = SURFACE_STYLE_FILL_AREA ( #1553 ) ;
#1553 = FILL_AREA_STYLE ('',( #1560 ) ) ;
#1554 = COLOUR_RGB ( '',0.7529411764705882200, 0.7529411764705882200, 0.7529411764705882200 ) ;
#1555 = FACE_OUTER_BOUND ( 'NONE', #3457, .T. ) ;
#1556 = DIRECTION ( 'NONE',  ( 1.000000000000000000, 6.982966722218761000E-015, -4.930380657631323800E-032 ) ) ;
#1557 = VECTOR ( 'NONE', #1556, 1000.000000000000000 ) ;
#1558 = CARTESIAN_POINT ( 'NONE',  ( 7.300000000000014900, -1.935988547152525300, -24.28089086419908700 ) ) ;
#1559 = LINE ( 'NONE', #1558, #1557 ) ;
#1560 = FILL_AREA_STYLE_COLOUR ( '', #1554 ) ;
#1561 = DIRECTION ( 'NONE',  ( 0.0000000000000000000, 0.0000000000000000000, 1.000000000000000000 ) ) ;
#1562 = DIRECTION ( 'NONE',  ( 1.000000000000000000, 6.982966722218761000E-015, -4.930380657631323800E-032 ) ) ;
#1563 = CARTESIAN_POINT ( 'NONE',  ( -7.886121593216728300, -4.000000000000058600, -5.872243186433532700 ) ) ;
#1564 = DIRECTION ( 'NONE',  ( -0.3973597071195079100, -0.4588314677411297100, -0.7947194142390253700 ) ) ;
#1565 = VECTOR ( 'NONE', #1564, 1000.000000000000000 ) ;
#1566 = CARTESIAN_POINT ( 'NONE',  ( -7.572523446919349000, -3.637888051635736400, -5.245046893838772200 ) ) ;
#1567 = DIRECTION ( 'NONE',  ( -3.491483361109404900E-015, 0.5000000000000031100, 0.8660254037844369300 ) ) ;
#1568 = DIRECTION ( 'NONE',  ( 6.047426575222792800E-015, -0.8660254037844369300, 0.5000000000000031100 ) ) ;
#1569 = CARTESIAN_POINT ( 'NONE',  ( -5.899999999999967500, -4.000000000000044400, -5.872243186433534500 ) ) ;
#1570 = AXIS2_PLACEMENT_3D ( 'NONE', #1569, #1568, #1567 ) ;
#1571 = LINE ( 'NONE', #1566, #1565 ) ;
#1572 = PLANE ( 'NONE',  #1570 ) ;
#1573 =( GEOMETRIC_REPRESENTATION_CONTEXT ( 3 ) GLOBAL_UNCERTAINTY_ASSIGNED_CONTEXT ( ( #1574 ) ) GLOBAL_UNIT_ASSIGNED_CONTEXT ( ( #1577, #1576, #1575 ) ) REPRESENTATION_CONTEXT ( 'NONE', 'WORKASPACE' ) );
#1574 = UNCERTAINTY_MEASURE_WITH_UNIT (LENGTH_MEASURE( 1.000000000000000100E-005 ), #1577, 'distance_accuracy_value', 'NONE');
#1575 =( NAMED_UNIT ( * ) SI_UNIT ( $, .STERADIAN. ) SOLID_ANGLE_UNIT ( ) );
#1576 =( NAMED_UNIT ( * ) PLANE_ANGLE_UNIT ( ) SI_UNIT ( $, .RADIAN. ) );
#1577 =( LENGTH_UNIT ( ) NAMED_UNIT ( * ) SI_UNIT ( .MILLI., .METRE. ) );
#1578 = MECHANICAL_DESIGN_GEOMETRIC_PRESENTATION_REPRESENTATION (  '', ( #1580 ), #1573 ) ;
#1579 = PRESENTATION_LAYER_ASSIGNMENT (  '', '', ( #1580 ) ) ;
#1580 = STYLED_ITEM ( 'NONE', ( #1581 ), #3366 ) ;
#1581 = PRESENTATION_STYLE_ASSIGNMENT (( #1582 ) ) ;
#1582 = SURFACE_STYLE_USAGE ( .BOTH. , #1583 ) ;
#1583 = SURFACE_SIDE_STYLE ('',( #1584 ) ) ;
#1584 = SURFACE_STYLE_FILL_AREA ( #1585 ) ;
#1585 = FILL_AREA_STYLE ('',( #1474 ) ) ;
#1586 = COLOUR_RGB ( '',0.7529411764705882200, 0.7529411764705882200, 0.7529411764705882200 ) ;
#1587 = FACE_OUTER_BOUND ( 'NONE', #3367, .T. ) ;
#1588 = DIRECTION ( 'NONE',  ( -6.982966722218767300E-015, 1.000000000000000000, -2.859546749604347300E-031 ) ) ;
#1589 = VECTOR ( 'NONE', #1588, 1000.000000000000000 ) ;
#1590 = CARTESIAN_POINT ( 'NONE',  ( 8.100000000000047600, -5.399999999999941700, -20.69999999999998900 ) ) ;
#1591 = DIRECTION ( 'NONE',  ( 1.000000000000000000, 6.982966722218761000E-015, -4.930380657631323800E-032 ) ) ;
#1592 = VECTOR ( 'NONE', #1591, 1000.000000000000000 ) ;
#1593 = CARTESIAN_POINT ( 'NONE',  ( 7.300000000000038900, -5.399999999999948000, -20.69999999999998900 ) ) ;
#1594 = LINE ( 'NONE', #1593, #1592 ) ;
#1595 = CARTESIAN_POINT ( 'NONE',  ( 7.300000000000038900, -5.399999999999948000, -20.69999999999998900 ) ) ;
#1596 = DIRECTION ( 'NONE',  ( 4.441713044927736800E-015, -0.6360782202777600600, -0.7716245833877231100 ) ) ;
#1597 = DIRECTION ( 'NONE',  ( -5.388228787842390300E-015, 0.7716245833877231100, -0.6360782202777600600 ) ) ;
#1598 = CARTESIAN_POINT ( 'NONE',  ( 7.300000000000021100, -2.761155288377196400, -25.28189816585586800 ) ) ;
#1599 = AXIS2_PLACEMENT_3D ( 'NONE', #1598, #1597, #1596 ) ;
#1600 = PLANE ( 'NONE',  #1599 ) ;
#1601 = SURFACE_SIDE_STYLE ('',( #1602 ) ) ;
#1602 = SURFACE_STYLE_FILL_AREA ( #1603 ) ;
#1603 = FILL_AREA_STYLE ('',( #1606 ) ) ;
#1604 = COLOUR_RGB ( '',0.7529411764705882200, 0.7529411764705882200, 0.7529411764705882200 ) ;
#1605 = FACE_OUTER_BOUND ( 'NONE', #3337, .T. ) ;
#1606 = FILL_AREA_STYLE_COLOUR ( '', #1604 ) ;
#1607 = FACE_BOUND ( 'NONE', #3399, .T. ) ;
#1608 = CARTESIAN_POINT ( 'NONE',  ( -6.699999999999985100, -2.761155288377296700, -25.28189816585586800 ) ) ;
#1609 = DIRECTION ( 'NONE',  ( -2.465190328815480400E-032, -2.613027716722784600E-031, 1.000000000000000000 ) ) ;
#1610 = VECTOR ( 'NONE', #1609, 1000.000000000000000 ) ;
#1611 = CARTESIAN_POINT ( 'NONE',  ( 8.099999999999992500, 0.5000000000000534000, -16.69999999999999200 ) ) ;
#1612 = LINE ( 'NONE', #1611, #1610 ) ;
#1613 = DIRECTION ( 'NONE',  ( -0.4472135954999566000, -3.122877655099999600E-015, -0.8944271909999166300 ) ) ;
#1614 = DIRECTION ( 'NONE',  ( -0.8944271909999166300, -6.245755310200020400E-015, 0.4472135954999566000 ) ) ;
#1615 = CARTESIAN_POINT ( 'NONE',  ( 6.100000000000022700, -1.999999999999959400, -5.900000000000009200 ) ) ;
#1616 = AXIS2_PLACEMENT_3D ( 'NONE', #1615, #1614, #1613 ) ;
#1617 = PLANE ( 'NONE',  #1616 ) ;
#1618 =( GEOMETRIC_REPRESENTATION_CONTEXT ( 3 ) GLOBAL_UNCERTAINTY_ASSIGNED_CONTEXT ( ( #1500 ) ) GLOBAL_UNIT_ASSIGNED_CONTEXT ( ( #1503, #1502, #1501 ) ) REPRESENTATION_CONTEXT ( 'NONE', 'WORKASPACE' ) );
#1619 = VECTOR ( 'NONE', #1540, 1000.000000000000000 ) ;
#1620 = CARTESIAN_POINT ( 'NONE',  ( -6.699999999999983300, -3.000000000000052000, -26.49999999999998600 ) ) ;
#1621 = LINE ( 'NONE', #1620, #1619 ) ;
#1622 = FILL_AREA_STYLE_COLOUR ( '', #1538 ) ;
#1623 = UNCERTAINTY_MEASURE_WITH_UNIT (LENGTH_MEASURE( 1.000000000000000100E-005 ), #1452, 'distance_accuracy_value', 'NONE');
#1624 =( NAMED_UNIT ( * ) SI_UNIT ( $, .STERADIAN. ) SOLID_ANGLE_UNIT ( ) );
#1625 =( NAMED_UNIT ( * ) PLANE_ANGLE_UNIT ( ) SI_UNIT ( $, .RADIAN. ) );
#1626 =( NAMED_UNIT ( * ) SI_UNIT ( $, .STERADIAN. ) SOLID_ANGLE_UNIT ( ) );
#1627 =( NAMED_UNIT ( * ) PLANE_ANGLE_UNIT ( ) SI_UNIT ( $, .RADIAN. ) );
#1628 =( LENGTH_UNIT ( ) NAMED_UNIT ( * ) SI_UNIT ( .MILLI., .METRE. ) );
#1629 = MECHANICAL_DESIGN_GEOMETRIC_PRESENTATION_REPRESENTATION (  '', ( #1631 ), #1634 ) ;
#1630 = PRESENTATION_LAYER_ASSIGNMENT (  '', '', ( #1631 ) ) ;
#1631 = STYLED_ITEM ( 'NONE', ( #1632 ), #3398 ) ;
#1632 = PRESENTATION_STYLE_ASSIGNMENT (( #1633 ) ) ;
#1633 = SURFACE_STYLE_USAGE ( .BOTH. , #1601 ) ;
#1634 =( GEOMETRIC_REPRESENTATION_CONTEXT ( 3 ) GLOBAL_UNCERTAINTY_ASSIGNED_CONTEXT ( ( #1246 ) ) GLOBAL_UNIT_ASSIGNED_CONTEXT ( ( #1628, #1627, #1626 ) ) REPRESENTATION_CONTEXT ( 'NONE', 'WORKASPACE' ) );
#1635 = ORIENTED_EDGE ( 'NONE', *, *, #3904, .F. ) ;
#1636 = VERTEX_POINT ( 'NONE', #4916 ) ;
#1637 = EDGE_CURVE ( 'NONE', #1636, #4002, #4852, .T. ) ;
#1638 = ORIENTED_EDGE ( 'NONE', *, *, #1637, .F. ) ;
#1639 = EDGE_CURVE ( 'NONE', #1736, #1712, #4923, .T. ) ;
#1640 = VERTEX_POINT ( 'NONE', #4919 ) ;
#1641 = ORIENTED_EDGE ( 'NONE', *, *, #1639, .T. ) ;
#1642 = ORIENTED_EDGE ( 'NONE', *, *, #1693, .T. ) ;
#1643 = ORIENTED_EDGE ( 'NONE', *, *, #1644, .F. ) ;
#1644 = EDGE_CURVE ( 'NONE', #1645, #1715, #4860, .T. ) ;
#1645 = VERTEX_POINT ( 'NONE', #4856 ) ;
#1646 = VERTEX_POINT ( 'NONE', #4855 ) ;
#1647 = ORIENTED_EDGE ( 'NONE', *, *, #3935, .F. ) ;
#1648 = ORIENTED_EDGE ( 'NONE', *, *, #1649, .T. ) ;
#1649 = EDGE_CURVE ( 'NONE', #1640, #1703, #4846, .T. ) ;
#1650 = EDGE_LOOP ( 'NONE', ( #1647, #1711, #1689, #1690, #1704, #1685 ) ) ;
#1651 = ORIENTED_EDGE ( 'NONE', *, *, #1663, .T. ) ;
#1652 = EDGE_CURVE ( 'NONE', #1677, #1678, #4842, .T. ) ;
#1653 = EDGE_CURVE ( 'NONE', #1662, #1654, #4887, .T. ) ;
#1654 = VERTEX_POINT ( 'NONE', #4873 ) ;
#1655 = ORIENTED_EDGE ( 'NONE', *, *, #1668, .T. ) ;
#1656 = EDGE_CURVE ( 'NONE', #1680, #1679, #4872, .T. ) ;
#1657 = EDGE_CURVE ( 'NONE', #1678, #1662, #4896, .T. ) ;
#1658 = ORIENTED_EDGE ( 'NONE', *, *, #1653, .T. ) ;
#1659 = ORIENTED_EDGE ( 'NONE', *, *, #1656, .T. ) ;
#1660 = VERTEX_POINT ( 'NONE', #4892 ) ;
#1661 = ORIENTED_EDGE ( 'NONE', *, *, #1657, .T. ) ;
#1662 = VERTEX_POINT ( 'NONE', #4891 ) ;
#1663 = EDGE_CURVE ( 'NONE', #1660, #1677, #4949, .T. ) ;
#1664 = ORIENTED_EDGE ( 'NONE', *, *, #1652, .T. ) ;
#1665 = EDGE_CURVE ( 'NONE', #1669, #1666, #4928, .T. ) ;
#1666 = VERTEX_POINT ( 'NONE', #4944 ) ;
#1667 = VERTEX_POINT ( 'NONE', #4927 ) ;
#1668 = EDGE_CURVE ( 'NONE', #1654, #1669, #4930, .T. ) ;
#1669 = VERTEX_POINT ( 'NONE', #4970 ) ;
#1670 = ORIENTED_EDGE ( 'NONE', *, *, #1671, .T. ) ;
#1671 = EDGE_CURVE ( 'NONE', #1666, #1667, #4936, .T. ) ;
#1672 = ORIENTED_EDGE ( 'NONE', *, *, #1673, .T. ) ;
#1673 = EDGE_CURVE ( 'NONE', #1667, #1674, #5005, .T. ) ;
#1674 = VERTEX_POINT ( 'NONE', #4953 ) ;
#1675 = ORIENTED_EDGE ( 'NONE', *, *, #1688, .T. ) ;
#1676 = EDGE_CURVE ( 'NONE', #1679, #1660, #4952, .T. ) ;
#1677 = VERTEX_POINT ( 'NONE', #4981 ) ;
#1678 = VERTEX_POINT ( 'NONE', #4980 ) ;
#1679 = VERTEX_POINT ( 'NONE', #4979 ) ;
#1680 = VERTEX_POINT ( 'NONE', #4942 ) ;
#1681 = ORIENTED_EDGE ( 'NONE', *, *, #1676, .T. ) ;
#1682 = ADVANCED_FACE ( 'NONE', ( #4941 ), #4932, .T. ) ;
#1683 = EDGE_LOOP ( 'NONE', ( #1694, #1713, #1643, #1697, #1699, #1695 ) ) ;
#1684 = ORIENTED_EDGE ( 'NONE', *, *, #1913, .F. ) ;
#1685 = ORIENTED_EDGE ( 'NONE', *, *, #3224, .T. ) ;
#1686 = EDGE_CURVE ( 'NONE', #1646, #3909, #4931, .T. ) ;
#1687 = ORIENTED_EDGE ( 'NONE', *, *, #4028, .F. ) ;
#1688 = EDGE_CURVE ( 'NONE', #1674, #1736, #4993, .T. ) ;
#1689 = ORIENTED_EDGE ( 'NONE', *, *, #4023, .T. ) ;
#1690 = ORIENTED_EDGE ( 'NONE', *, *, #1692, .T. ) ;
#1691 = VERTEX_POINT ( 'NONE', #4989 ) ;
#1692 = EDGE_CURVE ( 'NONE', #3966, #1691, #4988, .T. ) ;
#1693 = EDGE_CURVE ( 'NONE', #1712, #1640, #5018, .T. ) ;
#1694 = ORIENTED_EDGE ( 'NONE', *, *, #3984, .F. ) ;
#1695 = ORIENTED_EDGE ( 'NONE', *, *, #4508, .T. ) ;
#1696 = EDGE_LOOP ( 'NONE', ( #1718, #1635, #1721, #1638, #1684, #1852, #1833, #1739, #1902, #1837, #1839, #1870, #1871, #1784, #1757, #1794, #1797, #1741, #1817, #1793 ) ) ;
#1697 = ORIENTED_EDGE ( 'NONE', *, *, #1698, .F. ) ;
#1698 = EDGE_CURVE ( 'NONE', #3931, #1645, #5014, .T. ) ;
#1699 = ORIENTED_EDGE ( 'NONE', *, *, #3930, .T. ) ;
#1700 = ORIENTED_EDGE ( 'NONE', *, *, #4808, .T. ) ;
#1701 = EDGE_CURVE ( 'NONE', #1646, #3650, #5010, .T. ) ;
#1702 = ADVANCED_FACE ( 'NONE', ( #4968 ), #5001, .F. ) ;
#1703 = VERTEX_POINT ( 'NONE', #4996 ) ;
#1704 = ORIENTED_EDGE ( 'NONE', *, *, #1705, .T. ) ;
#1705 = EDGE_CURVE ( 'NONE', #1691, #3225, #4995, .T. ) ;
#1706 = EDGE_LOOP ( 'NONE', ( #1708, #1709, #1687 ) ) ;
#1707 = ORIENTED_EDGE ( 'NONE', *, *, #1665, .T. ) ;
#1708 = ORIENTED_EDGE ( 'NONE', *, *, #1701, .F. ) ;
#1709 = ORIENTED_EDGE ( 'NONE', *, *, #1686, .T. ) ;
#1710 = ORIENTED_EDGE ( 'NONE', *, *, #1720, .T. ) ;
#1711 = ORIENTED_EDGE ( 'NONE', *, *, #4732, .F. ) ;
#1712 = VERTEX_POINT ( 'NONE', #8929 ) ;
#1713 = ORIENTED_EDGE ( 'NONE', *, *, #1714, .F. ) ;
#1714 = EDGE_CURVE ( 'NONE', #1715, #3982, #8932, .T. ) ;
#1715 = VERTEX_POINT ( 'NONE', #8931 ) ;
#1716 = ADVANCED_FACE ( 'NONE', ( #8936 ), #8956, .T. ) ;
#1717 = ADVANCED_FACE ( 'NONE', ( #8985 ), #8999, .T. ) ;
#1718 = ORIENTED_EDGE ( 'NONE', *, *, #3923, .F. ) ;
#1719 = ORIENTED_EDGE ( 'NONE', *, *, #1701, .T. ) ;
#1720 = EDGE_CURVE ( 'NONE', #1703, #1646, #8996, .T. ) ;
#1721 = ORIENTED_EDGE ( 'NONE', *, *, #3987, .T. ) ;
#1722 = ORIENTED_EDGE ( 'NONE', *, *, #2159, .T. ) ;
#1723 = ORIENTED_EDGE ( 'NONE', *, *, #1891, .F. ) ;
#1724 = EDGE_LOOP ( 'NONE', ( #1725, #1726, #1845, #1846 ) ) ;
#1725 = ORIENTED_EDGE ( 'NONE', *, *, #1783, .F. ) ;
#1726 = ORIENTED_EDGE ( 'NONE', *, *, #1727, .F. ) ;
#1727 = EDGE_CURVE ( 'NONE', #1826, #1851, #8961, .T. ) ;
#1728 = EDGE_LOOP ( 'NONE', ( #1874, #1730, #1732, #1881 ) ) ;
#1729 = ORIENTED_EDGE ( 'NONE', *, *, #1763, .T. ) ;
#1730 = ORIENTED_EDGE ( 'NONE', *, *, #1731, .F. ) ;
#1731 = EDGE_CURVE ( 'NONE', #1823, #1775, #8957, .T. ) ;
#1732 = ORIENTED_EDGE ( 'NONE', *, *, #1822, .T. ) ;
#1733 = EDGE_CURVE ( 'NONE', #1911, #1831, #8979, .T. ) ;
#1734 = ORIENTED_EDGE ( 'NONE', *, *, #1733, .T. ) ;
#1735 = ADVANCED_FACE ( 'NONE', ( #8971 ), #8953, .T. ) ;
#1736 = VERTEX_POINT ( 'NONE', #9001 ) ;
#1737 = EDGE_CURVE ( 'NONE', #1738, #1832, #9006, .T. ) ;
#1738 = VERTEX_POINT ( 'NONE', #9011 ) ;
#1739 = ORIENTED_EDGE ( 'NONE', *, *, #1838, .F. ) ;
#1740 = VERTEX_POINT ( 'NONE', #9005 ) ;
#1741 = ORIENTED_EDGE ( 'NONE', *, *, #1737, .F. ) ;
#1742 = ORIENTED_EDGE ( 'NONE', *, *, #1743, .F. ) ;
#1743 = EDGE_CURVE ( 'NONE', #1865, #1802, #9010, .T. ) ;
#1744 = ORIENTED_EDGE ( 'NONE', *, *, #1894, .F. ) ;
#1745 = ORIENTED_EDGE ( 'NONE', *, *, #1803, .F. ) ;
#1746 = EDGE_CURVE ( 'NONE', #1951, #1918, #9022, .T. ) ;
#1747 = ORIENTED_EDGE ( 'NONE', *, *, #1821, .F. ) ;
#1748 = ORIENTED_EDGE ( 'NONE', *, *, #1749, .F. ) ;
#1749 = EDGE_CURVE ( 'NONE', #1858, #1895, #9018, .T. ) ;
#1750 = EDGE_CURVE ( 'NONE', #1918, #1925, #9014, .T. ) ;
#1751 = ORIENTED_EDGE ( 'NONE', *, *, #1952, .F. ) ;
#1752 = ORIENTED_EDGE ( 'NONE', *, *, #1903, .F. ) ;
#1753 = ORIENTED_EDGE ( 'NONE', *, *, #1754, .F. ) ;
#1754 = EDGE_CURVE ( 'NONE', #1908, #1814, #9680, .T. ) ;
#1755 = VERTEX_POINT ( 'NONE', #9816 ) ;
#1756 = ORIENTED_EDGE ( 'NONE', *, *, #4593, .F. ) ;
#1757 = ORIENTED_EDGE ( 'NONE', *, *, #1890, .F. ) ;
#1758 = VERTEX_POINT ( 'NONE', #9819 ) ;
#1759 = VERTEX_POINT ( 'NONE', #9818 ) ;
#1760 = EDGE_CURVE ( 'NONE', #1800, #1914, #9755, .T. ) ;
#1761 = EDGE_CURVE ( 'NONE', #1773, #1928, #9029, .T. ) ;
#1762 = ORIENTED_EDGE ( 'NONE', *, *, #1763, .F. ) ;
#1763 = EDGE_CURVE ( 'NONE', #1855, #1911, #9077, .T. ) ;
#1764 = ORIENTED_EDGE ( 'NONE', *, *, #1765, .F. ) ;
#1765 = EDGE_CURVE ( 'NONE', #1766, #1855, #9026, .T. ) ;
#1766 = VERTEX_POINT ( 'NONE', #9072 ) ;
#1767 = ORIENTED_EDGE ( 'NONE', *, *, #1822, .F. ) ;
#1768 = ORIENTED_EDGE ( 'NONE', *, *, #4627, .F. ) ;
#1769 = VERTEX_POINT ( 'NONE', #9039 ) ;
#1770 = EDGE_CURVE ( 'NONE', #1775, #1771, #9038, .T. ) ;
#1771 = VERTEX_POINT ( 'NONE', #9051 ) ;
#1772 = ORIENTED_EDGE ( 'NONE', *, *, #1903, .T. ) ;
#1773 = VERTEX_POINT ( 'NONE', #9050 ) ;
#1774 = ORIENTED_EDGE ( 'NONE', *, *, #1779, .T. ) ;
#1775 = VERTEX_POINT ( 'NONE', #9049 ) ;
#1776 = ORIENTED_EDGE ( 'NONE', *, *, #1770, .T. ) ;
#1777 = ORIENTED_EDGE ( 'NONE', *, *, #1778, .T. ) ;
#1778 = EDGE_CURVE ( 'NONE', #1887, #1888, #9058, .T. ) ;
#1779 = EDGE_CURVE ( 'NONE', #4614, #1780, #9054, .T. ) ;
#1780 = VERTEX_POINT ( 'NONE', #9031 ) ;
#1781 = EDGE_CURVE ( 'NONE', #1888, #1851, #9071, .T. ) ;
#1782 = ORIENTED_EDGE ( 'NONE', *, *, #1783, .T. ) ;
#1783 = EDGE_CURVE ( 'NONE', #1851, #1775, #9048, .T. ) ;
#1784 = ORIENTED_EDGE ( 'NONE', *, *, #1931, .F. ) ;
#1785 = EDGE_CURVE ( 'NONE', #1858, #3943, #9044, .T. ) ;
#1786 = ORIENTED_EDGE ( 'NONE', *, *, #1787, .F. ) ;
#1787 = EDGE_CURVE ( 'NONE', #1788, #1858, #9040, .T. ) ;
#1788 = VERTEX_POINT ( 'NONE', #9064 ) ;
#1789 = ORIENTED_EDGE ( 'NONE', *, *, #1790, .F. ) ;
#1790 = EDGE_CURVE ( 'NONE', #1791, #1788, #9062, .T. ) ;
#1791 = VERTEX_POINT ( 'NONE', #9180 ) ;
#1792 = EDGE_CURVE ( 'NONE', #1815, #1831, #9174, .T. ) ;
#1793 = ORIENTED_EDGE ( 'NONE', *, *, #1714, .T. ) ;
#1794 = ORIENTED_EDGE ( 'NONE', *, *, #1795, .F. ) ;
#1795 = EDGE_CURVE ( 'NONE', #1796, #1758, #9158, .T. ) ;
#1796 = VERTEX_POINT ( 'NONE', #9192 ) ;
#1797 = ORIENTED_EDGE ( 'NONE', *, *, #1798, .F. ) ;
#1798 = EDGE_CURVE ( 'NONE', #1832, #1796, #9207, .T. ) ;
#1799 = EDGE_CURVE ( 'NONE', #1889, #1740, #9181, .T. ) ;
#1800 = VERTEX_POINT ( 'NONE', #9220 ) ;
#1801 = EDGE_CURVE ( 'NONE', #1802, #1950, #9173, .T. ) ;
#1802 = VERTEX_POINT ( 'NONE', #9135 ) ;
#1803 = EDGE_CURVE ( 'NONE', #1788, #1769, #9215, .T. ) ;
#1804 = ORIENTED_EDGE ( 'NONE', *, *, #1787, .T. ) ;
#1805 = ORIENTED_EDGE ( 'NONE', *, *, #1749, .T. ) ;
#1806 = ORIENTED_EDGE ( 'NONE', *, *, #1937, .F. ) ;
#1807 = ORIENTED_EDGE ( 'NONE', *, *, #3949, .T. ) ;
#1808 = ADVANCED_FACE ( 'NONE', ( #9130 ), #9216, .T. ) ;
#1809 = EDGE_LOOP ( 'NONE', ( #1744, #1745, #1804, #1805 ) ) ;
#1810 = EDGE_CURVE ( 'NONE', #1976, #2297, #9225, .T. ) ;
#1811 = ORIENTED_EDGE ( 'NONE', *, *, #4048, .T. ) ;
#1812 = ORIENTED_EDGE ( 'NONE', *, *, #1792, .T. ) ;
#1813 = EDGE_CURVE ( 'NONE', #1831, #1814, #9119, .T. ) ;
#1814 = VERTEX_POINT ( 'NONE', #9115 ) ;
#1815 = VERTEX_POINT ( 'NONE', #9191 ) ;
#1816 = ORIENTED_EDGE ( 'NONE', *, *, #1785, .F. ) ;
#1817 = ORIENTED_EDGE ( 'NONE', *, *, #1853, .F. ) ;
#1818 = ORIENTED_EDGE ( 'NONE', *, *, #1899, .F. ) ;
#1819 = ORIENTED_EDGE ( 'NONE', *, *, #1869, .T. ) ;
#1820 = ORIENTED_EDGE ( 'NONE', *, *, #1821, .T. ) ;
#1821 = EDGE_CURVE ( 'NONE', #1895, #3945, #9190, .T. ) ;
#1822 = EDGE_CURVE ( 'NONE', #1823, #1766, #9186, .T. ) ;
#1823 = VERTEX_POINT ( 'NONE', #9182 ) ;
#1824 = ORIENTED_EDGE ( 'NONE', *, *, #1825, .F. ) ;
#1825 = EDGE_CURVE ( 'NONE', #1826, #1823, #9084, .T. ) ;
#1826 = VERTEX_POINT ( 'NONE', #9080 ) ;
#1827 = ORIENTED_EDGE ( 'NONE', *, *, #1813, .T. ) ;
#1828 = ADVANCED_FACE ( 'NONE', ( #9202 ), #9121, .T. ) ;
#1829 = EDGE_LOOP ( 'NONE', ( #1830, #1768, #1896, #1897, #1898, #1904, #1859 ) ) ;
#1830 = ORIENTED_EDGE ( 'NONE', *, *, #4613, .F. ) ;
#1831 = VERTEX_POINT ( 'NONE', #9179 ) ;
#1832 = VERTEX_POINT ( 'NONE', #9175 ) ;
#1833 = ORIENTED_EDGE ( 'NONE', *, *, #1834, .F. ) ;
#1834 = EDGE_CURVE ( 'NONE', #1835, #1800, #9157, .T. ) ;
#1835 = VERTEX_POINT ( 'NONE', #9153 ) ;
#1836 = VERTEX_POINT ( 'NONE', #9152 ) ;
#1837 = ORIENTED_EDGE ( 'NONE', *, *, #1927, .F. ) ;
#1838 = EDGE_CURVE ( 'NONE', #1740, #1835, #9104, .T. ) ;
#1839 = ORIENTED_EDGE ( 'NONE', *, *, #1761, .F. ) ;
#1840 = ORIENTED_EDGE ( 'NONE', *, *, #1754, .T. ) ;
#1841 = ADVANCED_FACE ( 'NONE', ( #9100 ), #9128, .T. ) ;
#1842 = EDGE_LOOP ( 'NONE', ( #1843, #1844, #1849, #1876 ) ) ;
#1843 = ORIENTED_EDGE ( 'NONE', *, *, #1869, .F. ) ;
#1844 = ORIENTED_EDGE ( 'NONE', *, *, #1848, .F. ) ;
#1845 = ORIENTED_EDGE ( 'NONE', *, *, #1825, .T. ) ;
#1846 = ORIENTED_EDGE ( 'NONE', *, *, #1731, .T. ) ;
#1847 = EDGE_CURVE ( 'NONE', #2538, #1889, #9127, .T. ) ;
#1848 = EDGE_CURVE ( 'NONE', #1766, #1771, #9165, .T. ) ;
#1849 = ORIENTED_EDGE ( 'NONE', *, *, #1765, .T. ) ;
#1850 = ORIENTED_EDGE ( 'NONE', *, *, #1781, .T. ) ;
#1851 = VERTEX_POINT ( 'NONE', #9161 ) ;
#1852 = ORIENTED_EDGE ( 'NONE', *, *, #1760, .F. ) ;
#1853 = EDGE_CURVE ( 'NONE', #1715, #1738, #9159, .T. ) ;
#1854 = ADVANCED_FACE ( 'NONE', ( #9148 ), #9244, .T. ) ;
#1855 = VERTEX_POINT ( 'NONE', #9239 ) ;
#1856 = ORIENTED_EDGE ( 'NONE', *, *, #4575, .T. ) ;
#1857 = ORIENTED_EDGE ( 'NONE', *, *, #4045, .F. ) ;
#1858 = VERTEX_POINT ( 'NONE', #9238 ) ;
#1859 = ORIENTED_EDGE ( 'NONE', *, *, #1779, .F. ) ;
#1860 = ADVANCED_FACE ( 'NONE', ( #9237 ), #9254, .F. ) ;
#1861 = EDGE_LOOP ( 'NONE', ( #1818, #1856, #1857, #1816, #1786, #1789, #1906, #1909, #1762, #1764, #1767, #1824, #1934, #1806, #1926, #1932, #1751, #1935, #1742 ) ) ;
#1862 = ORIENTED_EDGE ( 'NONE', *, *, #1863, .T. ) ;
#1863 = EDGE_CURVE ( 'NONE', #1780, #1884, #9311, .T. ) ;
#1864 = EDGE_LOOP ( 'NONE', ( #1756, #1774, #1862, #1872, #1901, #1915, #1885, #1777, #1850, #1782, #1776, #1819, #1812, #1827, #1772, #1866, #1893, #1820, #1811 ) ) ;
#1865 = VERTEX_POINT ( 'NONE', #9301 ) ;
#1866 = ORIENTED_EDGE ( 'NONE', *, *, #1867, .T. ) ;
#1867 = EDGE_CURVE ( 'NONE', #1868, #1769, #9249, .T. ) ;
#1868 = VERTEX_POINT ( 'NONE', #9356 ) ;
#1869 = EDGE_CURVE ( 'NONE', #1771, #1815, #9355, .T. ) ;
#1870 = ORIENTED_EDGE ( 'NONE', *, *, #1929, .F. ) ;
#1871 = ORIENTED_EDGE ( 'NONE', *, *, #1912, .F. ) ;
#1872 = ORIENTED_EDGE ( 'NONE', *, *, #1873, .T. ) ;
#1873 = EDGE_CURVE ( 'NONE', #1884, #1900, #9274, .T. ) ;
#1874 = ORIENTED_EDGE ( 'NONE', *, *, #1770, .F. ) ;
#1875 = ORIENTED_EDGE ( 'NONE', *, *, #1879, .F. ) ;
#1876 = ORIENTED_EDGE ( 'NONE', *, *, #1879, .T. ) ;
#1877 = ADVANCED_FACE ( 'NONE', ( #9328 ), #9349, .T. ) ;
#1878 = EDGE_LOOP ( 'NONE', ( #1880, #1875, #1729, #1734 ) ) ;
#1879 = EDGE_CURVE ( 'NONE', #1855, #1815, #9354, .T. ) ;
#1880 = ORIENTED_EDGE ( 'NONE', *, *, #1792, .F. ) ;
#1881 = ORIENTED_EDGE ( 'NONE', *, *, #1848, .T. ) ;
#1882 = ADVANCED_FACE ( 'NONE', ( #9287 ), #9299, .T. ) ;
#1883 = ORIENTED_EDGE ( 'NONE', *, *, #1910, .T. ) ;
#1884 = VERTEX_POINT ( 'NONE', #9267 ) ;
#1885 = ORIENTED_EDGE ( 'NONE', *, *, #1886, .T. ) ;
#1886 = EDGE_CURVE ( 'NONE', #1917, #1887, #9336, .T. ) ;
#1887 = VERTEX_POINT ( 'NONE', #9332 ) ;
#1888 = VERTEX_POINT ( 'NONE', #9331 ) ;
#1889 = VERTEX_POINT ( 'NONE', #9330 ) ;
#1890 = EDGE_CURVE ( 'NONE', #1758, #1759, #9360, .T. ) ;
#1891 = EDGE_CURVE ( 'NONE', #1900, #1892, #9308, .T. ) ;
#1892 = VERTEX_POINT ( 'NONE', #9303 ) ;
#1893 = ORIENTED_EDGE ( 'NONE', *, *, #1894, .T. ) ;
#1894 = EDGE_CURVE ( 'NONE', #1769, #1895, #9304, .T. ) ;
#1895 = VERTEX_POINT ( 'NONE', #9318 ) ;
#1896 = ORIENTED_EDGE ( 'NONE', *, *, #4590, .F. ) ;
#1897 = ORIENTED_EDGE ( 'NONE', *, *, #4578, .F. ) ;
#1898 = ORIENTED_EDGE ( 'NONE', *, *, #1899, .T. ) ;
#1899 = EDGE_CURVE ( 'NONE', #4576, #1865, #9317, .T. ) ;
#1900 = VERTEX_POINT ( 'NONE', #9313 ) ;
#1901 = ORIENTED_EDGE ( 'NONE', *, *, #1891, .T. ) ;
#1902 = ORIENTED_EDGE ( 'NONE', *, *, #1799, .F. ) ;
#1903 = EDGE_CURVE ( 'NONE', #1814, #1868, #9286, .T. ) ;
#1904 = ORIENTED_EDGE ( 'NONE', *, *, #1905, .T. ) ;
#1905 = EDGE_CURVE ( 'NONE', #1865, #1780, #9281, .T. ) ;
#1906 = ORIENTED_EDGE ( 'NONE', *, *, #1907, .F. ) ;
#1907 = EDGE_CURVE ( 'NONE', #1908, #1791, #9368, .T. ) ;
#1908 = VERTEX_POINT ( 'NONE', #9472 ) ;
#1909 = ORIENTED_EDGE ( 'NONE', *, *, #1910, .F. ) ;
#1910 = EDGE_CURVE ( 'NONE', #1911, #1908, #9392, .T. ) ;
#1911 = VERTEX_POINT ( 'NONE', #9476 ) ;
#1912 = EDGE_CURVE ( 'NONE', #1836, #1930, #9369, .T. ) ;
#1913 = EDGE_CURVE ( 'NONE', #1914, #1636, #9477, .T. ) ;
#1914 = VERTEX_POINT ( 'NONE', #9441 ) ;
#1915 = ORIENTED_EDGE ( 'NONE', *, *, #1916, .T. ) ;
#1916 = EDGE_CURVE ( 'NONE', #1892, #1917, #9444, .T. ) ;
#1917 = VERTEX_POINT ( 'NONE', #9474 ) ;
#1918 = VERTEX_POINT ( 'NONE', #9473 ) ;
#1919 = ORIENTED_EDGE ( 'NONE', *, *, #1920, .F. ) ;
#1920 = EDGE_CURVE ( 'NONE', #1791, #1868, #9514, .T. ) ;
#1921 = ORIENTED_EDGE ( 'NONE', *, *, #1790, .T. ) ;
#1922 = ORIENTED_EDGE ( 'NONE', *, *, #1803, .T. ) ;
#1923 = ADVANCED_FACE ( 'NONE', ( #9496 ), #9381, .T. ) ;
#1924 = EDGE_LOOP ( 'NONE', ( #1752, #1753, #1943, #1944 ) ) ;
#1925 = VERTEX_POINT ( 'NONE', #9384 ) ;
#1926 = ORIENTED_EDGE ( 'NONE', *, *, #1750, .F. ) ;
#1927 = EDGE_CURVE ( 'NONE', #1928, #1889, #9383, .T. ) ;
#1928 = VERTEX_POINT ( 'NONE', #9398 ) ;
#1929 = EDGE_CURVE ( 'NONE', #1930, #1773, #9504, .T. ) ;
#1930 = VERTEX_POINT ( 'NONE', #9500 ) ;
#1931 = EDGE_CURVE ( 'NONE', #1759, #1836, #9410, .T. ) ;
#1932 = ORIENTED_EDGE ( 'NONE', *, *, #1746, .F. ) ;
#1933 = ORIENTED_EDGE ( 'NONE', *, *, #1785, .T. ) ;
#1934 = ORIENTED_EDGE ( 'NONE', *, *, #1936, .F. ) ;
#1935 = ORIENTED_EDGE ( 'NONE', *, *, #1801, .F. ) ;
#1936 = EDGE_CURVE ( 'NONE', #1755, #1826, #9396, .T. ) ;
#1937 = EDGE_CURVE ( 'NONE', #1925, #1755, #9467, .T. ) ;
#1938 = ADVANCED_FACE ( 'NONE', ( #9463 ), #9486, .T. ) ;
#1939 = EDGE_LOOP ( 'NONE', ( #1747, #1748, #1933, #1807 ) ) ;
#1940 = ADVANCED_FACE ( 'NONE', ( #9488 ), #9456, .T. ) ;
#1941 = EDGE_LOOP ( 'NONE', ( #1942, #1919, #1921, #1922 ) ) ;
#1942 = ORIENTED_EDGE ( 'NONE', *, *, #1867, .F. ) ;
#1943 = ORIENTED_EDGE ( 'NONE', *, *, #1907, .T. ) ;
#1944 = ORIENTED_EDGE ( 'NONE', *, *, #1920, .T. ) ;
#1945 = ADVANCED_FACE ( 'NONE', ( #9455 ), #9390, .T. ) ;
#1946 = EDGE_LOOP ( 'NONE', ( #1947, #1948, #1883, #1840 ) ) ;
#1947 = ORIENTED_EDGE ( 'NONE', *, *, #1813, .F. ) ;
#1948 = ORIENTED_EDGE ( 'NONE', *, *, #1733, .F. ) ;
#1949 = ORIENTED_EDGE ( 'NONE', *, *, #1637, .T. ) ;
#1950 = VERTEX_POINT ( 'NONE', #9428 ) ;
#1951 = VERTEX_POINT ( 'NONE', #9427 ) ;
#1952 = EDGE_CURVE ( 'NONE', #1950, #1951, #9425, .T. ) ;
#1953 = ADVANCED_FACE ( 'NONE', ( #9421 ), #9536, .T. ) ;
#1954 = EDGE_LOOP ( 'NONE', ( #1723, #1957, #2085, #1956 ) ) ;
#1955 = EDGE_CURVE ( 'NONE', #1950, #1900, #9521, .T. ) ;
#1956 = ORIENTED_EDGE ( 'NONE', *, *, #2139, .T. ) ;
#1957 = ORIENTED_EDGE ( 'NONE', *, *, #1955, .F. ) ;
#1958 = ORIENTED_EDGE ( 'NONE', *, *, #1750, .T. ) ;
#1959 = ORIENTED_EDGE ( 'NONE', *, *, #1801, .T. ) ;
#1960 = ADVANCED_FACE ( 'NONE', ( #9532 ), #9545, .T. ) ;
#1961 = ORIENTED_EDGE ( 'NONE', *, *, #1873, .F. ) ;
#1962 = ORIENTED_EDGE ( 'NONE', *, *, #1905, .F. ) ;
#1963 = ORIENTED_EDGE ( 'NONE', *, *, #1743, .T. ) ;
#1964 = ADVANCED_FACE ( 'NONE', ( #9621 ), #9620, .T. ) ;
#1965 = EDGE_LOOP ( 'NONE', ( #2142, #1962, #1963, #2055 ) ) ;
#1966 = VERTEX_POINT ( 'NONE', #9559 ) ;
#1967 = ORIENTED_EDGE ( 'NONE', *, *, #2228, .T. ) ;
#1968 = ORIENTED_EDGE ( 'NONE', *, *, #2300, .T. ) ;
#1969 = VERTEX_POINT ( 'NONE', #9624 ) ;
#1970 = ORIENTED_EDGE ( 'NONE', *, *, #2227, .T. ) ;
#1971 = EDGE_CURVE ( 'NONE', #1984, #2313, #9561, .T. ) ;
#1972 = EDGE_CURVE ( 'NONE', #1969, #1976, #9571, .T. ) ;
#1973 = ORIENTED_EDGE ( 'NONE', *, *, #1974, .T. ) ;
#1974 = EDGE_CURVE ( 'NONE', #1976, #1975, #9669, .T. ) ;
#1975 = VERTEX_POINT ( 'NONE', #9623 ) ;
#1976 = VERTEX_POINT ( 'NONE', #9622 ) ;
#1977 = ORIENTED_EDGE ( 'NONE', *, *, #1978, .T. ) ;
#1978 = EDGE_CURVE ( 'NONE', #1975, #1979, #9631, .T. ) ;
#1979 = VERTEX_POINT ( 'NONE', #9627 ) ;
#1980 = ORIENTED_EDGE ( 'NONE', *, *, #1981, .T. ) ;
#1981 = EDGE_CURVE ( 'NONE', #1979, #1982, #9626, .T. ) ;
#1982 = VERTEX_POINT ( 'NONE', #9661 ) ;
#1983 = VERTEX_POINT ( 'NONE', #9660 ) ;
#1984 = VERTEX_POINT ( 'NONE', #9588 ) ;
#1985 = EDGE_LOOP ( 'NONE', ( #2022, #2076, #1995, #2028 ) ) ;
#1986 = EDGE_LOOP ( 'NONE', ( #1987, #2037, #2043, #2044 ) ) ;
#1987 = ORIENTED_EDGE ( 'NONE', *, *, #1656, .F. ) ;
#1988 = ORIENTED_EDGE ( 'NONE', *, *, #2177, .T. ) ;
#1989 = ORIENTED_EDGE ( 'NONE', *, *, #1990, .T. ) ;
#1990 = EDGE_CURVE ( 'NONE', #2069, #1991, #9587, .T. ) ;
#1991 = VERTEX_POINT ( 'NONE', #9595 ) ;
#1992 = ORIENTED_EDGE ( 'NONE', *, *, #1993, .T. ) ;
#1993 = EDGE_CURVE ( 'NONE', #1991, #1994, #9594, .T. ) ;
#1994 = VERTEX_POINT ( 'NONE', #9552 ) ;
#1995 = ORIENTED_EDGE ( 'NONE', *, *, #2119, .T. ) ;
#1996 = EDGE_LOOP ( 'NONE', ( #2071, #2039, #2048, #2046 ) ) ;
#1997 = ADVANCED_FACE ( 'NONE', ( #9551 ), #9592, .T. ) ;
#1998 = ORIENTED_EDGE ( 'NONE', *, *, #1720, .F. ) ;
#1999 = ORIENTED_EDGE ( 'NONE', *, *, #2000, .F. ) ;
#2000 = EDGE_CURVE ( 'NONE', #2184, #2183, #9601, .T. ) ;
#2001 = VERTEX_POINT ( 'NONE', #9568 ) ;
#2002 = EDGE_CURVE ( 'NONE', #2189, #2187, #9566, .T. ) ;
#2003 = ORIENTED_EDGE ( 'NONE', *, *, #2004, .F. ) ;
#2004 = EDGE_CURVE ( 'NONE', #1691, #2189, #9567, .T. ) ;
#2005 = ORIENTED_EDGE ( 'NONE', *, *, #1692, .F. ) ;
#2006 = ADVANCED_FACE ( 'NONE', ( #9613 ), #9636, .T. ) ;
#2007 = EDGE_LOOP ( 'NONE', ( #2193, #2194, #2196, #2013 ) ) ;
#2008 = VERTEX_POINT ( 'NONE', #9654 ) ;
#2009 = ORIENTED_EDGE ( 'NONE', *, *, #2010, .F. ) ;
#2010 = EDGE_CURVE ( 'NONE', #2011, #2008, #9652, .T. ) ;
#2011 = VERTEX_POINT ( 'NONE', #9677 ) ;
#2012 = ORIENTED_EDGE ( 'NONE', *, *, #2116, .F. ) ;
#2013 = ORIENTED_EDGE ( 'NONE', *, *, #2178, .T. ) ;
#2014 = ADVANCED_FACE ( 'NONE', ( #9676 ), #9788, .T. ) ;
#2015 = ORIENTED_EDGE ( 'NONE', *, *, #1693, .F. ) ;
#2016 = EDGE_LOOP ( 'NONE', ( #2892, #2895, #2818, #2891 ) ) ;
#2017 = EDGE_LOOP ( 'NONE', ( #2018, #2041, #2064, #2050 ) ) ;
#2018 = ORIENTED_EDGE ( 'NONE', *, *, #1657, .F. ) ;
#2019 = ORIENTED_EDGE ( 'NONE', *, *, #2116, .T. ) ;
#2020 = ORIENTED_EDGE ( 'NONE', *, *, #2053, .T. ) ;
#2021 = ADVANCED_FACE ( 'NONE', ( #9786 ), #9691, .T. ) ;
#2022 = ORIENTED_EDGE ( 'NONE', *, *, #1663, .F. ) ;
#2023 = ADVANCED_FACE ( 'NONE', ( #9688 ), #9780, .T. ) ;
#2024 = EDGE_LOOP ( 'NONE', ( #2025, #2026, #2033, #2034 ) ) ;
#2025 = ORIENTED_EDGE ( 'NONE', *, *, #3227, .F. ) ;
#2026 = ORIENTED_EDGE ( 'NONE', *, *, #1705, .F. ) ;
#2027 = EDGE_CURVE ( 'NONE', #2008, #1662, #9748, .T. ) ;
#2028 = ORIENTED_EDGE ( 'NONE', *, *, #2042, .T. ) ;
#2029 = EDGE_LOOP ( 'NONE', ( #2030, #2191, #1998, #2123, #2190 ) ) ;
#2030 = ORIENTED_EDGE ( 'NONE', *, *, #4796, .F. ) ;
#2031 = ORIENTED_EDGE ( 'NONE', *, *, #2143, .T. ) ;
#2032 = EDGE_LOOP ( 'NONE', ( #2147, #2140, #2141, #1722 ) ) ;
#2033 = ORIENTED_EDGE ( 'NONE', *, *, #2004, .T. ) ;
#2034 = ORIENTED_EDGE ( 'NONE', *, *, #2038, .T. ) ;
#2035 = ADVANCED_FACE ( 'NONE', ( #9739 ), #9704, .F. ) ;
#2036 = EDGE_LOOP ( 'NONE', ( #2065, #2066, #2067, #1989, #1992, #2072, #2272, #1970, #2219, #1968, #2294, #1973, #1977, #1980, #2280, #1967, #2199, #2202, #2252 ) ) ;
#2037 = ORIENTED_EDGE ( 'NONE', *, *, #2038, .F. ) ;
#2038 = EDGE_CURVE ( 'NONE', #2189, #1680, #9727, .T. ) ;
#2039 = ORIENTED_EDGE ( 'NONE', *, *, #2040, .F. ) ;
#2040 = EDGE_CURVE ( 'NONE', #2187, #1679, #9800, .T. ) ;
#2041 = ORIENTED_EDGE ( 'NONE', *, *, #2053, .F. ) ;
#2042 = EDGE_CURVE ( 'NONE', #2117, #1677, #9796, .T. ) ;
#2043 = ORIENTED_EDGE ( 'NONE', *, *, #2002, .T. ) ;
#2044 = ORIENTED_EDGE ( 'NONE', *, *, #2040, .T. ) ;
#2045 = EDGE_LOOP ( 'NONE', ( #2049, #2051, #2019, #2020 ) ) ;
#2046 = ORIENTED_EDGE ( 'NONE', *, *, #2077, .T. ) ;
#2047 = ADVANCED_FACE ( 'NONE', ( #9779 ), #9815, .T. ) ;
#2048 = ORIENTED_EDGE ( 'NONE', *, *, #2186, .T. ) ;
#2049 = ORIENTED_EDGE ( 'NONE', *, *, #1652, .F. ) ;
#2050 = ORIENTED_EDGE ( 'NONE', *, *, #2027, .T. ) ;
#2051 = ORIENTED_EDGE ( 'NONE', *, *, #2042, .F. ) ;
#2052 = ADVANCED_FACE ( 'NONE', ( #9808 ), #9699, .T. ) ;
#2053 = EDGE_CURVE ( 'NONE', #2011, #1678, #9698, .T. ) ;
#2054 = ORIENTED_EDGE ( 'NONE', *, *, #1886, .F. ) ;
#2055 = ORIENTED_EDGE ( 'NONE', *, *, #2150, .T. ) ;
#2056 = ADVANCED_FACE ( 'NONE', ( #9855 ), #9899, .T. ) ;
#2057 = EDGE_CURVE ( 'NONE', #2058, #2125, #9846, .T. ) ;
#2058 = VERTEX_POINT ( 'NONE', #9909 ) ;
#2059 = EDGE_LOOP ( 'NONE', ( #2122, #2171, #2060, #2082, #2124, #2063, #2126, #2179, #2062, #1999, #2174, #2176, #2009, #2012, #2118, #2185, #2188, #2003, #2005 ) ) ;
#2060 = ORIENTED_EDGE ( 'NONE', *, *, #2192, .F. ) ;
#2061 = VERTEX_POINT ( 'NONE', #9908 ) ;
#2062 = ORIENTED_EDGE ( 'NONE', *, *, #2182, .F. ) ;
#2063 = ORIENTED_EDGE ( 'NONE', *, *, #2081, .F. ) ;
#2064 = ORIENTED_EDGE ( 'NONE', *, *, #2010, .T. ) ;
#2065 = ORIENTED_EDGE ( 'NONE', *, *, #3901, .T. ) ;
#2066 = ORIENTED_EDGE ( 'NONE', *, *, #4003, .T. ) ;
#2067 = ORIENTED_EDGE ( 'NONE', *, *, #2068, .T. ) ;
#2068 = EDGE_CURVE ( 'NONE', #4024, #2069, #9922, .T. ) ;
#2069 = VERTEX_POINT ( 'NONE', #9866 ) ;
#2070 = ADVANCED_FACE ( 'NONE', ( #9865 ), #9830, .T. ) ;
#2071 = ORIENTED_EDGE ( 'NONE', *, *, #1676, .F. ) ;
#2072 = ORIENTED_EDGE ( 'NONE', *, *, #2073, .T. ) ;
#2073 = EDGE_CURVE ( 'NONE', #1994, #2074, #9827, .T. ) ;
#2074 = VERTEX_POINT ( 'NONE', #9915 ) ;
#2075 = ORIENTED_EDGE ( 'NONE', *, *, #2136, .T. ) ;
#2076 = ORIENTED_EDGE ( 'NONE', *, *, #2077, .F. ) ;
#2077 = EDGE_CURVE ( 'NONE', #2120, #1660, #9871, .T. ) ;
#2078 = ORIENTED_EDGE ( 'NONE', *, *, #1673, .F. ) ;
#2079 = ORIENTED_EDGE ( 'NONE', *, *, #2099, .F. ) ;
#2080 = ORIENTED_EDGE ( 'NONE', *, *, #2081, .T. ) ;
#2081 = EDGE_CURVE ( 'NONE', #2125, #2173, #9898, .T. ) ;
#2082 = ORIENTED_EDGE ( 'NONE', *, *, #2083, .F. ) ;
#2083 = EDGE_CURVE ( 'NONE', #2198, #2181, #9894, .T. ) ;
#2084 = ORIENTED_EDGE ( 'NONE', *, *, #1781, .F. ) ;
#2085 = ORIENTED_EDGE ( 'NONE', *, *, #1952, .T. ) ;
#2086 = EDGE_LOOP ( 'NONE', ( #1961, #2149, #1959, #2148 ) ) ;
#2087 = EDGE_CURVE ( 'NONE', #1755, #1888, #9837, .T. ) ;
#2088 = ORIENTED_EDGE ( 'NONE', *, *, #1936, .T. ) ;
#2089 = ADVANCED_FACE ( 'NONE', ( #9833 ), #9849, .T. ) ;
#2090 = EDGE_LOOP ( 'NONE', ( #2109, #2169, #2080, #2110 ) ) ;
#2091 = EDGE_CURVE ( 'NONE', #2125, #1736, #9907, .T. ) ;
#2092 = ORIENTED_EDGE ( 'NONE', *, *, #2091, .T. ) ;
#2093 = ADVANCED_FACE ( 'NONE', ( #9955 ), #9988, .T. ) ;
#2094 = EDGE_LOOP ( 'NONE', ( #2078, #2079, #2100, #2128 ) ) ;
#2095 = ADVANCED_FACE ( 'NONE', ( #10011 ), #10058, .T. ) ;
#2096 = ORIENTED_EDGE ( 'NONE', *, *, #2097, .F. ) ;
#2097 = EDGE_CURVE ( 'NONE', #2058, #1674, #10057, .T. ) ;
#2098 = ORIENTED_EDGE ( 'NONE', *, *, #2162, .F. ) ;
#2099 = EDGE_CURVE ( 'NONE', #2061, #1667, #9998, .T. ) ;
#2100 = ORIENTED_EDGE ( 'NONE', *, *, #2180, .T. ) ;
#2101 = EDGE_CURVE ( 'NONE', #2183, #1666, #10034, .T. ) ;
#2102 = ORIENTED_EDGE ( 'NONE', *, *, #2182, .T. ) ;
#2103 = ORIENTED_EDGE ( 'NONE', *, *, #2099, .T. ) ;
#2104 = ADVANCED_FACE ( 'NONE', ( #10026 ), #10053, .T. ) ;
#2105 = EDGE_LOOP ( 'NONE', ( #2113, #2114, #2130, #2131 ) ) ;
#2106 = EDGE_LOOP ( 'NONE', ( #2107, #2108, #2102, #2103 ) ) ;
#2107 = ORIENTED_EDGE ( 'NONE', *, *, #1671, .F. ) ;
#2108 = ORIENTED_EDGE ( 'NONE', *, *, #2101, .F. ) ;
#2109 = ORIENTED_EDGE ( 'NONE', *, *, #1639, .F. ) ;
#2110 = ORIENTED_EDGE ( 'NONE', *, *, #2162, .T. ) ;
#2111 = ADVANCED_FACE ( 'NONE', ( #10052 ), #9947, .T. ) ;
#2112 = ORIENTED_EDGE ( 'NONE', *, *, #1688, .F. ) ;
#2113 = ORIENTED_EDGE ( 'NONE', *, *, #1665, .F. ) ;
#2114 = ORIENTED_EDGE ( 'NONE', *, *, #2127, .F. ) ;
#2115 = ADVANCED_FACE ( 'NONE', ( #9944 ), #10085, .T. ) ;
#2116 = EDGE_CURVE ( 'NONE', #2117, #2011, #10025, .T. ) ;
#2117 = VERTEX_POINT ( 'NONE', #10084 ) ;
#2118 = ORIENTED_EDGE ( 'NONE', *, *, #2119, .F. ) ;
#2119 = EDGE_CURVE ( 'NONE', #2120, #2117, #10083, .T. ) ;
#2120 = VERTEX_POINT ( 'NONE', #10079 ) ;
#2121 = ADVANCED_FACE ( 'NONE', ( #10078 ), #10008, .F. ) ;
#2122 = ORIENTED_EDGE ( 'NONE', *, *, #3965, .T. ) ;
#2123 = ORIENTED_EDGE ( 'NONE', *, *, #2178, .F. ) ;
#2124 = ORIENTED_EDGE ( 'NONE', *, *, #2172, .F. ) ;
#2125 = VERTEX_POINT ( 'NONE', #10003 ) ;
#2126 = ORIENTED_EDGE ( 'NONE', *, *, #2057, .F. ) ;
#2127 = EDGE_CURVE ( 'NONE', #2184, #1669, #10001, .T. ) ;
#2128 = ORIENTED_EDGE ( 'NONE', *, *, #2097, .T. ) ;
#2129 = ADVANCED_FACE ( 'NONE', ( #10069 ), #10109, .T. ) ;
#2130 = ORIENTED_EDGE ( 'NONE', *, *, #2000, .T. ) ;
#2131 = ORIENTED_EDGE ( 'NONE', *, *, #2101, .T. ) ;
#2132 = ADVANCED_FACE ( 'NONE', ( #10113 ), #10182, .T. ) ;
#2133 = EDGE_LOOP ( 'NONE', ( #2134, #2135, #2137, #2138 ) ) ;
#2134 = ORIENTED_EDGE ( 'NONE', *, *, #1668, .F. ) ;
#2135 = ORIENTED_EDGE ( 'NONE', *, *, #2136, .F. ) ;
#2136 = EDGE_CURVE ( 'NONE', #2001, #1654, #10101, .T. ) ;
#2137 = ORIENTED_EDGE ( 'NONE', *, *, #2175, .T. ) ;
#2138 = ORIENTED_EDGE ( 'NONE', *, *, #2127, .T. ) ;
#2139 = EDGE_CURVE ( 'NONE', #1951, #1892, #10097, .T. ) ;
#2140 = ORIENTED_EDGE ( 'NONE', *, *, #2139, .F. ) ;
#2141 = ORIENTED_EDGE ( 'NONE', *, *, #1746, .T. ) ;
#2142 = ORIENTED_EDGE ( 'NONE', *, *, #1863, .F. ) ;
#2143 = EDGE_CURVE ( 'NONE', #1925, #1887, #10119, .T. ) ;
#2144 = EDGE_LOOP ( 'NONE', ( #2054, #2158, #1958, #2031 ) ) ;
#2145 = EDGE_LOOP ( 'NONE', ( #2156, #2157, #2153, #2151 ) ) ;
#2146 = ADVANCED_FACE ( 'NONE', ( #10145 ), #10106, .T. ) ;
#2147 = ORIENTED_EDGE ( 'NONE', *, *, #1916, .F. ) ;
#2148 = ORIENTED_EDGE ( 'NONE', *, *, #1955, .T. ) ;
#2149 = ORIENTED_EDGE ( 'NONE', *, *, #2150, .F. ) ;
#2150 = EDGE_CURVE ( 'NONE', #1802, #1884, #10231, .T. ) ;
#2151 = ORIENTED_EDGE ( 'NONE', *, *, #2087, .T. ) ;
#2152 = ORIENTED_EDGE ( 'NONE', *, *, #2087, .F. ) ;
#2153 = ORIENTED_EDGE ( 'NONE', *, *, #1937, .T. ) ;
#2154 = ORIENTED_EDGE ( 'NONE', *, *, #1727, .T. ) ;
#2155 = EDGE_LOOP ( 'NONE', ( #2084, #2152, #2088, #2154 ) ) ;
#2156 = ORIENTED_EDGE ( 'NONE', *, *, #1778, .F. ) ;
#2157 = ORIENTED_EDGE ( 'NONE', *, *, #2143, .F. ) ;
#2158 = ORIENTED_EDGE ( 'NONE', *, *, #2159, .F. ) ;
#2159 = EDGE_CURVE ( 'NONE', #1918, #1917, #10226, .T. ) ;
#2160 = ADVANCED_FACE ( 'NONE', ( #10222 ), #10200, .T. ) ;
#2161 = EDGE_LOOP ( 'NONE', ( #2164, #2165, #1988, #2075 ) ) ;
#2162 = EDGE_CURVE ( 'NONE', #2173, #1712, #10194, .T. ) ;
#2163 = ADVANCED_FACE ( 'NONE', ( #10131 ), #10170, .T. ) ;
#2164 = ORIENTED_EDGE ( 'NONE', *, *, #1653, .F. ) ;
#2165 = ORIENTED_EDGE ( 'NONE', *, *, #2027, .F. ) ;
#2166 = ORIENTED_EDGE ( 'NONE', *, *, #2172, .T. ) ;
#2167 = ORIENTED_EDGE ( 'NONE', *, *, #2057, .T. ) ;
#2168 = EDGE_LOOP ( 'NONE', ( #2112, #2096, #2167, #2092 ) ) ;
#2169 = ORIENTED_EDGE ( 'NONE', *, *, #2091, .F. ) ;
#2170 = ORIENTED_EDGE ( 'NONE', *, *, #2195, .T. ) ;
#2171 = ORIENTED_EDGE ( 'NONE', *, *, #4760, .T. ) ;
#2172 = EDGE_CURVE ( 'NONE', #2173, #2198, #10180, .T. ) ;
#2173 = VERTEX_POINT ( 'NONE', #10176 ) ;
#2174 = ORIENTED_EDGE ( 'NONE', *, *, #2175, .F. ) ;
#2175 = EDGE_CURVE ( 'NONE', #2001, #2184, #10175, .T. ) ;
#2176 = ORIENTED_EDGE ( 'NONE', *, *, #2177, .F. ) ;
#2177 = EDGE_CURVE ( 'NONE', #2008, #2001, #10153, .T. ) ;
#2178 = EDGE_CURVE ( 'NONE', #2181, #1703, #10149, .T. ) ;
#2179 = ORIENTED_EDGE ( 'NONE', *, *, #2180, .F. ) ;
#2180 = EDGE_CURVE ( 'NONE', #2061, #2058, #10162, .T. ) ;
#2181 = VERTEX_POINT ( 'NONE', #10158 ) ;
#2182 = EDGE_CURVE ( 'NONE', #2183, #2061, #10157, .T. ) ;
#2183 = VERTEX_POINT ( 'NONE', #10234 ) ;
#2184 = VERTEX_POINT ( 'NONE', #10240 ) ;
#2185 = ORIENTED_EDGE ( 'NONE', *, *, #2186, .F. ) ;
#2186 = EDGE_CURVE ( 'NONE', #2187, #2120, #10238, .T. ) ;
#2187 = VERTEX_POINT ( 'NONE', #10295 ) ;
#2188 = ORIENTED_EDGE ( 'NONE', *, *, #2002, .F. ) ;
#2189 = VERTEX_POINT ( 'NONE', #10263 ) ;
#2190 = ORIENTED_EDGE ( 'NONE', *, *, #2192, .T. ) ;
#2191 = ORIENTED_EDGE ( 'NONE', *, *, #1686, .F. ) ;
#2192 = EDGE_CURVE ( 'NONE', #2181, #4705, #10274, .T. ) ;
#2193 = ORIENTED_EDGE ( 'NONE', *, *, #1649, .F. ) ;
#2194 = ORIENTED_EDGE ( 'NONE', *, *, #2195, .F. ) ;
#2195 = EDGE_CURVE ( 'NONE', #2198, #1640, #10291, .T. ) ;
#2196 = ORIENTED_EDGE ( 'NONE', *, *, #2083, .T. ) ;
#2197 = EDGE_LOOP ( 'NONE', ( #2015, #2098, #2166, #2170 ) ) ;
#2198 = VERTEX_POINT ( 'NONE', #10287 ) ;
#2199 = ORIENTED_EDGE ( 'NONE', *, *, #2311, .T. ) ;
#2200 = ORIENTED_EDGE ( 'NONE', *, *, #2270, .T. ) ;
#2201 = ORIENTED_EDGE ( 'NONE', *, *, #3996, .T. ) ;
#2202 = ORIENTED_EDGE ( 'NONE', *, *, #2279, .T. ) ;
#2203 = VERTEX_POINT ( 'NONE', #10286 ) ;
#2204 = EDGE_CURVE ( 'NONE', #1982, #1966, #10282, .T. ) ;
#2205 = EDGE_CURVE ( 'NONE', #2337, #3961, #10271, .T. ) ;
#2206 = VERTEX_POINT ( 'NONE', #10258 ) ;
#2207 = ORIENTED_EDGE ( 'NONE', *, *, #2208, .F. ) ;
#2208 = EDGE_CURVE ( 'NONE', #2336, #2244, #10268, .T. ) ;
#2209 = VERTEX_POINT ( 'NONE', #10270 ) ;
#2210 = ORIENTED_EDGE ( 'NONE', *, *, #2247, .F. ) ;
#2211 = EDGE_LOOP ( 'NONE', ( #2212, #2298, #2324, #2325 ) ) ;
#2212 = ORIENTED_EDGE ( 'NONE', *, *, #2268, .T. ) ;
#2213 = VERTEX_POINT ( 'NONE', #10269 ) ;
#2214 = ORIENTED_EDGE ( 'NONE', *, *, #2215, .F. ) ;
#2215 = EDGE_CURVE ( 'NONE', #2266, #2213, #10262, .T. ) ;
#2216 = ORIENTED_EDGE ( 'NONE', *, *, #2217, .F. ) ;
#2217 = EDGE_CURVE ( 'NONE', #2271, #2269, #10252, .T. ) ;
#2218 = EDGE_LOOP ( 'NONE', ( #2312, #2251, #2221, #2322, #2210, #2338, #2281, #2332, #2245, #2319, #2333, #2242, #2207, #2317, #2249, #2214, #2267, #2216, #2314 ) ) ;
#2219 = ORIENTED_EDGE ( 'NONE', *, *, #1971, .T. ) ;
#2220 = VERTEX_POINT ( 'NONE', #10253 ) ;
#2221 = ORIENTED_EDGE ( 'NONE', *, *, #2205, .F. ) ;
#2222 = EDGE_CURVE ( 'NONE', #2316, #2337, #10277, .T. ) ;
#2223 = ORIENTED_EDGE ( 'NONE', *, *, #2226, .T. ) ;
#2224 = ADVANCED_FACE ( 'NONE', ( #10256 ), #10452, .F. ) ;
#2225 = ORIENTED_EDGE ( 'NONE', *, *, #2226, .F. ) ;
#2226 = EDGE_CURVE ( 'NONE', #2069, #2271, #10438, .T. ) ;
#2227 = EDGE_CURVE ( 'NONE', #1983, #1984, #10386, .T. ) ;
#2228 = EDGE_CURVE ( 'NONE', #1966, #2253, #10450, .T. ) ;
#2229 = ORIENTED_EDGE ( 'NONE', *, *, #2068, .F. ) ;
#2230 = ORIENTED_EDGE ( 'NONE', *, *, #3960, .T. ) ;
#2231 = EDGE_LOOP ( 'NONE', ( #2308, #2265, #2307, #2232 ) ) ;
#2232 = ORIENTED_EDGE ( 'NONE', *, *, #2299, .T. ) ;
#2233 = EDGE_LOOP ( 'NONE', ( #2238, #2287, #2261, #2303 ) ) ;
#2234 = ADVANCED_FACE ( 'NONE', ( #10451 ), #10466, .F. ) ;
#2235 = EDGE_LOOP ( 'NONE', ( #2236, #2237, #2361, #2420 ) ) ;
#2236 = ORIENTED_EDGE ( 'NONE', *, *, #2334, .T. ) ;
#2237 = ORIENTED_EDGE ( 'NONE', *, *, #1810, .F. ) ;
#2238 = ORIENTED_EDGE ( 'NONE', *, *, #2250, .T. ) ;
#2239 = ORIENTED_EDGE ( 'NONE', *, *, #2318, .T. ) ;
#2240 = ORIENTED_EDGE ( 'NONE', *, *, #2290, .F. ) ;
#2241 = ADVANCED_FACE ( 'NONE', ( #10468 ), #10401, .F. ) ;
#2242 = ORIENTED_EDGE ( 'NONE', *, *, #2243, .F. ) ;
#2243 = EDGE_CURVE ( 'NONE', #2244, #2321, #10370, .T. ) ;
#2244 = VERTEX_POINT ( 'NONE', #10359 ) ;
#2245 = ORIENTED_EDGE ( 'NONE', *, *, #2246, .F. ) ;
#2246 = EDGE_CURVE ( 'NONE', #2296, #2335, #10326, .T. ) ;
#2247 = EDGE_CURVE ( 'NONE', #2206, #2316, #10338, .T. ) ;
#2248 = VERTEX_POINT ( 'NONE', #10328 ) ;
#2249 = ORIENTED_EDGE ( 'NONE', *, *, #2250, .F. ) ;
#2250 = EDGE_CURVE ( 'NONE', #2213, #2209, #10391, .T. ) ;
#2251 = ORIENTED_EDGE ( 'NONE', *, *, #4019, .F. ) ;
#2252 = ORIENTED_EDGE ( 'NONE', *, *, #2278, .T. ) ;
#2253 = VERTEX_POINT ( 'NONE', #10331 ) ;
#2254 = EDGE_LOOP ( 'NONE', ( #2255, #2256, #2309, #2310 ) ) ;
#2255 = ORIENTED_EDGE ( 'NONE', *, *, #2243, .T. ) ;
#2256 = ORIENTED_EDGE ( 'NONE', *, *, #2257, .F. ) ;
#2257 = EDGE_CURVE ( 'NONE', #1969, #2321, #10426, .T. ) ;
#2258 = ADVANCED_FACE ( 'NONE', ( #10319 ), #10415, .F. ) ;
#2259 = ORIENTED_EDGE ( 'NONE', *, *, #1971, .F. ) ;
#2260 = ORIENTED_EDGE ( 'NONE', *, *, #2290, .T. ) ;
#2261 = ORIENTED_EDGE ( 'NONE', *, *, #2295, .F. ) ;
#2262 = ADVANCED_FACE ( 'NONE', ( #10414 ), #10301, .F. ) ;
#2263 = EDGE_LOOP ( 'NONE', ( #2264, #2305, #2259, #2260 ) ) ;
#2264 = ORIENTED_EDGE ( 'NONE', *, *, #2208, .T. ) ;
#2265 = ORIENTED_EDGE ( 'NONE', *, *, #2293, .F. ) ;
#2266 = VERTEX_POINT ( 'NONE', #10343 ) ;
#2267 = ORIENTED_EDGE ( 'NONE', *, *, #2268, .F. ) ;
#2268 = EDGE_CURVE ( 'NONE', #2269, #2266, #10470, .T. ) ;
#2269 = VERTEX_POINT ( 'NONE', #10397 ) ;
#2270 = EDGE_CURVE ( 'NONE', #3887, #2271, #10465, .T. ) ;
#2271 = VERTEX_POINT ( 'NONE', #10446 ) ;
#2272 = ORIENTED_EDGE ( 'NONE', *, *, #2295, .T. ) ;
#2273 = EDGE_LOOP ( 'NONE', ( #2229, #2230, #2201, #2274, #2275, #2200, #2225 ) ) ;
#2274 = ORIENTED_EDGE ( 'NONE', *, *, #3975, .T. ) ;
#2275 = ORIENTED_EDGE ( 'NONE', *, *, #3968, .T. ) ;
#2276 = ADVANCED_FACE ( 'NONE', ( #10445 ), #10353, .F. ) ;
#2277 = VERTEX_POINT ( 'NONE', #10316 ) ;
#2278 = EDGE_CURVE ( 'NONE', #2203, #3902, #10412, .T. ) ;
#2279 = EDGE_CURVE ( 'NONE', #2277, #2203, #10423, .T. ) ;
#2280 = ORIENTED_EDGE ( 'NONE', *, *, #2204, .T. ) ;
#2281 = ORIENTED_EDGE ( 'NONE', *, *, #2282, .F. ) ;
#2282 = EDGE_CURVE ( 'NONE', #2220, #2248, #10311, .T. ) ;
#2283 = ORIENTED_EDGE ( 'NONE', *, *, #1981, .F. ) ;
#2284 = ORIENTED_EDGE ( 'NONE', *, *, #2383, .T. ) ;
#2285 = ADVANCED_FACE ( 'NONE', ( #10354 ), #10483, .F. ) ;
#2286 = EDGE_LOOP ( 'NONE', ( #2341, #2362, #2405, #2406 ) ) ;
#2287 = ORIENTED_EDGE ( 'NONE', *, *, #2288, .F. ) ;
#2288 = EDGE_CURVE ( 'NONE', #1983, #2209, #10811, .T. ) ;
#2289 = ADVANCED_FACE ( 'NONE', ( #10800 ), #10867, .F. ) ;
#2290 = EDGE_CURVE ( 'NONE', #1984, #2336, #10838, .T. ) ;
#2291 = ORIENTED_EDGE ( 'NONE', *, *, #2227, .F. ) ;
#2292 = ORIENTED_EDGE ( 'NONE', *, *, #2288, .T. ) ;
#2293 = EDGE_CURVE ( 'NONE', #2074, #2213, #10861, .T. ) ;
#2294 = ORIENTED_EDGE ( 'NONE', *, *, #1972, .T. ) ;
#2295 = EDGE_CURVE ( 'NONE', #2074, #1983, #10795, .T. ) ;
#2296 = VERTEX_POINT ( 'NONE', #10869 ) ;
#2297 = VERTEX_POINT ( 'NONE', #10868 ) ;
#2298 = ORIENTED_EDGE ( 'NONE', *, *, #2299, .F. ) ;
#2299 = EDGE_CURVE ( 'NONE', #1994, #2266, #10810, .T. ) ;
#2300 = EDGE_CURVE ( 'NONE', #2313, #1969, #10805, .T. ) ;
#2301 = ADVANCED_FACE ( 'NONE', ( #10827 ), #10850, .T. ) ;
#2302 = ADVANCED_FACE ( 'NONE', ( #10854 ), #10491, .F. ) ;
#2303 = ORIENTED_EDGE ( 'NONE', *, *, #2293, .T. ) ;
#2304 = EDGE_LOOP ( 'NONE', ( #2239, #2240, #2291, #2292 ) ) ;
#2305 = ORIENTED_EDGE ( 'NONE', *, *, #2306, .F. ) ;
#2306 = EDGE_CURVE ( 'NONE', #2313, #2244, #10515, .T. ) ;
#2307 = ORIENTED_EDGE ( 'NONE', *, *, #2073, .F. ) ;
#2308 = ORIENTED_EDGE ( 'NONE', *, *, #2215, .T. ) ;
#2309 = ORIENTED_EDGE ( 'NONE', *, *, #2300, .F. ) ;
#2310 = ORIENTED_EDGE ( 'NONE', *, *, #2306, .T. ) ;
#2311 = EDGE_CURVE ( 'NONE', #2253, #2277, #10487, .T. ) ;
#2312 = ORIENTED_EDGE ( 'NONE', *, *, #4069, .F. ) ;
#2313 = VERTEX_POINT ( 'NONE', #10508 ) ;
#2314 = ORIENTED_EDGE ( 'NONE', *, *, #2270, .F. ) ;
#2315 = ADVANCED_FACE ( 'NONE', ( #10507 ), #10553, .F. ) ;
#2316 = VERTEX_POINT ( 'NONE', #10541 ) ;
#2317 = ORIENTED_EDGE ( 'NONE', *, *, #2318, .F. ) ;
#2318 = EDGE_CURVE ( 'NONE', #2209, #2336, #10554, .T. ) ;
#2319 = ORIENTED_EDGE ( 'NONE', *, *, #2320, .F. ) ;
#2320 = EDGE_CURVE ( 'NONE', #2297, #2296, #10569, .T. ) ;
#2321 = VERTEX_POINT ( 'NONE', #10565 ) ;
#2322 = ORIENTED_EDGE ( 'NONE', *, *, #2222, .F. ) ;
#2323 = EDGE_CURVE ( 'NONE', #2335, #2220, #10522, .T. ) ;
#2324 = ORIENTED_EDGE ( 'NONE', *, *, #1993, .F. ) ;
#2325 = ORIENTED_EDGE ( 'NONE', *, *, #2330, .T. ) ;
#2326 = VERTEX_POINT ( 'NONE', #10518 ) ;
#2327 = EDGE_LOOP ( 'NONE', ( #2328, #2329, #2331, #2223 ) ) ;
#2328 = ORIENTED_EDGE ( 'NONE', *, *, #2217, .T. ) ;
#2329 = ORIENTED_EDGE ( 'NONE', *, *, #2330, .F. ) ;
#2330 = EDGE_CURVE ( 'NONE', #1991, #2269, #10517, .T. ) ;
#2331 = ORIENTED_EDGE ( 'NONE', *, *, #1990, .F. ) ;
#2332 = ORIENTED_EDGE ( 'NONE', *, *, #2323, .F. ) ;
#2333 = ORIENTED_EDGE ( 'NONE', *, *, #2334, .F. ) ;
#2334 = EDGE_CURVE ( 'NONE', #2321, #2297, #10576, .T. ) ;
#2335 = VERTEX_POINT ( 'NONE', #10564 ) ;
#2336 = VERTEX_POINT ( 'NONE', #10563 ) ;
#2337 = VERTEX_POINT ( 'NONE', #10562 ) ;
#2338 = ORIENTED_EDGE ( 'NONE', *, *, #2339, .F. ) ;
#2339 = EDGE_CURVE ( 'NONE', #2248, #2206, #10560, .T. ) ;
#2340 = ORIENTED_EDGE ( 'NONE', *, *, #1810, .T. ) ;
#2341 = ORIENTED_EDGE ( 'NONE', *, *, #2282, .T. ) ;
#2342 = ADVANCED_FACE ( 'NONE', ( #10561 ), #10583, .F. ) ;
#2343 = EDGE_LOOP ( 'NONE', ( #2422, #2423, #2424, #2425 ) ) ;
#2344 = EDGE_LOOP ( 'NONE', ( #2389, #2516, #2396, #2348 ) ) ;
#2345 = ORIENTED_EDGE ( 'NONE', *, *, #2346, .F. ) ;
#2346 = EDGE_CURVE ( 'NONE', #1975, #2296, #10582, .T. ) ;
#2347 = ORIENTED_EDGE ( 'NONE', *, *, #1974, .F. ) ;
#2348 = ORIENTED_EDGE ( 'NONE', *, *, #2346, .T. ) ;
#2349 = EDGE_LOOP ( 'NONE', ( #2404, #2427, #2283, #2284 ) ) ;
#2350 = ORIENTED_EDGE ( 'NONE', *, *, #2460, .T. ) ;
#2351 = ADVANCED_FACE ( 'NONE', ( #10535 ), #10608, .F. ) ;
#2352 = ORIENTED_EDGE ( 'NONE', *, *, #1760, .T. ) ;
#2353 = ORIENTED_EDGE ( 'NONE', *, *, #1847, .T. ) ;
#2354 = EDGE_CURVE ( 'NONE', #2541, #1740, #10643, .T. ) ;
#2355 = ADVANCED_FACE ( 'NONE', ( #10609 ), #10656, .F. ) ;
#2356 = EDGE_LOOP ( 'NONE', ( #2469, #2461, #2463, #2350 ) ) ;
#2357 = EDGE_CURVE ( 'NONE', #2513, #1930, #10638, .T. ) ;
#2358 = ORIENTED_EDGE ( 'NONE', *, *, #2512, .F. ) ;
#2359 = ORIENTED_EDGE ( 'NONE', *, *, #2475, .F. ) ;
#2360 = ORIENTED_EDGE ( 'NONE', *, *, #2428, .F. ) ;
#2361 = ORIENTED_EDGE ( 'NONE', *, *, #1972, .F. ) ;
#2362 = ORIENTED_EDGE ( 'NONE', *, *, #2381, .F. ) ;
#2363 = ORIENTED_EDGE ( 'NONE', *, *, #2544, .F. ) ;
#2364 = ORIENTED_EDGE ( 'NONE', *, *, #2368, .T. ) ;
#2365 = ORIENTED_EDGE ( 'NONE', *, *, #2475, .T. ) ;
#2366 = ORIENTED_EDGE ( 'NONE', *, *, #1853, .T. ) ;
#2367 = ORIENTED_EDGE ( 'NONE', *, *, #2368, .F. ) ;
#2368 = EDGE_CURVE ( 'NONE', #2480, #1738, #10634, .T. ) ;
#2369 = ORIENTED_EDGE ( 'NONE', *, *, #2479, .F. ) ;
#2370 = ORIENTED_EDGE ( 'NONE', *, *, #1644, .T. ) ;
#2371 = EDGE_CURVE ( 'NONE', #2509, #2511, #10653, .T. ) ;
#2372 = ORIENTED_EDGE ( 'NONE', *, *, #2373, .T. ) ;
#2373 = EDGE_CURVE ( 'NONE', #2511, #2452, #10649, .T. ) ;
#2374 = ORIENTED_EDGE ( 'NONE', *, *, #2550, .T. ) ;
#2375 = ADVANCED_FACE ( 'NONE', ( #10603 ), #10688, .F. ) ;
#2376 = EDGE_LOOP ( 'NONE', ( #2382, #2401, #2390, #2391 ) ) ;
#2377 = ORIENTED_EDGE ( 'NONE', *, *, #4001, .F. ) ;
#2378 = ORIENTED_EDGE ( 'NONE', *, *, #3688, .T. ) ;
#2379 = ORIENTED_EDGE ( 'NONE', *, *, #2421, .F. ) ;
#2380 = EDGE_CURVE ( 'NONE', #1982, #2220, #10664, .T. ) ;
#2381 = EDGE_CURVE ( 'NONE', #1966, #2248, #10736, .T. ) ;
#2382 = ORIENTED_EDGE ( 'NONE', *, *, #2222, .T. ) ;
#2383 = EDGE_CURVE ( 'NONE', #1979, #2335, #10732, .T. ) ;
#2384 = EDGE_CURVE ( 'NONE', #2203, #2337, #10672, .T. ) ;
#2385 = ADVANCED_FACE ( 'NONE', ( #10686 ), #10715, .F. ) ;
#2386 = ORIENTED_EDGE ( 'NONE', *, *, #2387, .T. ) ;
#2387 = EDGE_CURVE ( 'NONE', #2545, #2499, #10714, .T. ) ;
#2388 = ADVANCED_FACE ( 'NONE', ( #10727 ), #10743, .F. ) ;
#2389 = ORIENTED_EDGE ( 'NONE', *, *, #2246, .T. ) ;
#2390 = ORIENTED_EDGE ( 'NONE', *, *, #2279, .F. ) ;
#2391 = ORIENTED_EDGE ( 'NONE', *, *, #2393, .T. ) ;
#2392 = ORIENTED_EDGE ( 'NONE', *, *, #2393, .F. ) ;
#2393 = EDGE_CURVE ( 'NONE', #2277, #2316, #10742, .T. ) ;
#2394 = ORIENTED_EDGE ( 'NONE', *, *, #2311, .F. ) ;
#2395 = ORIENTED_EDGE ( 'NONE', *, *, #2320, .T. ) ;
#2396 = ORIENTED_EDGE ( 'NONE', *, *, #1978, .F. ) ;
#2397 = ORIENTED_EDGE ( 'NONE', *, *, #2381, .T. ) ;
#2398 = ADVANCED_FACE ( 'NONE', ( #10702 ), #10765, .F. ) ;
#2399 = EDGE_LOOP ( 'NONE', ( #2400, #2392, #2394, #2374 ) ) ;
#2400 = ORIENTED_EDGE ( 'NONE', *, *, #2247, .T. ) ;
#2401 = ORIENTED_EDGE ( 'NONE', *, *, #2384, .F. ) ;
#2402 = EDGE_LOOP ( 'NONE', ( #2377, #2378, #2379, #2453, #1949 ) ) ;
#2403 = ADVANCED_FACE ( 'NONE', ( #10763 ), #10777, .F. ) ;
#2404 = ORIENTED_EDGE ( 'NONE', *, *, #2323, .T. ) ;
#2405 = ORIENTED_EDGE ( 'NONE', *, *, #2204, .F. ) ;
#2406 = ORIENTED_EDGE ( 'NONE', *, *, #2380, .T. ) ;
#2407 = EDGE_CURVE ( 'NONE', #2476, #1759, #10755, .T. ) ;
#2408 = ORIENTED_EDGE ( 'NONE', *, *, #2435, .F. ) ;
#2409 = ADVANCED_FACE ( 'NONE', ( #10773 ), #10922, .F. ) ;
#2410 = ORIENTED_EDGE ( 'NONE', *, *, #2407, .F. ) ;
#2411 = ORIENTED_EDGE ( 'NONE', *, *, #2407, .T. ) ;
#2412 = ADVANCED_FACE ( 'NONE', ( #10943 ), #10955, .F. ) ;
#2413 = EDGE_LOOP ( 'NONE', ( #2440, #2416, #2358, #2436 ) ) ;
#2414 = ORIENTED_EDGE ( 'NONE', *, *, #1761, .T. ) ;
#2415 = ORIENTED_EDGE ( 'NONE', *, *, #2435, .T. ) ;
#2416 = ORIENTED_EDGE ( 'NONE', *, *, #2357, .F. ) ;
#2417 = EDGE_LOOP ( 'NONE', ( #2450, #2451, #2445, #2446 ) ) ;
#2418 = ADVANCED_FACE ( 'NONE', ( #10895 ), #10950, .F. ) ;
#2419 = EDGE_LOOP ( 'NONE', ( #2395, #2345, #2347, #2340 ) ) ;
#2420 = ORIENTED_EDGE ( 'NONE', *, *, #2257, .T. ) ;
#2421 = EDGE_CURVE ( 'NONE', #2452, #3690, #10937, .T. ) ;
#2422 = ORIENTED_EDGE ( 'NONE', *, *, #2205, .T. ) ;
#2423 = ORIENTED_EDGE ( 'NONE', *, *, #4017, .F. ) ;
#2424 = ORIENTED_EDGE ( 'NONE', *, *, #2278, .F. ) ;
#2425 = ORIENTED_EDGE ( 'NONE', *, *, #2384, .T. ) ;
#2426 = ADVANCED_FACE ( 'NONE', ( #10933 ), #10999, .F. ) ;
#2427 = ORIENTED_EDGE ( 'NONE', *, *, #2380, .F. ) ;
#2428 = EDGE_CURVE ( 'NONE', #2492, #1928, #10963, .T. ) ;
#2429 = ADVANCED_FACE ( 'NONE', ( #10970 ), #10973, .F. ) ;
#2430 = EDGE_LOOP ( 'NONE', ( #2431, #2530, #2434, #2411 ) ) ;
#2431 = ORIENTED_EDGE ( 'NONE', *, *, #1931, .T. ) ;
#2432 = EDGE_LOOP ( 'NONE', ( #2449, #2410, #2359, #2415 ) ) ;
#2433 = EDGE_CURVE ( 'NONE', #2489, #1773, #10974, .T. ) ;
#2434 = ORIENTED_EDGE ( 'NONE', *, *, #2519, .F. ) ;
#2435 = EDGE_CURVE ( 'NONE', #2498, #1758, #11042, .T. ) ;
#2436 = ORIENTED_EDGE ( 'NONE', *, *, #2531, .T. ) ;
#2437 = ADVANCED_FACE ( 'NONE', ( #11038 ), #11052, .F. ) ;
#2438 = ORIENTED_EDGE ( 'NONE', *, *, #1795, .T. ) ;
#2439 = ORIENTED_EDGE ( 'NONE', *, *, #2497, .F. ) ;
#2440 = ORIENTED_EDGE ( 'NONE', *, *, #1912, .T. ) ;
#2441 = ORIENTED_EDGE ( 'NONE', *, *, #2491, .F. ) ;
#2442 = ORIENTED_EDGE ( 'NONE', *, *, #2433, .T. ) ;
#2443 = ADVANCED_FACE ( 'NONE', ( #11045 ), #11024, .F. ) ;
#2444 = EDGE_LOOP ( 'NONE', ( #2528, #2529, #2468, #2457 ) ) ;
#2445 = ORIENTED_EDGE ( 'NONE', *, *, #2488, .F. ) ;
#2446 = ORIENTED_EDGE ( 'NONE', *, *, #2357, .T. ) ;
#2447 = ADVANCED_FACE ( 'NONE', ( #11017 ), #11057, .F. ) ;
#2448 = EDGE_LOOP ( 'NONE', ( #2414, #2360, #2441, #2442 ) ) ;
#2449 = ORIENTED_EDGE ( 'NONE', *, *, #1890, .T. ) ;
#2450 = ORIENTED_EDGE ( 'NONE', *, *, #1929, .T. ) ;
#2451 = ORIENTED_EDGE ( 'NONE', *, *, #2433, .F. ) ;
#2452 = VERTEX_POINT ( 'NONE', #11166 ) ;
#2453 = ORIENTED_EDGE ( 'NONE', *, *, #2454, .T. ) ;
#2454 = EDGE_CURVE ( 'NONE', #2452, #1636, #11110, .T. ) ;
#2455 = ORIENTED_EDGE ( 'NONE', *, *, #1799, .T. ) ;
#2456 = ORIENTED_EDGE ( 'NONE', *, *, #2540, .F. ) ;
#2457 = ORIENTED_EDGE ( 'NONE', *, *, #2428, .T. ) ;
#2458 = EDGE_LOOP ( 'NONE', ( #2455, #2473, #2456, #2353 ) ) ;
#2459 = ORIENTED_EDGE ( 'NONE', *, *, #2460, .F. ) ;
#2460 = EDGE_CURVE ( 'NONE', #2506, #1835, #11130, .T. ) ;
#2461 = ORIENTED_EDGE ( 'NONE', *, *, #2462, .F. ) ;
#2462 = EDGE_CURVE ( 'NONE', #2509, #1800, #11149, .T. ) ;
#2463 = ORIENTED_EDGE ( 'NONE', *, *, #2508, .F. ) ;
#2464 = EDGE_LOOP ( 'NONE', ( #2352, #2689, #2700, #2690 ) ) ;
#2465 = ADVANCED_FACE ( 'NONE', ( #11145 ), #11114, .F. ) ;
#2466 = ORIENTED_EDGE ( 'NONE', *, *, #2505, .F. ) ;
#2467 = ORIENTED_EDGE ( 'NONE', *, *, #2354, .T. ) ;
#2468 = ORIENTED_EDGE ( 'NONE', *, *, #2494, .F. ) ;
#2469 = ORIENTED_EDGE ( 'NONE', *, *, #1834, .T. ) ;
#2470 = ORIENTED_EDGE ( 'NONE', *, *, #1838, .T. ) ;
#2471 = EDGE_LOOP ( 'NONE', ( #2470, #2459, #2466, #2467 ) ) ;
#2472 = ADVANCED_FACE ( 'NONE', ( #11162 ), #11169, .F. ) ;
#2473 = ORIENTED_EDGE ( 'NONE', *, *, #2354, .F. ) ;
#2474 = ORIENTED_EDGE ( 'NONE', *, *, #3885, .F. ) ;
#2475 = EDGE_CURVE ( 'NONE', #2498, #2476, #11074, .T. ) ;
#2476 = VERTEX_POINT ( 'NONE', #11070 ) ;
#2477 = VERTEX_POINT ( 'NONE', #11069 ) ;
#2478 = ORIENTED_EDGE ( 'NONE', *, *, #2479, .T. ) ;
#2479 = EDGE_CURVE ( 'NONE', #1645, #2480, #11068, .T. ) ;
#2480 = VERTEX_POINT ( 'NONE', #11064 ) ;
#2481 = ORIENTED_EDGE ( 'NONE', *, *, #1698, .T. ) ;
#2482 = ORIENTED_EDGE ( 'NONE', *, *, #2373, .F. ) ;
#2483 = ORIENTED_EDGE ( 'NONE', *, *, #2484, .T. ) ;
#2484 = EDGE_CURVE ( 'NONE', #2511, #1914, #11063, .T. ) ;
#2485 = ADVANCED_FACE ( 'NONE', ( #11210 ), #11195, .F. ) ;
#2486 = EDGE_LOOP ( 'NONE', ( #2366, #2367, #2369, #2370 ) ) ;
#2487 = ORIENTED_EDGE ( 'NONE', *, *, #2488, .T. ) ;
#2488 = EDGE_CURVE ( 'NONE', #2513, #2489, #11194, .T. ) ;
#2489 = VERTEX_POINT ( 'NONE', #11184 ) ;
#2490 = ORIENTED_EDGE ( 'NONE', *, *, #2491, .T. ) ;
#2491 = EDGE_CURVE ( 'NONE', #2489, #2492, #11183, .T. ) ;
#2492 = VERTEX_POINT ( 'NONE', #11179 ) ;
#2493 = ORIENTED_EDGE ( 'NONE', *, *, #2494, .T. ) ;
#2494 = EDGE_CURVE ( 'NONE', #2492, #2538, #11177, .T. ) ;
#2495 = ADVANCED_FACE ( 'NONE', ( #11092 ), #11060, .F. ) ;
#2496 = ORIENTED_EDGE ( 'NONE', *, *, #2497, .T. ) ;
#2497 = EDGE_CURVE ( 'NONE', #2499, #2498, #11142, .T. ) ;
#2498 = VERTEX_POINT ( 'NONE', #11138 ) ;
#2499 = VERTEX_POINT ( 'NONE', #11137 ) ;
#2500 = EDGE_CURVE ( 'NONE', #2499, #1796, #11135, .T. ) ;
#2501 = ORIENTED_EDGE ( 'NONE', *, *, #2387, .F. ) ;
#2502 = ORIENTED_EDGE ( 'NONE', *, *, #2526, .T. ) ;
#2503 = ADVANCED_FACE ( 'NONE', ( #11131 ), #11240, .F. ) ;
#2504 = EDGE_LOOP ( 'NONE', ( #2438, #2408, #2439, #2527 ) ) ;
#2505 = EDGE_CURVE ( 'NONE', #2541, #2506, #11239, .T. ) ;
#2506 = VERTEX_POINT ( 'NONE', #11231 ) ;
#2507 = ORIENTED_EDGE ( 'NONE', *, *, #2508, .T. ) ;
#2508 = EDGE_CURVE ( 'NONE', #2506, #2509, #11230, .T. ) ;
#2509 = VERTEX_POINT ( 'NONE', #11226 ) ;
#2510 = ORIENTED_EDGE ( 'NONE', *, *, #2371, .T. ) ;
#2511 = VERTEX_POINT ( 'NONE', #11225 ) ;
#2512 = EDGE_CURVE ( 'NONE', #2477, #2513, #11224, .T. ) ;
#2513 = VERTEX_POINT ( 'NONE', #11220 ) ;
#2514 = EDGE_LOOP ( 'NONE', ( #2515, #2517, #2482, #2483 ) ) ;
#2515 = ORIENTED_EDGE ( 'NONE', *, *, #1913, .T. ) ;
#2516 = ORIENTED_EDGE ( 'NONE', *, *, #2383, .F. ) ;
#2517 = ORIENTED_EDGE ( 'NONE', *, *, #2454, .F. ) ;
#2518 = ORIENTED_EDGE ( 'NONE', *, *, #2519, .T. ) ;
#2519 = EDGE_CURVE ( 'NONE', #2476, #2477, #11218, .T. ) ;
#2520 = ORIENTED_EDGE ( 'NONE', *, *, #2512, .T. ) ;
#2521 = ORIENTED_EDGE ( 'NONE', *, *, #2421, .T. ) ;
#2522 = ADVANCED_FACE ( 'NONE', ( #11106 ), #11264, .F. ) ;
#2523 = EDGE_LOOP ( 'NONE', ( #2524, #2525, #2363, #2364 ) ) ;
#2524 = ORIENTED_EDGE ( 'NONE', *, *, #1737, .T. ) ;
#2525 = ORIENTED_EDGE ( 'NONE', *, *, #2526, .F. ) ;
#2526 = EDGE_CURVE ( 'NONE', #2545, #1832, #11263, .T. ) ;
#2527 = ORIENTED_EDGE ( 'NONE', *, *, #2500, .T. ) ;
#2528 = ORIENTED_EDGE ( 'NONE', *, *, #1927, .T. ) ;
#2529 = ORIENTED_EDGE ( 'NONE', *, *, #1847, .F. ) ;
#2530 = ORIENTED_EDGE ( 'NONE', *, *, #2531, .F. ) ;
#2531 = EDGE_CURVE ( 'NONE', #2477, #1836, #11255, .T. ) ;
#2532 = ORIENTED_EDGE ( 'NONE', *, *, #2544, .T. ) ;
#2533 = EDGE_LOOP ( 'NONE', ( #2521, #2543, #2474, #2481, #2478, #2532, #2386, #2496, #2365, #2518, #2520, #2487, #2490, #2493, #2539, #2542, #2507, #2510, #2372 ) ) ;
#2534 = ADVANCED_FACE ( 'NONE', ( #11413 ), #11452, .F. ) ;
#2535 = EDGE_LOOP ( 'NONE', ( #2536, #2537, #2501, #2502 ) ) ;
#2536 = ORIENTED_EDGE ( 'NONE', *, *, #1798, .T. ) ;
#2537 = ORIENTED_EDGE ( 'NONE', *, *, #2500, .F. ) ;
#2538 = VERTEX_POINT ( 'NONE', #11410 ) ;
#2539 = ORIENTED_EDGE ( 'NONE', *, *, #2540, .T. ) ;
#2540 = EDGE_CURVE ( 'NONE', #2538, #2541, #11409, .T. ) ;
#2541 = VERTEX_POINT ( 'NONE', #11405 ) ;
#2542 = ORIENTED_EDGE ( 'NONE', *, *, #2505, .T. ) ;
#2543 = ORIENTED_EDGE ( 'NONE', *, *, #3990, .T. ) ;
#2544 = EDGE_CURVE ( 'NONE', #2480, #2545, #11339, .T. ) ;
#2545 = VERTEX_POINT ( 'NONE', #11335 ) ;
#2546 = ADVANCED_FACE ( 'NONE', ( #11334 ), #11477, .F. ) ;
#2547 = EDGE_LOOP ( 'NONE', ( #2548, #2549, #2551, #2397 ) ) ;
#2548 = ORIENTED_EDGE ( 'NONE', *, *, #2339, .T. ) ;
#2549 = ORIENTED_EDGE ( 'NONE', *, *, #2550, .F. ) ;
#2550 = EDGE_CURVE ( 'NONE', #2253, #2206, #11476, .T. ) ;
#2551 = ORIENTED_EDGE ( 'NONE', *, *, #2228, .F. ) ;
#2552 = ORIENTED_EDGE ( 'NONE', *, *, #2869, .F. ) ;
#2553 = EDGE_LOOP ( 'NONE', ( #2560, #2908, #2909, #2583 ) ) ;
#2554 = ORIENTED_EDGE ( 'NONE', *, *, #2624, .T. ) ;
#2555 = ORIENTED_EDGE ( 'NONE', *, *, #4329, .F. ) ;
#2556 = EDGE_LOOP ( 'NONE', ( #2634, #2567, #2859, #2580 ) ) ;
#2557 = ORIENTED_EDGE ( 'NONE', *, *, #2586, .T. ) ;
#2558 = ORIENTED_EDGE ( 'NONE', *, *, #4529, .F. ) ;
#2559 = ORIENTED_EDGE ( 'NONE', *, *, #2823, .F. ) ;
#2560 = ORIENTED_EDGE ( 'NONE', *, *, #2844, .T. ) ;
#2561 = ORIENTED_EDGE ( 'NONE', *, *, #4298, .F. ) ;
#2562 = ORIENTED_EDGE ( 'NONE', *, *, #2808, .F. ) ;
#2563 = ORIENTED_EDGE ( 'NONE', *, *, #2564, .F. ) ;
#2564 = EDGE_CURVE ( 'NONE', #4358, #4368, #11467, .T. ) ;
#2565 = ORIENTED_EDGE ( 'NONE', *, *, #4357, .F. ) ;
#2566 = ADVANCED_FACE ( 'NONE', ( #11468 ), #11442, .T. ) ;
#2567 = ORIENTED_EDGE ( 'NONE', *, *, #4331, .F. ) ;
#2568 = ADVANCED_FACE ( 'NONE', ( #11443 ), #11456, .T. ) ;
#2569 = ORIENTED_EDGE ( 'NONE', *, *, #2912, .T. ) ;
#2570 = ORIENTED_EDGE ( 'NONE', *, *, #4434, .F. ) ;
#2571 = ORIENTED_EDGE ( 'NONE', *, *, #2572, .F. ) ;
#2572 = EDGE_CURVE ( 'NONE', #4487, #4432, #11401, .T. ) ;
#2573 = ORIENTED_EDGE ( 'NONE', *, *, #4521, .F. ) ;
#2574 = ADVANCED_FACE ( 'NONE', ( #11396 ), #11372, .T. ) ;
#2575 = EDGE_LOOP ( 'NONE', ( #2576, #2577, #2563, #2565 ) ) ;
#2576 = ORIENTED_EDGE ( 'NONE', *, *, #2621, .T. ) ;
#2577 = ORIENTED_EDGE ( 'NONE', *, *, #4607, .F. ) ;
#2578 = ORIENTED_EDGE ( 'NONE', *, *, #4293, .F. ) ;
#2579 = ORIENTED_EDGE ( 'NONE', *, *, #2844, .F. ) ;
#2580 = ORIENTED_EDGE ( 'NONE', *, *, #4388, .F. ) ;
#2581 = ADVANCED_FACE ( 'NONE', ( #11373 ), #11379, .T. ) ;
#2582 = EDGE_LOOP ( 'NONE', ( #2554, #2555, #2579, #2906 ) ) ;
#2583 = ORIENTED_EDGE ( 'NONE', *, *, #4295, .F. ) ;
#2584 = ADVANCED_FACE ( 'NONE', ( #11380 ), #11321, .T. ) ;
#2585 = ORIENTED_EDGE ( 'NONE', *, *, #2586, .F. ) ;
#2586 = EDGE_CURVE ( 'NONE', #4249, #4450, #11322, .T. ) ;
#2587 = ORIENTED_EDGE ( 'NONE', *, *, #4565, .F. ) ;
#2588 = ADVANCED_FACE ( 'NONE', ( #11290 ), #11274, .T. ) ;
#2589 = EDGE_LOOP ( 'NONE', ( #2590, #2619, #2620, #2622 ) ) ;
#2590 = ORIENTED_EDGE ( 'NONE', *, *, #2823, .T. ) ;
#2591 = ORIENTED_EDGE ( 'NONE', *, *, #2616, .F. ) ;
#2592 = ORIENTED_EDGE ( 'NONE', *, *, #2735, .T. ) ;
#2593 = ORIENTED_EDGE ( 'NONE', *, *, #4769, .F. ) ;
#2594 = ORIENTED_EDGE ( 'NONE', *, *, #3755, .F. ) ;
#2595 = ORIENTED_EDGE ( 'NONE', *, *, #2758, .T. ) ;
#2596 = ORIENTED_EDGE ( 'NONE', *, *, #2731, .T. ) ;
#2597 = ORIENTED_EDGE ( 'NONE', *, *, #2598, .T. ) ;
#2598 = EDGE_CURVE ( 'NONE', #2796, #4701, #11313, .T. ) ;
#2599 = ADVANCED_FACE ( 'NONE', ( #11309 ), #11526, .F. ) ;
#2600 = EDGE_LOOP ( 'NONE', ( #2752, #2753, #2641 ) ) ;
#2601 = ORIENTED_EDGE ( 'NONE', *, *, #4284, .F. ) ;
#2602 = ORIENTED_EDGE ( 'NONE', *, *, #3853, .F. ) ;
#2603 = ORIENTED_EDGE ( 'NONE', *, *, #4190, .F. ) ;
#2604 = ORIENTED_EDGE ( 'NONE', *, *, #2605, .F. ) ;
#2605 = EDGE_CURVE ( 'NONE', #3854, #4188, #11686, .T. ) ;
#2606 = ORIENTED_EDGE ( 'NONE', *, *, #3868, .T. ) ;
#2607 = ORIENTED_EDGE ( 'NONE', *, *, #2608, .T. ) ;
#2608 = EDGE_CURVE ( 'NONE', #3872, #4094, #11531, .T. ) ;
#2609 = ORIENTED_EDGE ( 'NONE', *, *, #4282, .T. ) ;
#2610 = ORIENTED_EDGE ( 'NONE', *, *, #2611, .T. ) ;
#2611 = EDGE_CURVE ( 'NONE', #4512, #4318, #11656, .T. ) ;
#2612 = ADVANCED_FACE ( 'NONE', ( #11652 ), #11503, .T. ) ;
#2613 = ORIENTED_EDGE ( 'NONE', *, *, #4310, .F. ) ;
#2614 = ORIENTED_EDGE ( 'NONE', *, *, #2611, .F. ) ;
#2615 = EDGE_LOOP ( 'NONE', ( #2613, #2614, #2678 ) ) ;
#2616 = EDGE_CURVE ( 'NONE', #4554, #4311, #11662, .T. ) ;
#2617 = ADVANCED_FACE ( 'NONE', ( #11613 ), #11624, .F. ) ;
#2618 = EDGE_LOOP ( 'NONE', ( #2761, #2762, #2763 ) ) ;
#2619 = ORIENTED_EDGE ( 'NONE', *, *, #4476, .F. ) ;
#2620 = ORIENTED_EDGE ( 'NONE', *, *, #2621, .F. ) ;
#2621 = EDGE_CURVE ( 'NONE', #4355, #4609, #11618, .T. ) ;
#2622 = ORIENTED_EDGE ( 'NONE', *, *, #4423, .F. ) ;
#2623 = EDGE_LOOP ( 'NONE', ( #2569, #2570, #2571, #2573 ) ) ;
#2624 = EDGE_CURVE ( 'NONE', #4340, #4272, #11596, .T. ) ;
#2625 = ORIENTED_EDGE ( 'NONE', *, *, #2624, .F. ) ;
#2626 = ADVANCED_FACE ( 'NONE', ( #11591 ), #11520, .T. ) ;
#2627 = ADVANCED_FACE ( 'NONE', ( #11521 ), #11565, .T. ) ;
#2628 = ORIENTED_EDGE ( 'NONE', *, *, #2631, .T. ) ;
#2629 = ORIENTED_EDGE ( 'NONE', *, *, #4362, .F. ) ;
#2630 = ORIENTED_EDGE ( 'NONE', *, *, #2631, .F. ) ;
#2631 = EDGE_CURVE ( 'NONE', #4523, #4247, #11566, .T. ) ;
#2632 = ORIENTED_EDGE ( 'NONE', *, *, #4525, .F. ) ;
#2633 = EDGE_LOOP ( 'NONE', ( #2628, #2860, #2861, #2863 ) ) ;
#2634 = ORIENTED_EDGE ( 'NONE', *, *, #2680, .T. ) ;
#2635 = ADVANCED_FACE ( 'NONE', ( #11556 ), #11679, .F. ) ;
#2636 = ADVANCED_FACE ( 'NONE', ( #11672 ), #11536, .T. ) ;
#2637 = ORIENTED_EDGE ( 'NONE', *, *, #2646, .F. ) ;
#2638 = EDGE_LOOP ( 'NONE', ( #2659, #2637, #2652, #2668, #2647 ) ) ;
#2639 = ORIENTED_EDGE ( 'NONE', *, *, #2653, .T. ) ;
#2640 = ORIENTED_EDGE ( 'NONE', *, *, #4117, .F. ) ;
#2641 = ORIENTED_EDGE ( 'NONE', *, *, #2646, .T. ) ;
#2642 = EDGE_CURVE ( 'NONE', #4764, #4212, #11650, .T. ) ;
#2643 = ORIENTED_EDGE ( 'NONE', *, *, #2642, .T. ) ;
#2644 = ORIENTED_EDGE ( 'NONE', *, *, #4795, .T. ) ;
#2645 = ORIENTED_EDGE ( 'NONE', *, *, #2653, .F. ) ;
#2646 = EDGE_CURVE ( 'NONE', #4777, #4223, #11643, .T. ) ;
#2647 = ORIENTED_EDGE ( 'NONE', *, *, #2795, .T. ) ;
#2648 = ADVANCED_FACE ( 'NONE', ( #11638 ), #11500, .T. ) ;
#2649 = EDGE_LOOP ( 'NONE', ( #2768, #2769, #2775 ) ) ;
#2650 = EDGE_LOOP ( 'NONE', ( #2645, #2644, #2660 ) ) ;
#2651 = ADVANCED_FACE ( 'NONE', ( #11498 ), #11869, .T. ) ;
#2652 = ORIENTED_EDGE ( 'NONE', *, *, #4779, .F. ) ;
#2653 = EDGE_CURVE ( 'NONE', #4765, #4175, #11844, .T. ) ;
#2654 = ORIENTED_EDGE ( 'NONE', *, *, #4211, .T. ) ;
#2655 = ORIENTED_EDGE ( 'NONE', *, *, #4382, .F. ) ;
#2656 = ORIENTED_EDGE ( 'NONE', *, *, #2657, .F. ) ;
#2657 = EDGE_CURVE ( 'NONE', #4259, #4385, #11790, .T. ) ;
#2658 = ORIENTED_EDGE ( 'NONE', *, *, #4278, .F. ) ;
#2659 = ORIENTED_EDGE ( 'NONE', *, *, #4225, .T. ) ;
#2660 = ORIENTED_EDGE ( 'NONE', *, *, #4163, .F. ) ;
#2661 = ADVANCED_FACE ( 'NONE', ( #11785 ), #11870, .F. ) ;
#2662 = EDGE_LOOP ( 'NONE', ( #2666, #2639, #2640, #2719 ) ) ;
#2663 = ORIENTED_EDGE ( 'NONE', *, *, #2664, .F. ) ;
#2664 = EDGE_CURVE ( 'NONE', #4309, #4334, #11738, .T. ) ;
#2665 = ORIENTED_EDGE ( 'NONE', *, *, #4413, .F. ) ;
#2666 = ORIENTED_EDGE ( 'NONE', *, *, #4763, .T. ) ;
#2667 = ORIENTED_EDGE ( 'NONE', *, *, #4772, .F. ) ;
#2668 = ORIENTED_EDGE ( 'NONE', *, *, #2598, .F. ) ;
#2669 = ADVANCED_FACE ( 'NONE', ( #11779 ), #11764, .T. ) ;
#2670 = EDGE_LOOP ( 'NONE', ( #2671, #2672, #2673, #2681 ) ) ;
#2671 = ORIENTED_EDGE ( 'NONE', *, *, #2664, .T. ) ;
#2672 = ORIENTED_EDGE ( 'NONE', *, *, #4333, .F. ) ;
#2673 = ORIENTED_EDGE ( 'NONE', *, *, #2680, .F. ) ;
#2674 = ADVANCED_FACE ( 'NONE', ( #11765 ), #11859, .F. ) ;
#2675 = EDGE_LOOP ( 'NONE', ( #2601, #2779, #2729 ) ) ;
#2676 = ORIENTED_EDGE ( 'NONE', *, *, #4743, .F. ) ;
#2677 = ADVANCED_FACE ( 'NONE', ( #11855 ), #11888, .T. ) ;
#2678 = ORIENTED_EDGE ( 'NONE', *, *, #4511, .F. ) ;
#2679 = ADVANCED_FACE ( 'NONE', ( #11881 ), #11840, .F. ) ;
#2680 = EDGE_CURVE ( 'NONE', #4324, #4300, #11833, .T. ) ;
#2681 = ORIENTED_EDGE ( 'NONE', *, *, #4386, .F. ) ;
#2682 = ADVANCED_FACE ( 'NONE', ( #11829 ), #11703, .T. ) ;
#2683 = EDGE_LOOP ( 'NONE', ( #2684, #2685, #2625, #2578 ) ) ;
#2684 = ORIENTED_EDGE ( 'NONE', *, *, #2657, .T. ) ;
#2685 = ORIENTED_EDGE ( 'NONE', *, *, #4236, .F. ) ;
#2686 = EDGE_LOOP ( 'NONE', ( #2667, #2643, #2654 ) ) ;
#2687 = ORIENTED_EDGE ( 'NONE', *, *, #2688, .F. ) ;
#2688 = EDGE_CURVE ( 'NONE', #4337, #4280, #11704, .T. ) ;
#2689 = ORIENTED_EDGE ( 'NONE', *, *, #2484, .F. ) ;
#2690 = ORIENTED_EDGE ( 'NONE', *, *, #2462, .T. ) ;
#2691 = ORIENTED_EDGE ( 'NONE', *, *, #4105, .F. ) ;
#2692 = ORIENTED_EDGE ( 'NONE', *, *, #4460, .T. ) ;
#2693 = EDGE_LOOP ( 'NONE', ( #2692, #2707, #2691, #2767 ) ) ;
#2694 = ORIENTED_EDGE ( 'NONE', *, *, #2702, .F. ) ;
#2695 = EDGE_LOOP ( 'NONE', ( #2742, #2743, #2741, #2771 ) ) ;
#2696 = ORIENTED_EDGE ( 'NONE', *, *, #4560, .T. ) ;
#2697 = ORIENTED_EDGE ( 'NONE', *, *, #2616, .T. ) ;
#2698 = ADVANCED_FACE ( 'NONE', ( #11694 ), #11808, .F. ) ;
#2699 = EDGE_LOOP ( 'NONE', ( #2708, #2709, #2712, #2713 ) ) ;
#2700 = ORIENTED_EDGE ( 'NONE', *, *, #2371, .F. ) ;
#2701 = ORIENTED_EDGE ( 'NONE', *, *, #4220, .T. ) ;
#2702 = EDGE_CURVE ( 'NONE', #4458, #4106, #11807, .T. ) ;
#2703 = ADVANCED_FACE ( 'NONE', ( #11794 ), #11967, .F. ) ;
#2704 = EDGE_LOOP ( 'NONE', ( #2705, #2694, #2676 ) ) ;
#2705 = ORIENTED_EDGE ( 'NONE', *, *, #3862, .F. ) ;
#2706 = ADVANCED_FACE ( 'NONE', ( #12020 ), #11893, .F. ) ;
#2707 = ORIENTED_EDGE ( 'NONE', *, *, #2702, .T. ) ;
#2708 = ORIENTED_EDGE ( 'NONE', *, *, #4494, .T. ) ;
#2709 = ORIENTED_EDGE ( 'NONE', *, *, #2710, .T. ) ;
#2710 = EDGE_CURVE ( 'NONE', #4461, #4254, #11930, .T. ) ;
#2711 = EDGE_LOOP ( 'NONE', ( #2609, #2696, #2697 ) ) ;
#2712 = ORIENTED_EDGE ( 'NONE', *, *, #4257, .F. ) ;
#2713 = ORIENTED_EDGE ( 'NONE', *, *, #2714, .F. ) ;
#2714 = EDGE_CURVE ( 'NONE', #4463, #4302, #11915, .T. ) ;
#2715 = ORIENTED_EDGE ( 'NONE', *, *, #4336, .F. ) ;
#2716 = ADVANCED_FACE ( 'NONE', ( #12067 ), #12052, .T. ) ;
#2717 = EDGE_LOOP ( 'NONE', ( #2718, #2655, #2656, #2658 ) ) ;
#2718 = ORIENTED_EDGE ( 'NONE', *, *, #2688, .T. ) ;
#2719 = ORIENTED_EDGE ( 'NONE', *, *, #2642, .F. ) ;
#2720 = ADVANCED_FACE ( 'NONE', ( #12081 ), #11895, .T. ) ;
#2721 = EDGE_LOOP ( 'NONE', ( #2663, #2665, #2687, #2715 ) ) ;
#2722 = ADVANCED_FACE ( 'NONE', ( #12038 ), #11987, .F. ) ;
#2723 = ORIENTED_EDGE ( 'NONE', *, *, #4515, .F. ) ;
#2724 = ADVANCED_FACE ( 'NONE', ( #11980 ), #11965, .T. ) ;
#2725 = EDGE_LOOP ( 'NONE', ( #2786, #2787, #2788, #2789 ) ) ;
#2726 = ADVANCED_FACE ( 'NONE', ( #11964 ), #12004, .F. ) ;
#2727 = EDGE_LOOP ( 'NONE', ( #2728, #2744, #2745, #2746, #2747 ) ) ;
#2728 = ORIENTED_EDGE ( 'NONE', *, *, #2751, .T. ) ;
#2729 = ORIENTED_EDGE ( 'NONE', *, *, #4557, .F. ) ;
#2730 = ORIENTED_EDGE ( 'NONE', *, *, #2731, .F. ) ;
#2731 = EDGE_CURVE ( 'NONE', #4812, #2796, #12003, .T. ) ;
#2732 = ADVANCED_FACE ( 'NONE', ( #11990 ), #11947, .T. ) ;
#2733 = EDGE_LOOP ( 'NONE', ( #2734, #2596, #2597 ) ) ;
#2734 = ORIENTED_EDGE ( 'NONE', *, *, #4700, .F. ) ;
#2735 = EDGE_CURVE ( 'NONE', #4790, #4221, #12046, .T. ) ;
#2736 = ADVANCED_FACE ( 'NONE', ( #12042 ), #11924, .T. ) ;
#2737 = EDGE_LOOP ( 'NONE', ( #2701, #2770, #2592 ) ) ;
#2738 = ORIENTED_EDGE ( 'NONE', *, *, #4091, .F. ) ;
#2739 = ORIENTED_EDGE ( 'NONE', *, *, #2772, .F. ) ;
#2740 = EDGE_CURVE ( 'NONE', #4806, #4144, #12147, .T. ) ;
#2741 = ORIENTED_EDGE ( 'NONE', *, *, #4805, .F. ) ;
#2742 = ORIENTED_EDGE ( 'NONE', *, *, #4202, .T. ) ;
#2743 = ORIENTED_EDGE ( 'NONE', *, *, #2740, .F. ) ;
#2744 = ORIENTED_EDGE ( 'NONE', *, *, #3682, .T. ) ;
#2745 = ORIENTED_EDGE ( 'NONE', *, *, #2754, .T. ) ;
#2746 = ORIENTED_EDGE ( 'NONE', *, *, #4136, .F. ) ;
#2747 = ORIENTED_EDGE ( 'NONE', *, *, #2798, .F. ) ;
#2748 = ADVANCED_FACE ( 'NONE', ( #12117 ), #12127, .T. ) ;
#2749 = EDGE_LOOP ( 'NONE', ( #2602, #2603, #2604 ) ) ;
#2750 = ORIENTED_EDGE ( 'NONE', *, *, #2751, .F. ) ;
#2751 = EDGE_CURVE ( 'NONE', #2783, #3716, #12179, .T. ) ;
#2752 = ORIENTED_EDGE ( 'NONE', *, *, #4152, .T. ) ;
#2753 = ORIENTED_EDGE ( 'NONE', *, *, #4781, .T. ) ;
#2754 = EDGE_CURVE ( 'NONE', #3860, #4137, #12110, .T. ) ;
#2755 = ADVANCED_FACE ( 'NONE', ( #12106 ), #12103, .F. ) ;
#2756 = EDGE_LOOP ( 'NONE', ( #2757, #2606, #2607 ) ) ;
#2757 = ORIENTED_EDGE ( 'NONE', *, *, #4093, .T. ) ;
#2758 = EDGE_CURVE ( 'NONE', #3676, #2783, #12091, .T. ) ;
#2759 = ORIENTED_EDGE ( 'NONE', *, *, #3675, .T. ) ;
#2760 = ADVANCED_FACE ( 'NONE', ( #12087 ), #12187, .F. ) ;
#2761 = ORIENTED_EDGE ( 'NONE', *, *, #4143, .T. ) ;
#2762 = ORIENTED_EDGE ( 'NONE', *, *, #4646, .T. ) ;
#2763 = ORIENTED_EDGE ( 'NONE', *, *, #2740, .T. ) ;
#2764 = ADVANCED_FACE ( 'NONE', ( #12140 ), #12202, .T. ) ;
#2765 = EDGE_LOOP ( 'NONE', ( #2766, #2591, #2723, #2610 ) ) ;
#2766 = ORIENTED_EDGE ( 'NONE', *, *, #4234, .T. ) ;
#2767 = ORIENTED_EDGE ( 'NONE', *, *, #2735, .F. ) ;
#2768 = ORIENTED_EDGE ( 'NONE', *, *, #4317, .T. ) ;
#2769 = ORIENTED_EDGE ( 'NONE', *, *, #4462, .T. ) ;
#2770 = ORIENTED_EDGE ( 'NONE', *, *, #4677, .T. ) ;
#2771 = ORIENTED_EDGE ( 'NONE', *, *, #2772, .T. ) ;
#2772 = EDGE_CURVE ( 'NONE', #4789, #4187, #12201, .T. ) ;
#2773 = ADVANCED_FACE ( 'NONE', ( #12192 ), #8798, .T. ) ;
#2774 = EDGE_LOOP ( 'NONE', ( #2738, #2739, #2593 ) ) ;
#2775 = ORIENTED_EDGE ( 'NONE', *, *, #2714, .T. ) ;
#2776 = EDGE_LOOP ( 'NONE', ( #2782, #2759, #2750 ) ) ;
#2777 = ORIENTED_EDGE ( 'NONE', *, *, #3859, .T. ) ;
#2778 = ORIENTED_EDGE ( 'NONE', *, *, #4193, .F. ) ;
#2779 = ORIENTED_EDGE ( 'NONE', *, *, #2710, .F. ) ;
#2780 = ADVANCED_FACE ( 'NONE', ( #10619 ), #12353, .T. ) ;
#2781 = EDGE_LOOP ( 'NONE', ( #2594, #2595, #2797, #2799 ) ) ;
#2782 = ORIENTED_EDGE ( 'NONE', *, *, #2758, .F. ) ;
#2783 = VERTEX_POINT ( 'NONE', #12335 ) ;
#2784 = EDGE_LOOP ( 'NONE', ( #2785, #2777, #2778 ) ) ;
#2785 = ORIENTED_EDGE ( 'NONE', *, *, #2754, .F. ) ;
#2786 = ORIENTED_EDGE ( 'NONE', *, *, #4132, .T. ) ;
#2787 = ORIENTED_EDGE ( 'NONE', *, *, #2608, .F. ) ;
#2788 = ORIENTED_EDGE ( 'NONE', *, *, #3870, .F. ) ;
#2789 = ORIENTED_EDGE ( 'NONE', *, *, #2605, .T. ) ;
#2790 = ADVANCED_FACE ( 'NONE', ( #12356 ), #12307, .T. ) ;
#2791 = EDGE_LOOP ( 'NONE', ( #2792, #2793, #2794, #2730 ) ) ;
#2792 = ORIENTED_EDGE ( 'NONE', *, *, #4754, .F. ) ;
#2793 = ORIENTED_EDGE ( 'NONE', *, *, #4113, .F. ) ;
#2794 = ORIENTED_EDGE ( 'NONE', *, *, #2795, .F. ) ;
#2795 = EDGE_CURVE ( 'NONE', #2796, #4208, #12312, .T. ) ;
#2796 = VERTEX_POINT ( 'NONE', #12285 ) ;
#2797 = ORIENTED_EDGE ( 'NONE', *, *, #2798, .T. ) ;
#2798 = EDGE_CURVE ( 'NONE', #2783, #4090, #12290, .T. ) ;
#2799 = ORIENTED_EDGE ( 'NONE', *, *, #4089, .T. ) ;
#2800 = ORIENTED_EDGE ( 'NONE', *, *, #4372, .F. ) ;
#2801 = ORIENTED_EDGE ( 'NONE', *, *, #4347, .F. ) ;
#2802 = VERTEX_POINT ( 'NONE', #12291 ) ;
#2803 = ORIENTED_EDGE ( 'NONE', *, *, #2893, .F. ) ;
#2804 = ORIENTED_EDGE ( 'NONE', *, *, #2805, .F. ) ;
#2805 = EDGE_CURVE ( 'NONE', #4360, #4244, #12328, .T. ) ;
#2806 = ORIENTED_EDGE ( 'NONE', *, *, #4289, .F. ) ;
#2807 = EDGE_CURVE ( 'NONE', #4350, #4299, #12340, .T. ) ;
#2808 = EDGE_CURVE ( 'NONE', #4348, #4296, #12304, .T. ) ;
#2809 = VERTEX_POINT ( 'NONE', #12348 ) ;
#2810 = ORIENTED_EDGE ( 'NONE', *, *, #2811, .T. ) ;
#2811 = EDGE_CURVE ( 'NONE', #2809, #2816, #12346, .T. ) ;
#2812 = ADVANCED_FACE ( 'NONE', ( #12300 ), #12375, .T. ) ;
#2813 = EDGE_LOOP ( 'NONE', ( #2936, #3052, #2865, #2970 ) ) ;
#2814 = ORIENTED_EDGE ( 'NONE', *, *, #2815, .T. ) ;
#2815 = EDGE_CURVE ( 'NONE', #2816, #2817, #12373, .T. ) ;
#2816 = VERTEX_POINT ( 'NONE', #12369 ) ;
#2817 = VERTEX_POINT ( 'NONE', #12368 ) ;
#2818 = ORIENTED_EDGE ( 'NONE', *, *, #2890, .F. ) ;
#2819 = EDGE_LOOP ( 'NONE', ( #2894, #2896, #2897, #2834 ) ) ;
#2820 = EDGE_LOOP ( 'NONE', ( #2825, #2830, #2836, #2831 ) ) ;
#2821 = ORIENTED_EDGE ( 'NONE', *, *, #2837, .T. ) ;
#2822 = ORIENTED_EDGE ( 'NONE', *, *, #2807, .T. ) ;
#2823 = EDGE_CURVE ( 'NONE', #4421, #4528, #12382, .T. ) ;
#2824 = ADVANCED_FACE ( 'NONE', ( #12383 ), #12405, .T. ) ;
#2825 = ORIENTED_EDGE ( 'NONE', *, *, #2564, .T. ) ;
#2826 = ADVANCED_FACE ( 'NONE', ( #12446 ), #12403, .T. ) ;
#2827 = ORIENTED_EDGE ( 'NONE', *, *, #2828, .T. ) ;
#2828 = EDGE_CURVE ( 'NONE', #2817, #2802, #12398, .T. ) ;
#2829 = ORIENTED_EDGE ( 'NONE', *, *, #4532, .F. ) ;
#2830 = ORIENTED_EDGE ( 'NONE', *, *, #4429, .F. ) ;
#2831 = ORIENTED_EDGE ( 'NONE', *, *, #4250, .F. ) ;
#2832 = ADVANCED_FACE ( 'NONE', ( #12433 ), #12414, .T. ) ;
#2833 = EDGE_CURVE ( 'NONE', #4488, #4291, #12413, .T. ) ;
#2834 = ORIENTED_EDGE ( 'NONE', *, *, #4444, .F. ) ;
#2835 = EDGE_LOOP ( 'NONE', ( #2821, #2829, #2804, #2806 ) ) ;
#2836 = ORIENTED_EDGE ( 'NONE', *, *, #2837, .F. ) ;
#2837 = EDGE_CURVE ( 'NONE', #4288, #4366, #12464, .T. ) ;
#2838 = ADVANCED_FACE ( 'NONE', ( #12460 ), #12420, .T. ) ;
#2839 = EDGE_LOOP ( 'NONE', ( #2840, #2858, #2911, #2587 ) ) ;
#2840 = ORIENTED_EDGE ( 'NONE', *, *, #2862, .T. ) ;
#2841 = EDGE_LOOP ( 'NONE', ( #2822, #2561, #2562, #2801 ) ) ;
#2842 = ADVANCED_FACE ( 'NONE', ( #13 ), #43, .T. ) ;
#2843 = EDGE_LOOP ( 'NONE', ( #2557, #2558, #2559, #2800 ) ) ;
#2844 = EDGE_CURVE ( 'NONE', #4341, #4380, #45, .T. ) ;
#2845 = ORIENTED_EDGE ( 'NONE', *, *, #2846, .F. ) ;
#2846 = EDGE_CURVE ( 'NONE', #2847, #2926, #42, .T. ) ;
#2847 = VERTEX_POINT ( 'NONE', #38 ) ;
#2848 = ORIENTED_EDGE ( 'NONE', *, *, #2849, .F. ) ;
#2849 = EDGE_CURVE ( 'NONE', #2850, #2847, #37, .T. ) ;
#2850 = VERTEX_POINT ( 'NONE', #12475 ) ;
#2851 = ORIENTED_EDGE ( 'NONE', *, *, #2852, .F. ) ;
#2852 = EDGE_CURVE ( 'NONE', #3046, #2850, #12474, .T. ) ;
#2853 = ORIENTED_EDGE ( 'NONE', *, *, #2854, .F. ) ;
#2854 = EDGE_CURVE ( 'NONE', #2957, #3045, #12481, .T. ) ;
#2855 = ORIENTED_EDGE ( 'NONE', *, *, #3000, .F. ) ;
#2856 = ORIENTED_EDGE ( 'NONE', *, *, #2811, .F. ) ;
#2857 = ADVANCED_FACE ( 'NONE', ( #10 ), #51, .T. ) ;
#2858 = ORIENTED_EDGE ( 'NONE', *, *, #4424, .F. ) ;
#2859 = ORIENTED_EDGE ( 'NONE', *, *, #2807, .F. ) ;
#2860 = ORIENTED_EDGE ( 'NONE', *, *, #4354, .F. ) ;
#2861 = ORIENTED_EDGE ( 'NONE', *, *, #2862, .F. ) ;
#2862 = EDGE_CURVE ( 'NONE', #4563, #4425, #88, .T. ) ;
#2863 = ORIENTED_EDGE ( 'NONE', *, *, #4524, .F. ) ;
#2864 = EDGE_LOOP ( 'NONE', ( #3048, #3037, #2552, #2845, #2848, #2851 ) ) ;
#2865 = ORIENTED_EDGE ( 'NONE', *, *, #2866, .F. ) ;
#2866 = EDGE_CURVE ( 'NONE', #2867, #3046, #134, .T. ) ;
#2867 = VERTEX_POINT ( 'NONE', #135 ) ;
#2868 = ORIENTED_EDGE ( 'NONE', *, *, #2869, .T. ) ;
#2869 = EDGE_CURVE ( 'NONE', #2926, #2817, #140, .T. ) ;
#2870 = ORIENTED_EDGE ( 'NONE', *, *, #2871, .T. ) ;
#2871 = EDGE_CURVE ( 'NONE', #4661, #2850, #120, .T. ) ;
#2872 = ORIENTED_EDGE ( 'NONE', *, *, #2849, .T. ) ;
#2873 = ADVANCED_FACE ( 'NONE', ( #63 ), #56, .T. ) ;
#2874 = ORIENTED_EDGE ( 'NONE', *, *, #2854, .T. ) ;
#2875 = ORIENTED_EDGE ( 'NONE', *, *, #3075, .T. ) ;
#2876 = ORIENTED_EDGE ( 'NONE', *, *, #4718, .T. ) ;
#2877 = ADVANCED_FACE ( 'NONE', ( #106 ), #72, .T. ) ;
#2878 = EDGE_LOOP ( 'NONE', ( #2879, #2880, #2881, #2882, #2883, #2884 ) ) ;
#2879 = ORIENTED_EDGE ( 'NONE', *, *, #2866, .T. ) ;
#2880 = ORIENTED_EDGE ( 'NONE', *, *, #2852, .T. ) ;
#2881 = ORIENTED_EDGE ( 'NONE', *, *, #2871, .F. ) ;
#2882 = ORIENTED_EDGE ( 'NONE', *, *, #4660, .F. ) ;
#2883 = ORIENTED_EDGE ( 'NONE', *, *, #3042, .T. ) ;
#2884 = ORIENTED_EDGE ( 'NONE', *, *, #3040, .T. ) ;
#2885 = ADVANCED_FACE ( 'NONE', ( #74, #73 ), #99, .T. ) ;
#2886 = EDGE_LOOP ( 'NONE', ( #2887, #3051, #3050, #3077, #3088 ) ) ;
#2887 = ORIENTED_EDGE ( 'NONE', *, *, #2888, .F. ) ;
#2888 = EDGE_CURVE ( 'NONE', #3880, #2889, #93, .T. ) ;
#2889 = VERTEX_POINT ( 'NONE', #152 ) ;
#2890 = EDGE_CURVE ( 'NONE', #4570, #4427, #151, .T. ) ;
#2891 = ORIENTED_EDGE ( 'NONE', *, *, #4396, .F. ) ;
#2892 = ORIENTED_EDGE ( 'NONE', *, *, #2572, .T. ) ;
#2893 = EDGE_CURVE ( 'NONE', #2809, #2802, #156, .T. ) ;
#2894 = ORIENTED_EDGE ( 'NONE', *, *, #2890, .T. ) ;
#2895 = ORIENTED_EDGE ( 'NONE', *, *, #4437, .F. ) ;
#2896 = ORIENTED_EDGE ( 'NONE', *, *, #4436, .F. ) ;
#2897 = ORIENTED_EDGE ( 'NONE', *, *, #2833, .F. ) ;
#2898 = ORIENTED_EDGE ( 'NONE', *, *, #2805, .T. ) ;
#2899 = ORIENTED_EDGE ( 'NONE', *, *, #4571, .F. ) ;
#2900 = ADVANCED_FACE ( 'NONE', ( #161 ), #175, .T. ) ;
#2901 = EDGE_LOOP ( 'NONE', ( #2814, #2827, #2803, #2810 ) ) ;
#2902 = ORIENTED_EDGE ( 'NONE', *, *, #4290, .F. ) ;
#2903 = ADVANCED_FACE ( 'NONE', ( #185 ), #232, .T. ) ;
#2904 = EDGE_LOOP ( 'NONE', ( #2905, #2902, #2898, #2899 ) ) ;
#2905 = ORIENTED_EDGE ( 'NONE', *, *, #2833, .T. ) ;
#2906 = ORIENTED_EDGE ( 'NONE', *, *, #4339, .F. ) ;
#2907 = ADVANCED_FACE ( 'NONE', ( #230 ), #206, .T. ) ;
#2908 = ORIENTED_EDGE ( 'NONE', *, *, #4240, .F. ) ;
#2909 = ORIENTED_EDGE ( 'NONE', *, *, #2808, .T. ) ;
#2910 = EDGE_LOOP ( 'NONE', ( #2585, #2629, #2630, #2632 ) ) ;
#2911 = ORIENTED_EDGE ( 'NONE', *, *, #2912, .F. ) ;
#2912 = EDGE_CURVE ( 'NONE', #4519, #4369, #202, .T. ) ;
#2913 = EDGE_LOOP ( 'NONE', ( #3059, #3063, #2944, #2946 ) ) ;
#2914 = EDGE_CURVE ( 'NONE', #2915, #4865, #197, .T. ) ;
#2915 = VERTEX_POINT ( 'NONE', #193 ) ;
#2916 = ORIENTED_EDGE ( 'NONE', *, *, #2917, .T. ) ;
#2917 = EDGE_CURVE ( 'NONE', #2915, #3049, #192, .T. ) ;
#2918 = EDGE_CURVE ( 'NONE', #2802, #3046, #1371, .T. ) ;
#2919 = EDGE_CURVE ( 'NONE', #3033, #3061, #1391, .T. ) ;
#2920 = ORIENTED_EDGE ( 'NONE', *, *, #3060, .T. ) ;
#2921 = ORIENTED_EDGE ( 'NONE', *, *, #2922, .T. ) ;
#2922 = EDGE_CURVE ( 'NONE', #3062, #3034, #1379, .T. ) ;
#2923 = ADVANCED_FACE ( 'NONE', ( #1372 ), #1366, .T. ) ;
#2924 = EDGE_LOOP ( 'NONE', ( #2925, #2972, #3244, #3153 ) ) ;
#2925 = ORIENTED_EDGE ( 'NONE', *, *, #3086, .F. ) ;
#2926 = VERTEX_POINT ( 'NONE', #1360 ) ;
#2927 = ORIENTED_EDGE ( 'NONE', *, *, #2914, .T. ) ;
#2928 = ADVANCED_FACE ( 'NONE', ( #1359 ), #1417, .F. ) ;
#2929 = EDGE_LOOP ( 'NONE', ( #2930, #3082, #3083, #3084 ) ) ;
#2930 = ORIENTED_EDGE ( 'NONE', *, *, #3070, .F. ) ;
#2931 = ORIENTED_EDGE ( 'NONE', *, *, #2932, .T. ) ;
#2932 = EDGE_CURVE ( 'NONE', #3008, #2933, #1416, .T. ) ;
#2933 = VERTEX_POINT ( 'NONE', #1408 ) ;
#2934 = ORIENTED_EDGE ( 'NONE', *, *, #2935, .T. ) ;
#2935 = EDGE_CURVE ( 'NONE', #2933, #4902, #1407, .T. ) ;
#2936 = ORIENTED_EDGE ( 'NONE', *, *, #2893, .T. ) ;
#2937 = ORIENTED_EDGE ( 'NONE', *, *, #3044, .T. ) ;
#2938 = ORIENTED_EDGE ( 'NONE', *, *, #3042, .F. ) ;
#2939 = EDGE_CURVE ( 'NONE', #2957, #2926, #1403, .T. ) ;
#2940 = ORIENTED_EDGE ( 'NONE', *, *, #2815, .F. ) ;
#2941 = ORIENTED_EDGE ( 'NONE', *, *, #2846, .T. ) ;
#2942 = EDGE_CURVE ( 'NONE', #3061, #2943, #1446, .T. ) ;
#2943 = VERTEX_POINT ( 'NONE', #1442 ) ;
#2944 = ORIENTED_EDGE ( 'NONE', *, *, #2945, .T. ) ;
#2945 = EDGE_CURVE ( 'NONE', #2943, #3005, #1441, .T. ) ;
#2946 = ORIENTED_EDGE ( 'NONE', *, *, #2947, .T. ) ;
#2947 = EDGE_CURVE ( 'NONE', #3005, #3062, #1437, .T. ) ;
#2948 = ORIENTED_EDGE ( 'NONE', *, *, #2949, .F. ) ;
#2949 = EDGE_CURVE ( 'NONE', #3067, #3071, #1432, .T. ) ;
#2950 = ADVANCED_FACE ( 'NONE', ( #1424 ), #1340, .T. ) ;
#2951 = ORIENTED_EDGE ( 'NONE', *, *, #4864, .T. ) ;
#2952 = ORIENTED_EDGE ( 'NONE', *, *, #3066, .T. ) ;
#2953 = ORIENTED_EDGE ( 'NONE', *, *, #2954, .T. ) ;
#2954 = EDGE_CURVE ( 'NONE', #3067, #2915, #1339, .T. ) ;
#2955 = ORIENTED_EDGE ( 'NONE', *, *, #2971, .F. ) ;
#2956 = ORIENTED_EDGE ( 'NONE', *, *, #2939, .F. ) ;
#2957 = VERTEX_POINT ( 'NONE', #1331 ) ;
#2958 = EDGE_LOOP ( 'NONE', ( #2984, #2941, #2956, #2874, #2875, #2876 ) ) ;
#2959 = ADVANCED_FACE ( 'NONE', ( #1330 ), #360, .F. ) ;
#2960 = EDGE_LOOP ( 'NONE', ( #2961, #3009, #3012, #2967, #2968, #3028, #3091, #3092 ) ) ;
#2961 = ORIENTED_EDGE ( 'NONE', *, *, #2962, .F. ) ;
#2962 = EDGE_CURVE ( 'NONE', #2963, #3008, #278, .T. ) ;
#2963 = VERTEX_POINT ( 'NONE', #274 ) ;
#2964 = VERTEX_POINT ( 'NONE', #273 ) ;
#2965 = ORIENTED_EDGE ( 'NONE', *, *, #2914, .F. ) ;
#2966 = EDGE_CURVE ( 'NONE', #3011, #3049, #272, .T. ) ;
#2967 = ORIENTED_EDGE ( 'NONE', *, *, #2917, .F. ) ;
#2968 = ORIENTED_EDGE ( 'NONE', *, *, #2954, .F. ) ;
#2969 = EDGE_LOOP ( 'NONE', ( #3014, #2868, #2940, #2999 ) ) ;
#2970 = ORIENTED_EDGE ( 'NONE', *, *, #2971, .T. ) ;
#2971 = EDGE_CURVE ( 'NONE', #2867, #2809, #268, .T. ) ;
#2972 = ORIENTED_EDGE ( 'NONE', *, *, #3306, .T. ) ;
#2973 = ORIENTED_EDGE ( 'NONE', *, *, #3876, .F. ) ;
#2974 = ORIENTED_EDGE ( 'NONE', *, *, #3017, .F. ) ;
#2975 = EDGE_LOOP ( 'NONE', ( #2976, #2979, #2981, #3284 ) ) ;
#2976 = ORIENTED_EDGE ( 'NONE', *, *, #3239, .F. ) ;
#2977 = ORIENTED_EDGE ( 'NONE', *, *, #3307, .F. ) ;
#2978 = ORIENTED_EDGE ( 'NONE', *, *, #3237, .T. ) ;
#2979 = ORIENTED_EDGE ( 'NONE', *, *, #2980, .T. ) ;
#2980 = EDGE_CURVE ( 'NONE', #2943, #3087, #264, .T. ) ;
#2981 = ORIENTED_EDGE ( 'NONE', *, *, #3300, .F. ) ;
#2982 = ORIENTED_EDGE ( 'NONE', *, *, #3238, .F. ) ;
#2983 = ORIENTED_EDGE ( 'NONE', *, *, #2922, .F. ) ;
#2984 = ORIENTED_EDGE ( 'NONE', *, *, #3093, .F. ) ;
#2985 = ADVANCED_FACE ( 'NONE', ( #259 ), #343, .F. ) ;
#2986 = EDGE_LOOP ( 'NONE', ( #3047, #3094, #2870, #2872 ) ) ;
#2987 = ORIENTED_EDGE ( 'NONE', *, *, #2988, .T. ) ;
#2988 = EDGE_CURVE ( 'NONE', #3301, #3078, #342, .T. ) ;
#2989 = ADVANCED_FACE ( 'NONE', ( #333 ), #293, .F. ) ;
#2990 = EDGE_LOOP ( 'NONE', ( #3241, #3242, #2977, #2978 ) ) ;
#2991 = ORIENTED_EDGE ( 'NONE', *, *, #3306, .F. ) ;
#2992 = ORIENTED_EDGE ( 'NONE', *, *, #2980, .F. ) ;
#2993 = ORIENTED_EDGE ( 'NONE', *, *, #2942, .F. ) ;
#2994 = ORIENTED_EDGE ( 'NONE', *, *, #3073, .F. ) ;
#2995 = ORIENTED_EDGE ( 'NONE', *, *, #2966, .F. ) ;
#2996 = ORIENTED_EDGE ( 'NONE', *, *, #2947, .F. ) ;
#2997 = ORIENTED_EDGE ( 'NONE', *, *, #3004, .F. ) ;
#2998 = ADVANCED_FACE ( 'NONE', ( #294 ), #235, .T. ) ;
#2999 = ORIENTED_EDGE ( 'NONE', *, *, #3000, .T. ) ;
#3000 = EDGE_CURVE ( 'NONE', #2816, #2957, #234, .T. ) ;
#3001 = ADVANCED_FACE ( 'NONE', ( #403 ), #388, .T. ) ;
#3002 = VERTEX_POINT ( 'NONE', #358 ) ;
#3003 = ORIENTED_EDGE ( 'NONE', *, *, #3004, .T. ) ;
#3004 = EDGE_CURVE ( 'NONE', #3002, #3005, #357, .T. ) ;
#3005 = VERTEX_POINT ( 'NONE', #353 ) ;
#3006 = ORIENTED_EDGE ( 'NONE', *, *, #3007, .T. ) ;
#3007 = EDGE_CURVE ( 'NONE', #3005, #3008, #352, .T. ) ;
#3008 = VERTEX_POINT ( 'NONE', #348 ) ;
#3009 = ORIENTED_EDGE ( 'NONE', *, *, #3010, .T. ) ;
#3010 = EDGE_CURVE ( 'NONE', #2963, #3011, #347, .T. ) ;
#3011 = VERTEX_POINT ( 'NONE', #382 ) ;
#3012 = ORIENTED_EDGE ( 'NONE', *, *, #2966, .T. ) ;
#3013 = ADVANCED_FACE ( 'NONE', ( #381 ), #365, .T. ) ;
#3014 = ORIENTED_EDGE ( 'NONE', *, *, #2939, .T. ) ;
#3015 = EDGE_LOOP ( 'NONE', ( #3016, #3243, #3305, #3108 ) ) ;
#3016 = ORIENTED_EDGE ( 'NONE', *, *, #2888, .T. ) ;
#3017 = EDGE_CURVE ( 'NONE', #3240, #3881, #364, .T. ) ;
#3018 = EDGE_LOOP ( 'NONE', ( #3019, #3308, #3309, #3057 ) ) ;
#3019 = ORIENTED_EDGE ( 'NONE', *, *, #3007, .F. ) ;
#3020 = EDGE_LOOP ( 'NONE', ( #2994, #2995, #3299, #3021 ) ) ;
#3021 = ORIENTED_EDGE ( 'NONE', *, *, #3086, .T. ) ;
#3022 = ADVANCED_FACE ( 'NONE', ( #442 ), #244, .T. ) ;
#3023 = EDGE_LOOP ( 'NONE', ( #3095, #3133, #3209, #3135 ) ) ;
#3024 = ADVANCED_FACE ( 'NONE', ( #321 ), #426, .T. ) ;
#3025 = EDGE_LOOP ( 'NONE', ( #3026, #3027, #2937, #2938 ) ) ;
#3026 = ORIENTED_EDGE ( 'NONE', *, *, #4656, .F. ) ;
#3027 = ORIENTED_EDGE ( 'NONE', *, *, #3075, .F. ) ;
#3028 = ORIENTED_EDGE ( 'NONE', *, *, #2949, .T. ) ;
#3029 = ADVANCED_FACE ( 'NONE', ( #421 ), #678, .T. ) ;
#3030 = EDGE_LOOP ( 'NONE', ( #3031, #3035, #2920, #2921 ) ) ;
#3031 = ORIENTED_EDGE ( 'NONE', *, *, #3032, .F. ) ;
#3032 = EDGE_CURVE ( 'NONE', #3033, #3034, #673, .T. ) ;
#3033 = VERTEX_POINT ( 'NONE', #669 ) ;
#3034 = VERTEX_POINT ( 'NONE', #668 ) ;
#3035 = ORIENTED_EDGE ( 'NONE', *, *, #2919, .T. ) ;
#3036 = EDGE_CURVE ( 'NONE', #2964, #3759, #666, .T. ) ;
#3037 = ORIENTED_EDGE ( 'NONE', *, *, #2828, .F. ) ;
#3038 = ADVANCED_FACE ( 'NONE', ( #661 ), #509, .F. ) ;
#3039 = ORIENTED_EDGE ( 'NONE', *, *, #3040, .F. ) ;
#3040 = EDGE_CURVE ( 'NONE', #3041, #2867, #508, .T. ) ;
#3041 = VERTEX_POINT ( 'NONE', #500 ) ;
#3042 = EDGE_CURVE ( 'NONE', #4658, #3041, #499, .T. ) ;
#3043 = ORIENTED_EDGE ( 'NONE', *, *, #3044, .F. ) ;
#3044 = EDGE_CURVE ( 'NONE', #3045, #3041, #495, .T. ) ;
#3045 = VERTEX_POINT ( 'NONE', #491 ) ;
#3046 = VERTEX_POINT ( 'NONE', #490 ) ;
#3047 = ORIENTED_EDGE ( 'NONE', *, *, #3093, .T. ) ;
#3048 = ORIENTED_EDGE ( 'NONE', *, *, #2918, .F. ) ;
#3049 = VERTEX_POINT ( 'NONE', #489 ) ;
#3050 = ORIENTED_EDGE ( 'NONE', *, *, #3036, .F. ) ;
#3051 = ORIENTED_EDGE ( 'NONE', *, *, #3875, .F. ) ;
#3052 = ORIENTED_EDGE ( 'NONE', *, *, #2918, .T. ) ;
#3053 = ORIENTED_EDGE ( 'NONE', *, *, #3036, .T. ) ;
#3054 = ADVANCED_FACE ( 'NONE', ( #488 ), #582, .F. ) ;
#3055 = EDGE_LOOP ( 'NONE', ( #3056, #3152, #3304, #2987 ) ) ;
#3056 = ORIENTED_EDGE ( 'NONE', *, *, #3080, .T. ) ;
#3057 = ORIENTED_EDGE ( 'NONE', *, *, #2962, .T. ) ;
#3058 = ADVANCED_FACE ( 'NONE', ( #575 ), #532, .T. ) ;
#3059 = ORIENTED_EDGE ( 'NONE', *, *, #3060, .F. ) ;
#3060 = EDGE_CURVE ( 'NONE', #3061, #3062, #531, .T. ) ;
#3061 = VERTEX_POINT ( 'NONE', #523 ) ;
#3062 = VERTEX_POINT ( 'NONE', #522 ) ;
#3063 = ORIENTED_EDGE ( 'NONE', *, *, #2942, .T. ) ;
#3064 = EDGE_LOOP ( 'NONE', ( #3065, #3068, #3069, #2948 ) ) ;
#3065 = ORIENTED_EDGE ( 'NONE', *, *, #3066, .F. ) ;
#3066 = EDGE_CURVE ( 'NONE', #4832, #3067, #521, .T. ) ;
#3067 = VERTEX_POINT ( 'NONE', #517 ) ;
#3068 = ORIENTED_EDGE ( 'NONE', *, *, #4914, .T. ) ;
#3069 = ORIENTED_EDGE ( 'NONE', *, *, #3070, .T. ) ;
#3070 = EDGE_CURVE ( 'NONE', #4830, #3071, #516, .T. ) ;
#3071 = VERTEX_POINT ( 'NONE', #512 ) ;
#3072 = EDGE_LOOP ( 'NONE', ( #2951, #2952, #2953, #2927 ) ) ;
#3073 = EDGE_CURVE ( 'NONE', #3049, #3002, #511, .T. ) ;
#3074 = EDGE_LOOP ( 'NONE', ( #3039, #3043, #2853, #2855, #2856, #2955 ) ) ;
#3075 = EDGE_CURVE ( 'NONE', #3045, #4657, #559, .T. ) ;
#3076 = ADVANCED_FACE ( 'NONE', ( #555 ), #540, .F. ) ;
#3077 = ORIENTED_EDGE ( 'NONE', *, *, #3080, .F. ) ;
#3078 = VERTEX_POINT ( 'NONE', #535 ) ;
#3079 = ORIENTED_EDGE ( 'NONE', *, *, #3073, .T. ) ;
#3080 = EDGE_CURVE ( 'NONE', #3078, #2964, #477, .T. ) ;
#3081 = EDGE_LOOP ( 'NONE', ( #3090, #2965, #2916, #3079, #3003, #3006, #2931, #2934 ) ) ;
#3082 = ORIENTED_EDGE ( 'NONE', *, *, #4883, .T. ) ;
#3083 = ORIENTED_EDGE ( 'NONE', *, *, #2935, .F. ) ;
#3084 = ORIENTED_EDGE ( 'NONE', *, *, #3085, .F. ) ;
#3085 = EDGE_CURVE ( 'NONE', #3071, #2933, #473, .T. ) ;
#3086 = EDGE_CURVE ( 'NONE', #3087, #3002, #469, .T. ) ;
#3087 = VERTEX_POINT ( 'NONE', #465 ) ;
#3088 = ORIENTED_EDGE ( 'NONE', *, *, #3089, .F. ) ;
#3089 = EDGE_CURVE ( 'NONE', #2889, #3078, #464, .T. ) ;
#3090 = ORIENTED_EDGE ( 'NONE', *, *, #4882, .T. ) ;
#3091 = ORIENTED_EDGE ( 'NONE', *, *, #3085, .T. ) ;
#3092 = ORIENTED_EDGE ( 'NONE', *, *, #2932, .F. ) ;
#3093 = EDGE_CURVE ( 'NONE', #2847, #4751, #459, .T. ) ;
#3094 = ORIENTED_EDGE ( 'NONE', *, *, #4750, .T. ) ;
#3095 = ORIENTED_EDGE ( 'NONE', *, *, #3096, .T. ) ;
#3096 = EDGE_CURVE ( 'NONE', #3097, #2326, #455, .T. ) ;
#3097 = VERTEX_POINT ( 'NONE', #451 ) ;
#3098 = ORIENTED_EDGE ( 'NONE', *, *, #3099, .T. ) ;
#3099 = EDGE_CURVE ( 'NONE', #3856, #3100, #450, .T. ) ;
#3100 = VERTEX_POINT ( 'NONE', #644 ) ;
#3101 = ADVANCED_FACE ( 'NONE', ( #643 ), #627, .T. ) ;
#3102 = ORIENTED_EDGE ( 'NONE', *, *, #2919, .F. ) ;
#3103 = ADVANCED_FACE ( 'NONE', ( #620 ), #606, .F. ) ;
#3104 = EDGE_LOOP ( 'NONE', ( #2982, #2983, #2996, #2997 ) ) ;
#3105 = ADVANCED_FACE ( 'NONE', ( #599 ), #680, .T. ) ;
#3106 = ORIENTED_EDGE ( 'NONE', *, *, #3107, .T. ) ;
#3107 = EDGE_CURVE ( 'NONE', #3205, #2326, #697, .T. ) ;
#3108 = ORIENTED_EDGE ( 'NONE', *, *, #3760, .T. ) ;
#3109 = ORIENTED_EDGE ( 'NONE', *, *, #3017, .T. ) ;
#3110 = ORIENTED_EDGE ( 'NONE', *, *, #3864, .T. ) ;
#3111 = EDGE_LOOP ( 'NONE', ( #3112, #3106, #3122, #3123 ) ) ;
#3112 = ORIENTED_EDGE ( 'NONE', *, *, #3113, .T. ) ;
#3113 = EDGE_CURVE ( 'NONE', #3204, #3205, #757, .T. ) ;
#3114 = ORIENTED_EDGE ( 'NONE', *, *, #3134, .T. ) ;
#3115 = ORIENTED_EDGE ( 'NONE', *, *, #3264, .T. ) ;
#3116 = ORIENTED_EDGE ( 'NONE', *, *, #3117, .F. ) ;
#3117 = EDGE_CURVE ( 'NONE', #3204, #3208, #753, .T. ) ;
#3118 = EDGE_CURVE ( 'NONE', #2326, #3136, #785, .T. ) ;
#3119 = EDGE_CURVE ( 'NONE', #3097, #3204, #781, .T. ) ;
#3120 = ADVANCED_FACE ( 'NONE', ( #776 ), #761, .F. ) ;
#3121 = VERTEX_POINT ( 'NONE', #813 ) ;
#3122 = ORIENTED_EDGE ( 'NONE', *, *, #3096, .F. ) ;
#3123 = ORIENTED_EDGE ( 'NONE', *, *, #3119, .T. ) ;
#3124 = EDGE_LOOP ( 'NONE', ( #2973, #2974, #3151, #3053 ) ) ;
#3125 = ORIENTED_EDGE ( 'NONE', *, *, #3126, .F. ) ;
#3126 = EDGE_CURVE ( 'NONE', #3127, #4228, #812, .T. ) ;
#3127 = VERTEX_POINT ( 'NONE', #808 ) ;
#3128 = VERTEX_POINT ( 'NONE', #807 ) ;
#3129 = ORIENTED_EDGE ( 'NONE', *, *, #3130, .F. ) ;
#3130 = EDGE_CURVE ( 'NONE', #3131, #3265, #806, .T. ) ;
#3131 = VERTEX_POINT ( 'NONE', #802 ) ;
#3132 = EDGE_CURVE ( 'NONE', #3263, #3097, #801, .T. ) ;
#3133 = ORIENTED_EDGE ( 'NONE', *, *, #3118, .T. ) ;
#3134 = EDGE_CURVE ( 'NONE', #3263, #3136, #797, .T. ) ;
#3135 = ORIENTED_EDGE ( 'NONE', *, *, #3132, .T. ) ;
#3136 = VERTEX_POINT ( 'NONE', #793 ) ;
#3137 = ORIENTED_EDGE ( 'NONE', *, *, #3138, .T. ) ;
#3138 = EDGE_CURVE ( 'NONE', #3131, #3263, #792, .T. ) ;
#3139 = ORIENTED_EDGE ( 'NONE', *, *, #3170, .T. ) ;
#3140 = ORIENTED_EDGE ( 'NONE', *, *, #3141, .F. ) ;
#3141 = EDGE_CURVE ( 'NONE', #3128, #3142, #788, .T. ) ;
#3142 = VERTEX_POINT ( 'NONE', #892 ) ;
#3143 = ORIENTED_EDGE ( 'NONE', *, *, #4146, .T. ) ;
#3144 = ORIENTED_EDGE ( 'NONE', *, *, #3145, .F. ) ;
#3145 = EDGE_CURVE ( 'NONE', #3175, #3127, #890, .T. ) ;
#3146 = ORIENTED_EDGE ( 'NONE', *, *, #3174, .T. ) ;
#3147 = ADVANCED_FACE ( 'NONE', ( #886 ), #899, .F. ) ;
#3148 = EDGE_LOOP ( 'NONE', ( #3149, #3150, #3248, #3250 ) ) ;
#3149 = ORIENTED_EDGE ( 'NONE', *, *, #4148, .T. ) ;
#3150 = ORIENTED_EDGE ( 'NONE', *, *, #3246, .F. ) ;
#3151 = ORIENTED_EDGE ( 'NONE', *, *, #3236, .T. ) ;
#3152 = ORIENTED_EDGE ( 'NONE', *, *, #3236, .F. ) ;
#3153 = ORIENTED_EDGE ( 'NONE', *, *, #3238, .T. ) ;
#3154 = EDGE_LOOP ( 'NONE', ( #3140, #3155, #3233, #3235 ) ) ;
#3155 = ORIENTED_EDGE ( 'NONE', *, *, #3164, .F. ) ;
#3156 = VERTEX_POINT ( 'NONE', #894 ) ;
#3157 = ORIENTED_EDGE ( 'NONE', *, *, #3158, .T. ) ;
#3158 = EDGE_CURVE ( 'NONE', #3156, #4218, #730, .T. ) ;
#3159 = ADVANCED_FACE ( 'NONE', ( #726 ), #711, .F. ) ;
#3160 = EDGE_LOOP ( 'NONE', ( #3171, #3125, #3144, #3146 ) ) ;
#3161 = ORIENTED_EDGE ( 'NONE', *, *, #3251, .T. ) ;
#3162 = ADVANCED_FACE ( 'NONE', ( #710 ), #684, .F. ) ;
#3163 = ORIENTED_EDGE ( 'NONE', *, *, #4156, .T. ) ;
#3164 = EDGE_CURVE ( 'NONE', #3232, #3128, #872, .T. ) ;
#3165 = ORIENTED_EDGE ( 'NONE', *, *, #4854, .F. ) ;
#3166 = ORIENTED_EDGE ( 'NONE', *, *, #4840, .T. ) ;
#3167 = EDGE_LOOP ( 'NONE', ( #3163, #3173, #3169, #3157 ) ) ;
#3168 = ORIENTED_EDGE ( 'NONE', *, *, #3251, .F. ) ;
#3169 = ORIENTED_EDGE ( 'NONE', *, *, #3170, .F. ) ;
#3170 = EDGE_CURVE ( 'NONE', #3156, #3175, #865, .T. ) ;
#3171 = ORIENTED_EDGE ( 'NONE', *, *, #4080, .T. ) ;
#3172 = ORIENTED_EDGE ( 'NONE', *, *, #3224, .F. ) ;
#3173 = ORIENTED_EDGE ( 'NONE', *, *, #3174, .F. ) ;
#3174 = EDGE_CURVE ( 'NONE', #3175, #4229, #861, .T. ) ;
#3175 = VERTEX_POINT ( 'NONE', #857 ) ;
#3176 = VERTEX_POINT ( 'NONE', #856 ) ;
#3177 = VERTEX_POINT ( 'NONE', #855 ) ;
#3178 = ORIENTED_EDGE ( 'NONE', *, *, #3179, .F. ) ;
#3179 = EDGE_CURVE ( 'NONE', #3180, #3256, #854, .T. ) ;
#3180 = VERTEX_POINT ( 'NONE', #850 ) ;
#3181 = ORIENTED_EDGE ( 'NONE', *, *, #3182, .F. ) ;
#3182 = EDGE_CURVE ( 'NONE', #3183, #3180, #849, .T. ) ;
#3183 = VERTEX_POINT ( 'NONE', #845 ) ;
#3184 = ORIENTED_EDGE ( 'NONE', *, *, #3185, .F. ) ;
#3185 = EDGE_CURVE ( 'NONE', #3177, #3183, #844, .T. ) ;
#3186 = EDGE_LOOP ( 'NONE', ( #3139, #3291, #3292, #3293 ) ) ;
#3187 = EDGE_LOOP ( 'NONE', ( #3188, #3190, #3191, #3193 ) ) ;
#3188 = ORIENTED_EDGE ( 'NONE', *, *, #3189, .T. ) ;
#3189 = EDGE_CURVE ( 'NONE', #3267, #4723, #840, .T. ) ;
#3190 = ORIENTED_EDGE ( 'NONE', *, *, #4722, .T. ) ;
#3191 = ORIENTED_EDGE ( 'NONE', *, *, #3192, .T. ) ;
#3192 = EDGE_CURVE ( 'NONE', #4664, #3219, #835, .T. ) ;
#3193 = ORIENTED_EDGE ( 'NONE', *, *, #3269, .T. ) ;
#3194 = ADVANCED_FACE ( 'NONE', ( #831 ), #816, .T. ) ;
#3195 = EDGE_LOOP ( 'NONE', ( #3196, #3197, #3198, #3199, #3200, #3212 ) ) ;
#3196 = ORIENTED_EDGE ( 'NONE', *, *, #3189, .F. ) ;
#3197 = ORIENTED_EDGE ( 'NONE', *, *, #3415, .T. ) ;
#3198 = ORIENTED_EDGE ( 'NONE', *, *, #3113, .F. ) ;
#3199 = ORIENTED_EDGE ( 'NONE', *, *, #3117, .T. ) ;
#3200 = ORIENTED_EDGE ( 'NONE', *, *, #3418, .T. ) ;
#3201 = EDGE_CURVE ( 'NONE', #3265, #3219, #749, .T. ) ;
#3202 = ADVANCED_FACE ( 'NONE', ( #740 ), #961, .T. ) ;
#3203 = EDGE_LOOP ( 'NONE', ( #3260, #3206, #3116, #3281, #3354, #3389 ) ) ;
#3204 = VERTEX_POINT ( 'NONE', #985 ) ;
#3205 = VERTEX_POINT ( 'NONE', #921 ) ;
#3206 = ORIENTED_EDGE ( 'NONE', *, *, #3207, .F. ) ;
#3207 = EDGE_CURVE ( 'NONE', #3208, #3121, #1085, .T. ) ;
#3208 = VERTEX_POINT ( 'NONE', #990 ) ;
#3209 = ORIENTED_EDGE ( 'NONE', *, *, #3134, .F. ) ;
#3210 = ORIENTED_EDGE ( 'NONE', *, *, #3264, .F. ) ;
#3211 = ORIENTED_EDGE ( 'NONE', *, *, #3118, .F. ) ;
#3212 = ORIENTED_EDGE ( 'NONE', *, *, #4725, .T. ) ;
#3213 = ADVANCED_FACE ( 'NONE', ( #989 ), #1023, .T. ) ;
#3214 = EDGE_LOOP ( 'NONE', ( #3215, #3216, #3217, #3218, #3350, #3351 ) ) ;
#3215 = ORIENTED_EDGE ( 'NONE', *, *, #3130, .T. ) ;
#3216 = ORIENTED_EDGE ( 'NONE', *, *, #3201, .T. ) ;
#3217 = ORIENTED_EDGE ( 'NONE', *, *, #3192, .F. ) ;
#3218 = ORIENTED_EDGE ( 'NONE', *, *, #4663, .F. ) ;
#3219 = VERTEX_POINT ( 'NONE', #978 ) ;
#3220 = ORIENTED_EDGE ( 'NONE', *, *, #3201, .F. ) ;
#3221 = ORIENTED_EDGE ( 'NONE', *, *, #3222, .F. ) ;
#3222 = EDGE_CURVE ( 'NONE', #3247, #3156, #977, .T. ) ;
#3223 = EDGE_LOOP ( 'NONE', ( #3254, #3178, #3181, #3184 ) ) ;
#3224 = EDGE_CURVE ( 'NONE', #3225, #3936, #1022, .T. ) ;
#3225 = VERTEX_POINT ( 'NONE', #1018 ) ;
#3226 = ORIENTED_EDGE ( 'NONE', *, *, #3227, .T. ) ;
#3227 = EDGE_CURVE ( 'NONE', #3225, #1680, #917, .T. ) ;
#3228 = ADVANCED_FACE ( 'NONE', ( #913 ), #1101, .F. ) ;
#3229 = EDGE_LOOP ( 'NONE', ( #3230, #3231, #3221, #3252 ) ) ;
#3230 = ORIENTED_EDGE ( 'NONE', *, *, #4145, .T. ) ;
#3231 = ORIENTED_EDGE ( 'NONE', *, *, #3158, .F. ) ;
#3232 = VERTEX_POINT ( 'NONE', #1096 ) ;
#3233 = ORIENTED_EDGE ( 'NONE', *, *, #3234, .F. ) ;
#3234 = EDGE_CURVE ( 'NONE', #3176, #3232, #1095, .T. ) ;
#3235 = ORIENTED_EDGE ( 'NONE', *, *, #3287, .F. ) ;
#3236 = EDGE_CURVE ( 'NONE', #3240, #2964, #1091, .T. ) ;
#3237 = EDGE_CURVE ( 'NONE', #3100, #2889, #1087, .T. ) ;
#3238 = EDGE_CURVE ( 'NONE', #3034, #3002, #971, .T. ) ;
#3239 = EDGE_CURVE ( 'NONE', #2943, #2963, #967, .T. ) ;
#3240 = VERTEX_POINT ( 'NONE', #962 ) ;
#3241 = ORIENTED_EDGE ( 'NONE', *, *, #3089, .T. ) ;
#3242 = ORIENTED_EDGE ( 'NONE', *, *, #2988, .F. ) ;
#3243 = ORIENTED_EDGE ( 'NONE', *, *, #3237, .F. ) ;
#3244 = ORIENTED_EDGE ( 'NONE', *, *, #3032, .T. ) ;
#3245 = ORIENTED_EDGE ( 'NONE', *, *, #3307, .T. ) ;
#3246 = EDGE_CURVE ( 'NONE', #3247, #4181, #963, .T. ) ;
#3247 = VERTEX_POINT ( 'NONE', #956 ) ;
#3248 = ORIENTED_EDGE ( 'NONE', *, *, #3249, .F. ) ;
#3249 = EDGE_CURVE ( 'NONE', #3127, #3247, #955, .T. ) ;
#3250 = ORIENTED_EDGE ( 'NONE', *, *, #3126, .T. ) ;
#3251 = EDGE_CURVE ( 'NONE', #4909, #4901, #950, .T. ) ;
#3252 = ORIENTED_EDGE ( 'NONE', *, *, #3246, .T. ) ;
#3253 = ADVANCED_FACE ( 'NONE', ( #946, #945 ), #1075, .T. ) ;
#3254 = ORIENTED_EDGE ( 'NONE', *, *, #3255, .F. ) ;
#3255 = EDGE_CURVE ( 'NONE', #3256, #3177, #1074, .T. ) ;
#3256 = VERTEX_POINT ( 'NONE', #1066 ) ;
#3257 = ORIENTED_EDGE ( 'NONE', *, *, #4908, .T. ) ;
#3258 = ADVANCED_FACE ( 'NONE', ( #1039, #1038 ), #1015, .T. ) ;
#3259 = EDGE_LOOP ( 'NONE', ( #3114, #3115, #3129, #3137 ) ) ;
#3260 = ORIENTED_EDGE ( 'NONE', *, *, #3261, .F. ) ;
#3261 = EDGE_CURVE ( 'NONE', #3121, #3131, #1014, .T. ) ;
#3262 = ADVANCED_FACE ( 'NONE', ( #1005 ), #1081, .T. ) ;
#3263 = VERTEX_POINT ( 'NONE', #1080 ) ;
#3264 = EDGE_CURVE ( 'NONE', #3136, #3265, #933, .T. ) ;
#3265 = VERTEX_POINT ( 'NONE', #929 ) ;
#3266 = EDGE_LOOP ( 'NONE', ( #3416, #3417, #3349, #3579 ) ) ;
#3267 = VERTEX_POINT ( 'NONE', #928 ) ;
#3268 = ORIENTED_EDGE ( 'NONE', *, *, #3269, .F. ) ;
#3269 = EDGE_CURVE ( 'NONE', #3219, #3267, #927, .T. ) ;
#3270 = EDGE_CURVE ( 'NONE', #3383, #3180, #1050, .T. ) ;
#3271 = ORIENTED_EDGE ( 'NONE', *, *, #3382, .T. ) ;
#3272 = ORIENTED_EDGE ( 'NONE', *, *, #3273, .T. ) ;
#3273 = EDGE_CURVE ( 'NONE', #3380, #3274, #1046, .T. ) ;
#3274 = VERTEX_POINT ( 'NONE', #1042 ) ;
#3275 = ORIENTED_EDGE ( 'NONE', *, *, #3276, .T. ) ;
#3276 = EDGE_CURVE ( 'NONE', #3274, #3355, #1041, .T. ) ;
#3277 = EDGE_LOOP ( 'NONE', ( #3278, #3643, #3642, #3666, #3841 ) ) ;
#3278 = ORIENTED_EDGE ( 'NONE', *, *, #3279, .F. ) ;
#3279 = EDGE_CURVE ( 'NONE', #3646, #3280, #1263, .T. ) ;
#3280 = VERTEX_POINT ( 'NONE', #1259 ) ;
#3281 = ORIENTED_EDGE ( 'NONE', *, *, #3119, .F. ) ;
#3282 = EDGE_LOOP ( 'NONE', ( #3109, #3110, #3098, #3245, #3302 ) ) ;
#3283 = ADVANCED_FACE ( 'NONE', ( #1206, #1205 ), #1160, .T. ) ;
#3284 = ORIENTED_EDGE ( 'NONE', *, *, #3010, .F. ) ;
#3285 = ADVANCED_FACE ( 'NONE', ( #1158 ), #1139, .F. ) ;
#3286 = ADVANCED_FACE ( 'NONE', ( #1138 ), #1175, .F. ) ;
#3287 = EDGE_CURVE ( 'NONE', #3142, #3176, #1170, .T. ) ;
#3288 = EDGE_LOOP ( 'NONE', ( #3289, #3290, #3166, #3161 ) ) ;
#3289 = ORIENTED_EDGE ( 'NONE', *, *, #4900, .T. ) ;
#3290 = ORIENTED_EDGE ( 'NONE', *, *, #4839, .T. ) ;
#3291 = ORIENTED_EDGE ( 'NONE', *, *, #3145, .T. ) ;
#3292 = ORIENTED_EDGE ( 'NONE', *, *, #3249, .T. ) ;
#3293 = ORIENTED_EDGE ( 'NONE', *, *, #3222, .T. ) ;
#3294 = ADVANCED_FACE ( 'NONE', ( #1166 ), #1122, .T. ) ;
#3295 = EDGE_LOOP ( 'NONE', ( #3296, #3172, #3226, #1659, #1681, #1651, #1664, #1661, #1658, #1655, #1707, #1670, #1672, #1675, #1641, #1642, #1648, #1710, #1719, #1700 ) ) ;
#3296 = ORIENTED_EDGE ( 'NONE', *, *, #3944, .F. ) ;
#3297 = ADVANCED_FACE ( 'NONE', ( #1115 ), #1207, .F. ) ;
#3298 = EDGE_LOOP ( 'NONE', ( #2991, #2992, #2993, #3102 ) ) ;
#3299 = ORIENTED_EDGE ( 'NONE', *, *, #3300, .T. ) ;
#3300 = EDGE_CURVE ( 'NONE', #3011, #3087, #1208, .T. ) ;
#3301 = VERTEX_POINT ( 'NONE', #1239 ) ;
#3302 = ORIENTED_EDGE ( 'NONE', *, *, #3303, .T. ) ;
#3303 = EDGE_CURVE ( 'NONE', #3301, #3240, #1238, .T. ) ;
#3304 = ORIENTED_EDGE ( 'NONE', *, *, #3303, .F. ) ;
#3305 = ORIENTED_EDGE ( 'NONE', *, *, #3099, .F. ) ;
#3306 = EDGE_CURVE ( 'NONE', #3087, #3033, #1234, .T. ) ;
#3307 = EDGE_CURVE ( 'NONE', #3100, #3301, #1230, .T. ) ;
#3308 = ORIENTED_EDGE ( 'NONE', *, *, #2945, .F. ) ;
#3309 = ORIENTED_EDGE ( 'NONE', *, *, #3239, .T. ) ;
#3310 = EDGE_LOOP ( 'NONE', ( #3816, #3817, #3764, #3397 ) ) ;
#3311 = ORIENTED_EDGE ( 'NONE', *, *, #3312, .T. ) ;
#3312 = EDGE_CURVE ( 'NONE', #3400, #3795, #1225, .T. ) ;
#3313 = ORIENTED_EDGE ( 'NONE', *, *, #3797, .T. ) ;
#3314 = ORIENTED_EDGE ( 'NONE', *, *, #3315, .T. ) ;
#3315 = EDGE_CURVE ( 'NONE', #3777, #3832, #1219, .T. ) ;
#3316 = ADVANCED_FACE ( 'NONE', ( #1215 ), #1309, .T. ) ;
#3317 = EDGE_LOOP ( 'NONE', ( #3772, #3329, #3331, #3323 ) ) ;
#3318 = EDGE_LOOP ( 'NONE', ( #3780, #3781, #3814, #3319 ) ) ;
#3319 = ORIENTED_EDGE ( 'NONE', *, *, #3568, .T. ) ;
#3320 = ADVANCED_FACE ( 'NONE', ( #1302 ), #1287, .F. ) ;
#3321 = EDGE_LOOP ( 'NONE', ( #3807, #3808, #3811, #3812 ) ) ;
#3322 = ORIENTED_EDGE ( 'NONE', *, *, #3571, .F. ) ;
#3323 = ORIENTED_EDGE ( 'NONE', *, *, #3324, .T. ) ;
#3324 = EDGE_CURVE ( 'NONE', #3832, #3494, #1286, .T. ) ;
#3325 = ADVANCED_FACE ( 'NONE', ( #1277 ), #1255, .T. ) ;
#3326 = EDGE_LOOP ( 'NONE', ( #3327, #3328, #3776, #3619 ) ) ;
#3327 = ORIENTED_EDGE ( 'NONE', *, *, #3402, .F. ) ;
#3328 = ORIENTED_EDGE ( 'NONE', *, *, #3498, .F. ) ;
#3329 = ORIENTED_EDGE ( 'NONE', *, *, #3330, .T. ) ;
#3330 = EDGE_CURVE ( 'NONE', #3774, #3831, #1254, .T. ) ;
#3331 = ORIENTED_EDGE ( 'NONE', *, *, #3830, .T. ) ;
#3332 = ORIENTED_EDGE ( 'NONE', *, *, #3141, .T. ) ;
#3333 = ORIENTED_EDGE ( 'NONE', *, *, #3334, .T. ) ;
#3334 = EDGE_CURVE ( 'NONE', #3348, #3396, #1466, .T. ) ;
#3335 = ORIENTED_EDGE ( 'NONE', *, *, #3336, .T. ) ;
#3336 = EDGE_CURVE ( 'NONE', #3396, #3400, #1447, .T. ) ;
#3337 = EDGE_LOOP ( 'NONE', ( #3338, #3339, #3341, #3342 ) ) ;
#3338 = ORIENTED_EDGE ( 'NONE', *, *, #3765, .F. ) ;
#3339 = ORIENTED_EDGE ( 'NONE', *, *, #3340, .T. ) ;
#3340 = EDGE_CURVE ( 'NONE', #3706, #3774, #1621, .T. ) ;
#3341 = ORIENTED_EDGE ( 'NONE', *, *, #3618, .F. ) ;
#3342 = ORIENTED_EDGE ( 'NONE', *, *, #3577, .F. ) ;
#3343 = ADVANCED_FACE ( 'NONE', ( #1539 ), #1499, .F. ) ;
#3344 = EDGE_LOOP ( 'NONE', ( #3345, #3603, #3604, #3608 ) ) ;
#3345 = ORIENTED_EDGE ( 'NONE', *, *, #3789, .F. ) ;
#3346 = ORIENTED_EDGE ( 'NONE', *, *, #3347, .T. ) ;
#3347 = EDGE_CURVE ( 'NONE', #3788, #3348, #1495, .T. ) ;
#3348 = VERTEX_POINT ( 'NONE', #1464 ) ;
#3349 = ORIENTED_EDGE ( 'NONE', *, *, #3207, .T. ) ;
#3350 = ORIENTED_EDGE ( 'NONE', *, *, #3580, .T. ) ;
#3351 = ORIENTED_EDGE ( 'NONE', *, *, #3261, .T. ) ;
#3352 = ADVANCED_FACE ( 'NONE', ( #1463 ), #1491, .F. ) ;
#3353 = EDGE_LOOP ( 'NONE', ( #3531, #3535, #3378, #3381, #3384, #3358, #3361, #3364 ) ) ;
#3354 = ORIENTED_EDGE ( 'NONE', *, *, #3132, .F. ) ;
#3355 = VERTEX_POINT ( 'NONE', #1486 ) ;
#3356 = ORIENTED_EDGE ( 'NONE', *, *, #3387, .T. ) ;
#3357 = VERTEX_POINT ( 'NONE', #1485 ) ;
#3358 = ORIENTED_EDGE ( 'NONE', *, *, #3359, .T. ) ;
#3359 = EDGE_CURVE ( 'NONE', #3357, #3360, #1484, .T. ) ;
#3360 = VERTEX_POINT ( 'NONE', #1480 ) ;
#3361 = ORIENTED_EDGE ( 'NONE', *, *, #3362, .T. ) ;
#3362 = EDGE_CURVE ( 'NONE', #3360, #3363, #1479, .T. ) ;
#3363 = VERTEX_POINT ( 'NONE', #1475 ) ;
#3364 = ORIENTED_EDGE ( 'NONE', *, *, #3365, .F. ) ;
#3365 = EDGE_CURVE ( 'NONE', #3534, #3363, #1473, .T. ) ;
#3366 = ADVANCED_FACE ( 'NONE', ( #1587 ), #1572, .T. ) ;
#3367 = EDGE_LOOP ( 'NONE', ( #3368, #3369, #3372, #3460 ) ) ;
#3368 = ORIENTED_EDGE ( 'NONE', *, *, #3453, .T. ) ;
#3369 = ORIENTED_EDGE ( 'NONE', *, *, #3370, .T. ) ;
#3370 = EDGE_CURVE ( 'NONE', #3451, #3371, #1571, .T. ) ;
#3371 = VERTEX_POINT ( 'NONE', #1563 ) ;
#3372 = ORIENTED_EDGE ( 'NONE', *, *, #3458, .F. ) ;
#3373 = ORIENTED_EDGE ( 'NONE', *, *, #3374, .T. ) ;
#3374 = EDGE_CURVE ( 'NONE', #3726, #3665, #1559, .T. ) ;
#3375 = ORIENTED_EDGE ( 'NONE', *, *, #3843, .T. ) ;
#3376 = ADVANCED_FACE ( 'NONE', ( #1555 ), #1600, .F. ) ;
#3377 = VERTEX_POINT ( 'NONE', #1595 ) ;
#3378 = ORIENTED_EDGE ( 'NONE', *, *, #3379, .T. ) ;
#3379 = EDGE_CURVE ( 'NONE', #3377, #3380, #1594, .T. ) ;
#3380 = VERTEX_POINT ( 'NONE', #1590 ) ;
#3381 = ORIENTED_EDGE ( 'NONE', *, *, #3382, .F. ) ;
#3382 = EDGE_CURVE ( 'NONE', #3383, #3380, #1527, .T. ) ;
#3383 = VERTEX_POINT ( 'NONE', #1523 ) ;
#3384 = ORIENTED_EDGE ( 'NONE', *, *, #3386, .F. ) ;
#3385 = ORIENTED_EDGE ( 'NONE', *, *, #3107, .F. ) ;
#3386 = EDGE_CURVE ( 'NONE', #3357, #3383, #1522, .T. ) ;
#3387 = EDGE_CURVE ( 'NONE', #3355, #3534, #1517, .T. ) ;
#3388 = ORIENTED_EDGE ( 'NONE', *, *, #3365, .T. ) ;
#3389 = ORIENTED_EDGE ( 'NONE', *, *, #3138, .F. ) ;
#3390 = ADVANCED_FACE ( 'NONE', ( #1513 ), #1617, .T. ) ;
#3391 = EDGE_LOOP ( 'NONE', ( #3210, #3211, #3385, #3392, #3268, #3220 ) ) ;
#3392 = ORIENTED_EDGE ( 'NONE', *, *, #3415, .F. ) ;
#3393 = ORIENTED_EDGE ( 'NONE', *, *, #3394, .T. ) ;
#3394 = EDGE_CURVE ( 'NONE', #3363, #3183, #1612, .T. ) ;
#3395 = ORIENTED_EDGE ( 'NONE', *, *, #3182, .T. ) ;
#3396 = VERTEX_POINT ( 'NONE', #1608 ) ;
#3397 = ORIENTED_EDGE ( 'NONE', *, *, #3539, .T. ) ;
#3398 = ADVANCED_FACE ( 'NONE', ( #1607, #1605 ), #10883, .T. ) ;
#3399 = EDGE_LOOP ( 'NONE', ( #3311, #3313, #3346, #3333, #3335 ) ) ;
#3400 = VERTEX_POINT ( 'NONE', #10939 ) ;
#3401 = ORIENTED_EDGE ( 'NONE', *, *, #3402, .T. ) ;
#3402 = EDGE_CURVE ( 'NONE', #3499, #3494, #10952, .T. ) ;
#3403 = ORIENTED_EDGE ( 'NONE', *, *, #3404, .T. ) ;
#3404 = EDGE_CURVE ( 'NONE', #3494, #3405, #10909, .T. ) ;
#3405 = VERTEX_POINT ( 'NONE', #10919 ) ;
#3406 = ORIENTED_EDGE ( 'NONE', *, *, #3407, .T. ) ;
#3407 = EDGE_CURVE ( 'NONE', #3405, #3541, #10959, .T. ) ;
#3408 = ORIENTED_EDGE ( 'NONE', *, *, #3560, .T. ) ;
#3409 = EDGE_LOOP ( 'NONE', ( #3410, #3413, #3503, #3505, #3546 ) ) ;
#3410 = ORIENTED_EDGE ( 'NONE', *, *, #3411, .F. ) ;
#3411 = EDGE_CURVE ( 'NONE', #3787, #3412, #11273, .T. ) ;
#3412 = VERTEX_POINT ( 'NONE', #5666 ) ;
#3413 = ORIENTED_EDGE ( 'NONE', *, *, #3661, .F. ) ;
#3414 = VERTEX_POINT ( 'NONE', #5655 ) ;
#3415 = EDGE_CURVE ( 'NONE', #3267, #3205, #5697, .T. ) ;
#3416 = ORIENTED_EDGE ( 'NONE', *, *, #4650, .F. ) ;
#3417 = ORIENTED_EDGE ( 'NONE', *, *, #3418, .F. ) ;
#3418 = EDGE_CURVE ( 'NONE', #3208, #4651, #5678, .T. ) ;
#3419 = ORIENTED_EDGE ( 'NONE', *, *, #3420, .T. ) ;
#3420 = EDGE_CURVE ( 'NONE', #3526, #4667, #5677, .T. ) ;
#3421 = ORIENTED_EDGE ( 'NONE', *, *, #4666, .T. ) ;
#3422 = ORIENTED_EDGE ( 'NONE', *, *, #3423, .T. ) ;
#3423 = EDGE_CURVE ( 'NONE', #4673, #3506, #5667, .T. ) ;
#3424 = ORIENTED_EDGE ( 'NONE', *, *, #3528, .T. ) ;
#3425 = ADVANCED_FACE ( 'NONE', ( #5665 ), #5712, .T. ) ;
#3426 = EDGE_LOOP ( 'NONE', ( #3550, #3551, #3552, #3553, #3431, #3432 ) ) ;
#3427 = ORIENTED_EDGE ( 'NONE', *, *, #3428, .T. ) ;
#3428 = EDGE_CURVE ( 'NONE', #3575, #3176, #5695, .T. ) ;
#3429 = ORIENTED_EDGE ( 'NONE', *, *, #3234, .T. ) ;
#3430 = ORIENTED_EDGE ( 'NONE', *, *, #3492, .F. ) ;
#3431 = ORIENTED_EDGE ( 'NONE', *, *, #3496, .T. ) ;
#3432 = ORIENTED_EDGE ( 'NONE', *, *, #4653, .T. ) ;
#3433 = ADVANCED_FACE ( 'NONE', ( #5691 ), #5728, .T. ) ;
#3434 = ORIENTED_EDGE ( 'NONE', *, *, #3435, .F. ) ;
#3435 = EDGE_CURVE ( 'NONE', #3466, #3481, #5723, .T. ) ;
#3436 = ORIENTED_EDGE ( 'NONE', *, *, #3473, .F. ) ;
#3437 = ORIENTED_EDGE ( 'NONE', *, *, #3702, .T. ) ;
#3438 = ORIENTED_EDGE ( 'NONE', *, *, #3374, .F. ) ;
#3439 = ORIENTED_EDGE ( 'NONE', *, *, #3630, .F. ) ;
#3440 = ORIENTED_EDGE ( 'NONE', *, *, #3441, .T. ) ;
#3441 = EDGE_CURVE ( 'NONE', #3701, #3703, #5719, .T. ) ;
#3442 = ADVANCED_FACE ( 'NONE', ( #5714 ), #5031, .F. ) ;
#3443 = EDGE_LOOP ( 'NONE', ( #3444, #3445, #3446, #3447 ) ) ;
#3444 = ORIENTED_EDGE ( 'NONE', *, *, #3849, .T. ) ;
#3445 = ORIENTED_EDGE ( 'NONE', *, *, #3441, .F. ) ;
#3446 = ORIENTED_EDGE ( 'NONE', *, *, #3700, .F. ) ;
#3447 = ORIENTED_EDGE ( 'NONE', *, *, #3448, .T. ) ;
#3448 = EDGE_CURVE ( 'NONE', #3698, #3280, #5049, .T. ) ;
#3449 = EDGE_LOOP ( 'NONE', ( #3519, #3520, #3521, #3522 ) ) ;
#3450 = EDGE_CURVE ( 'NONE', #3590, #3451, #5061, .T. ) ;
#3451 = VERTEX_POINT ( 'NONE', #5045 ) ;
#3452 = ORIENTED_EDGE ( 'NONE', *, *, #3453, .F. ) ;
#3453 = EDGE_CURVE ( 'NONE', #3454, #3451, #5058, .T. ) ;
#3454 = VERTEX_POINT ( 'NONE', #5054 ) ;
#3455 = ORIENTED_EDGE ( 'NONE', *, *, #3456, .T. ) ;
#3456 = EDGE_CURVE ( 'NONE', #3454, #3589, #5053, .T. ) ;
#3457 = EDGE_LOOP ( 'NONE', ( #3437, #3438, #3439, #3440 ) ) ;
#3458 = EDGE_CURVE ( 'NONE', #3459, #3371, #5078, .T. ) ;
#3459 = VERTEX_POINT ( 'NONE', #5073 ) ;
#3460 = ORIENTED_EDGE ( 'NONE', *, *, #3461, .T. ) ;
#3461 = EDGE_CURVE ( 'NONE', #3459, #3454, #5076, .T. ) ;
#3462 = ADVANCED_FACE ( 'NONE', ( #5069 ), #5041, .T. ) ;
#3463 = EDGE_LOOP ( 'NONE', ( #3464, #3469, #3471, #3472 ) ) ;
#3464 = ORIENTED_EDGE ( 'NONE', *, *, #3465, .T. ) ;
#3465 = EDGE_CURVE ( 'NONE', #3466, #3467, #5086, .T. ) ;
#3466 = VERTEX_POINT ( 'NONE', #5090 ) ;
#3467 = VERTEX_POINT ( 'NONE', #5089 ) ;
#3468 = EDGE_LOOP ( 'NONE', ( #3592, #3482, #3373, #3375 ) ) ;
#3469 = ORIENTED_EDGE ( 'NONE', *, *, #3470, .T. ) ;
#3470 = EDGE_CURVE ( 'NONE', #3467, #3590, #5088, .T. ) ;
#3471 = ORIENTED_EDGE ( 'NONE', *, *, #3588, .F. ) ;
#3472 = ORIENTED_EDGE ( 'NONE', *, *, #3473, .T. ) ;
#3473 = EDGE_CURVE ( 'NONE', #3589, #3466, #5103, .T. ) ;
#3474 = ADVANCED_FACE ( 'NONE', ( #5099 ), #5107, .F. ) ;
#3475 = EDGE_LOOP ( 'NONE', ( #3476, #3479, #3434, #3436, #3513, #3514 ) ) ;
#3476 = ORIENTED_EDGE ( 'NONE', *, *, #3477, .F. ) ;
#3477 = EDGE_CURVE ( 'NONE', #3478, #3459, #5166, .T. ) ;
#3478 = VERTEX_POINT ( 'NONE', #5168 ) ;
#3479 = ORIENTED_EDGE ( 'NONE', *, *, #3480, .F. ) ;
#3480 = EDGE_CURVE ( 'NONE', #3481, #3478, #5180, .T. ) ;
#3481 = VERTEX_POINT ( 'NONE', #5147 ) ;
#3482 = ORIENTED_EDGE ( 'NONE', *, *, #3725, .F. ) ;
#3483 = ORIENTED_EDGE ( 'NONE', *, *, #3806, .F. ) ;
#3484 = EDGE_LOOP ( 'NONE', ( #3485, #3486, #3487, #3488, #3489, #3490 ) ) ;
#3485 = ORIENTED_EDGE ( 'NONE', *, *, #3458, .T. ) ;
#3486 = ORIENTED_EDGE ( 'NONE', *, *, #3558, .T. ) ;
#3487 = ORIENTED_EDGE ( 'NONE', *, *, #3423, .F. ) ;
#3488 = ORIENTED_EDGE ( 'NONE', *, *, #4670, .F. ) ;
#3489 = ORIENTED_EDGE ( 'NONE', *, *, #3555, .T. ) ;
#3490 = ORIENTED_EDGE ( 'NONE', *, *, #3477, .T. ) ;
#3491 = EDGE_LOOP ( 'NONE', ( #3538, #3542, #3497, #3564, #3567, #3570, #3573, #3559 ) ) ;
#3492 = EDGE_CURVE ( 'NONE', #3566, #3232, #5141, .T. ) ;
#3493 = ORIENTED_EDGE ( 'NONE', *, *, #3565, .T. ) ;
#3494 = VERTEX_POINT ( 'NONE', #5137 ) ;
#3495 = ORIENTED_EDGE ( 'NONE', *, *, #3496, .F. ) ;
#3496 = EDGE_CURVE ( 'NONE', #3481, #4675, #5142, .T. ) ;
#3497 = ORIENTED_EDGE ( 'NONE', *, *, #3498, .T. ) ;
#3498 = EDGE_CURVE ( 'NONE', #3543, #3499, #5174, .T. ) ;
#3499 = VERTEX_POINT ( 'NONE', #5155 ) ;
#3500 = ADVANCED_FACE ( 'NONE', ( #5154 ), #5114, .T. ) ;
#3501 = EDGE_LOOP ( 'NONE', ( #3502, #3495, #3576, #3554 ) ) ;
#3502 = ORIENTED_EDGE ( 'NONE', *, *, #4676, .F. ) ;
#3503 = ORIENTED_EDGE ( 'NONE', *, *, #3504, .F. ) ;
#3504 = EDGE_CURVE ( 'NONE', #3414, #3790, #5113, .T. ) ;
#3505 = ORIENTED_EDGE ( 'NONE', *, *, #3544, .F. ) ;
#3506 = VERTEX_POINT ( 'NONE', #5130 ) ;
#3507 = ORIENTED_EDGE ( 'NONE', *, *, #3803, .F. ) ;
#3508 = ORIENTED_EDGE ( 'NONE', *, *, #3530, .F. ) ;
#3509 = ORIENTED_EDGE ( 'NONE', *, *, #3735, .F. ) ;
#3510 = ORIENTED_EDGE ( 'NONE', *, *, #3827, .F. ) ;
#3511 = ADVANCED_FACE ( 'NONE', ( #5129 ), #5208, .F. ) ;
#3512 = EDGE_LOOP ( 'NONE', ( #3483, #3582, #3583, #3584 ) ) ;
#3513 = ORIENTED_EDGE ( 'NONE', *, *, #3456, .F. ) ;
#3514 = ORIENTED_EDGE ( 'NONE', *, *, #3461, .F. ) ;
#3515 = ADVANCED_FACE ( 'NONE', ( #5207 ), #5219, .T. ) ;
#3516 = EDGE_LOOP ( 'NONE', ( #3517, #3595, #3596, #3597, #3527, #3563 ) ) ;
#3517 = ORIENTED_EDGE ( 'NONE', *, *, #3370, .F. ) ;
#3518 = ADVANCED_FACE ( 'NONE', ( #5195 ), #5236, .F. ) ;
#3519 = ORIENTED_EDGE ( 'NONE', *, *, #3279, .T. ) ;
#3520 = ORIENTED_EDGE ( 'NONE', *, *, #3448, .F. ) ;
#3521 = ORIENTED_EDGE ( 'NONE', *, *, #3697, .F. ) ;
#3522 = ORIENTED_EDGE ( 'NONE', *, *, #3648, .T. ) ;
#3523 = ADVANCED_FACE ( 'NONE', ( #5223 ), #5246, .F. ) ;
#3524 = EDGE_LOOP ( 'NONE', ( #3507, #3508, #3509, #3510 ) ) ;
#3525 = EDGE_CURVE ( 'NONE', #3526, #3467, #5258, .T. ) ;
#3526 = VERTEX_POINT ( 'NONE', #5250 ) ;
#3527 = ORIENTED_EDGE ( 'NONE', *, *, #3528, .F. ) ;
#3528 = EDGE_CURVE ( 'NONE', #3506, #3526, #5249, .T. ) ;
#3529 = ORIENTED_EDGE ( 'NONE', *, *, #3638, .F. ) ;
#3530 = EDGE_CURVE ( 'NONE', #3736, #3801, #5276, .T. ) ;
#3531 = ORIENTED_EDGE ( 'NONE', *, *, #3532, .F. ) ;
#3532 = EDGE_CURVE ( 'NONE', #3533, #3534, #5270, .T. ) ;
#3533 = VERTEX_POINT ( 'NONE', #5267 ) ;
#3534 = VERTEX_POINT ( 'NONE', #5306 ) ;
#3535 = ORIENTED_EDGE ( 'NONE', *, *, #3536, .T. ) ;
#3536 = EDGE_CURVE ( 'NONE', #3533, #3377, #5299, .T. ) ;
#3537 = ADVANCED_FACE ( 'NONE', ( #5295 ), #5304, .F. ) ;
#3538 = ORIENTED_EDGE ( 'NONE', *, *, #3539, .F. ) ;
#3539 = EDGE_CURVE ( 'NONE', #3540, #3541, #5261, .T. ) ;
#3540 = VERTEX_POINT ( 'NONE', #5285 ) ;
#3541 = VERTEX_POINT ( 'NONE', #5284 ) ;
#3542 = ORIENTED_EDGE ( 'NONE', *, *, #3577, .T. ) ;
#3543 = VERTEX_POINT ( 'NONE', #5283 ) ;
#3544 = EDGE_CURVE ( 'NONE', #3545, #3414, #5282, .T. ) ;
#3545 = VERTEX_POINT ( 'NONE', #5330 ) ;
#3546 = ORIENTED_EDGE ( 'NONE', *, *, #3547, .F. ) ;
#3547 = EDGE_CURVE ( 'NONE', #3412, #3545, #5338, .T. ) ;
#3548 = ADVANCED_FACE ( 'NONE', ( #5339 ), #5333, .F. ) ;
#3549 = EDGE_LOOP ( 'NONE', ( #3332, #3809, #3322, #3778 ) ) ;
#3550 = ORIENTED_EDGE ( 'NONE', *, *, #3420, .F. ) ;
#3551 = ORIENTED_EDGE ( 'NONE', *, *, #3525, .T. ) ;
#3552 = ORIENTED_EDGE ( 'NONE', *, *, #3465, .F. ) ;
#3553 = ORIENTED_EDGE ( 'NONE', *, *, #3435, .T. ) ;
#3554 = ORIENTED_EDGE ( 'NONE', *, *, #3555, .F. ) ;
#3555 = EDGE_CURVE ( 'NONE', #4674, #3478, #5325, .T. ) ;
#3556 = ADVANCED_FACE ( 'NONE', ( #5345 ), #5371, .F. ) ;
#3557 = EDGE_LOOP ( 'NONE', ( #3419, #3421, #3422, #3424 ) ) ;
#3558 = EDGE_CURVE ( 'NONE', #3371, #3506, #5384, .T. ) ;
#3559 = ORIENTED_EDGE ( 'NONE', *, *, #3560, .F. ) ;
#3560 = EDGE_CURVE ( 'NONE', #3541, #3575, #5380, .T. ) ;
#3561 = ADVANCED_FACE ( 'NONE', ( #5365, #5364 ), #5379, .T. ) ;
#3562 = EDGE_LOOP ( 'NONE', ( #3427, #3429, #3430, #3493, #3401, #3403, #3406, #3408 ) ) ;
#3563 = ORIENTED_EDGE ( 'NONE', *, *, #3558, .F. ) ;
#3564 = ORIENTED_EDGE ( 'NONE', *, *, #3565, .F. ) ;
#3565 = EDGE_CURVE ( 'NONE', #3566, #3499, #5374, .T. ) ;
#3566 = VERTEX_POINT ( 'NONE', #5434 ) ;
#3567 = ORIENTED_EDGE ( 'NONE', *, *, #3568, .F. ) ;
#3568 = EDGE_CURVE ( 'NONE', #3569, #3566, #5398, .T. ) ;
#3569 = VERTEX_POINT ( 'NONE', #5395 ) ;
#3570 = ORIENTED_EDGE ( 'NONE', *, *, #3571, .T. ) ;
#3571 = EDGE_CURVE ( 'NONE', #3569, #3572, #5435, .T. ) ;
#3572 = VERTEX_POINT ( 'NONE', #5425 ) ;
#3573 = ORIENTED_EDGE ( 'NONE', *, *, #3574, .T. ) ;
#3574 = EDGE_CURVE ( 'NONE', #3572, #3575, #5394, .T. ) ;
#3575 = VERTEX_POINT ( 'NONE', #5418 ) ;
#3576 = ORIENTED_EDGE ( 'NONE', *, *, #3480, .T. ) ;
#3577 = EDGE_CURVE ( 'NONE', #3540, #3543, #5417, .T. ) ;
#3578 = ORIENTED_EDGE ( 'NONE', *, *, #3270, .F. ) ;
#3579 = ORIENTED_EDGE ( 'NONE', *, *, #3580, .F. ) ;
#3580 = EDGE_CURVE ( 'NONE', #4652, #3121, #5422, .T. ) ;
#3581 = ADVANCED_FACE ( 'NONE', ( #5414 ), #5452, .F. ) ;
#3582 = ORIENTED_EDGE ( 'NONE', *, *, #3663, .F. ) ;
#3583 = ORIENTED_EDGE ( 'NONE', *, *, #3819, .F. ) ;
#3584 = ORIENTED_EDGE ( 'NONE', *, *, #3276, .F. ) ;
#3585 = ADVANCED_FACE ( 'NONE', ( #5430 ), #5467, .T. ) ;
#3586 = EDGE_LOOP ( 'NONE', ( #3587, #3591, #3452, #3455 ) ) ;
#3587 = ORIENTED_EDGE ( 'NONE', *, *, #3588, .T. ) ;
#3588 = EDGE_CURVE ( 'NONE', #3589, #3590, #5475, .T. ) ;
#3589 = VERTEX_POINT ( 'NONE', #5471 ) ;
#3590 = VERTEX_POINT ( 'NONE', #5470 ) ;
#3591 = ORIENTED_EDGE ( 'NONE', *, *, #3450, .T. ) ;
#3592 = ORIENTED_EDGE ( 'NONE', *, *, #3655, .F. ) ;
#3593 = ORIENTED_EDGE ( 'NONE', *, *, #3536, .F. ) ;
#3594 = ADVANCED_FACE ( 'NONE', ( #5464 ), #5522, .F. ) ;
#3595 = ORIENTED_EDGE ( 'NONE', *, *, #3450, .F. ) ;
#3596 = ORIENTED_EDGE ( 'NONE', *, *, #3470, .F. ) ;
#3597 = ORIENTED_EDGE ( 'NONE', *, *, #3525, .F. ) ;
#3598 = ADVANCED_FACE ( 'NONE', ( #5518, #5517 ), #5520, .T. ) ;
#3599 = EDGE_LOOP ( 'NONE', ( #3393, #3395, #3578, #3271, #3272, #3275, #3356, #3388 ) ) ;
#3600 = ADVANCED_FACE ( 'NONE', ( #5626 ), #5604, .T. ) ;
#3601 = EDGE_CURVE ( 'NONE', #3348, #3412, #5605, .T. ) ;
#3602 = ADVANCED_FACE ( 'NONE', ( #5594 ), #5539, .F. ) ;
#3603 = ORIENTED_EDGE ( 'NONE', *, *, #3312, .F. ) ;
#3604 = ORIENTED_EDGE ( 'NONE', *, *, #3607, .T. ) ;
#3605 = ORIENTED_EDGE ( 'NONE', *, *, #3607, .F. ) ;
#3606 = ORIENTED_EDGE ( 'NONE', *, *, #3336, .F. ) ;
#3607 = EDGE_CURVE ( 'NONE', #3400, #3414, #5538, .T. ) ;
#3608 = ORIENTED_EDGE ( 'NONE', *, *, #3504, .T. ) ;
#3609 = ORIENTED_EDGE ( 'NONE', *, *, #3330, .F. ) ;
#3610 = ORIENTED_EDGE ( 'NONE', *, *, #3340, .F. ) ;
#3611 = ORIENTED_EDGE ( 'NONE', *, *, #3612, .T. ) ;
#3612 = EDGE_CURVE ( 'NONE', #3396, #3545, #5530, .T. ) ;
#3613 = EDGE_LOOP ( 'NONE', ( #3609, #3610, #3625, #3626 ) ) ;
#3614 = EDGE_LOOP ( 'NONE', ( #3615, #3616, #3622, #3623 ) ) ;
#3615 = ORIENTED_EDGE ( 'NONE', *, *, #3411, .T. ) ;
#3616 = ORIENTED_EDGE ( 'NONE', *, *, #3601, .F. ) ;
#3617 = ORIENTED_EDGE ( 'NONE', *, *, #3547, .T. ) ;
#3618 = EDGE_CURVE ( 'NONE', #3543, #3774, #5616, .T. ) ;
#3619 = ORIENTED_EDGE ( 'NONE', *, *, #3773, .T. ) ;
#3620 = ORIENTED_EDGE ( 'NONE', *, *, #3612, .F. ) ;
#3621 = ADVANCED_FACE ( 'NONE', ( #5607 ), #5576, .F. ) ;
#3622 = ORIENTED_EDGE ( 'NONE', *, *, #3347, .F. ) ;
#3623 = ORIENTED_EDGE ( 'NONE', *, *, #3784, .T. ) ;
#3624 = ADVANCED_FACE ( 'NONE', ( #5575 ), #5511, .F. ) ;
#3625 = ORIENTED_EDGE ( 'NONE', *, *, #3705, .F. ) ;
#3626 = ORIENTED_EDGE ( 'NONE', *, *, #3834, .F. ) ;
#3627 = ADVANCED_FACE ( 'NONE', ( #5504 ), #5645, .F. ) ;
#3628 = EDGE_LOOP ( 'NONE', ( #3851, #3691, #3692, #3693 ) ) ;
#3629 = ORIENTED_EDGE ( 'NONE', *, *, #3630, .T. ) ;
#3630 = EDGE_CURVE ( 'NONE', #3701, #3726, #5644, .T. ) ;
#3631 = EDGE_LOOP ( 'NONE', ( #3632, #3633, #3529, #3593 ) ) ;
#3632 = ORIENTED_EDGE ( 'NONE', *, *, #3671, .F. ) ;
#3633 = ORIENTED_EDGE ( 'NONE', *, *, #3530, .T. ) ;
#3634 = ADVANCED_FACE ( 'NONE', ( #5551 ), #5796, .T. ) ;
#3635 = ORIENTED_EDGE ( 'NONE', *, *, #3273, .F. ) ;
#3636 = ORIENTED_EDGE ( 'NONE', *, *, #3379, .F. ) ;
#3637 = ORIENTED_EDGE ( 'NONE', *, *, #3638, .T. ) ;
#3638 = EDGE_CURVE ( 'NONE', #3377, #3801, #5800, .T. ) ;
#3639 = ORIENTED_EDGE ( 'NONE', *, *, #3800, .T. ) ;
#3640 = ADVANCED_FACE ( 'NONE', ( #5871 ), #5792, .T. ) ;
#3641 = ORIENTED_EDGE ( 'NONE', *, *, #3255, .T. ) ;
#3642 = ORIENTED_EDGE ( 'NONE', *, *, #3843, .F. ) ;
#3643 = ORIENTED_EDGE ( 'NONE', *, *, #3645, .F. ) ;
#3644 = ORIENTED_EDGE ( 'NONE', *, *, #3873, .T. ) ;
#3645 = EDGE_CURVE ( 'NONE', #3656, #3646, #5793, .T. ) ;
#3646 = VERTEX_POINT ( 'NONE', #5839 ) ;
#3647 = ORIENTED_EDGE ( 'NONE', *, *, #3648, .F. ) ;
#3648 = EDGE_CURVE ( 'NONE', #3660, #3646, #5837, .T. ) ;
#3649 = ADVANCED_FACE ( 'NONE', ( #5833 ), #5740, .F. ) ;
#3650 = VERTEX_POINT ( 'NONE', #5741 ) ;
#3651 = EDGE_LOOP ( 'NONE', ( #3657, #3654, #3652, #3647 ) ) ;
#3652 = ORIENTED_EDGE ( 'NONE', *, *, #3645, .T. ) ;
#3653 = EDGE_CURVE ( 'NONE', #3658, #3660, #5752, .T. ) ;
#3654 = ORIENTED_EDGE ( 'NONE', *, *, #3655, .T. ) ;
#3655 = EDGE_CURVE ( 'NONE', #3658, #3656, #5753, .T. ) ;
#3656 = VERTEX_POINT ( 'NONE', #5815 ) ;
#3657 = ORIENTED_EDGE ( 'NONE', *, *, #3653, .F. ) ;
#3658 = VERTEX_POINT ( 'NONE', #5814 ) ;
#3659 = ADVANCED_FACE ( 'NONE', ( #5813 ), #5758, .F. ) ;
#3660 = VERTEX_POINT ( 'NONE', #5759 ) ;
#3661 = EDGE_CURVE ( 'NONE', #3790, #3787, #5789, .T. ) ;
#3662 = ORIENTED_EDGE ( 'NONE', *, *, #3663, .T. ) ;
#3663 = EDGE_CURVE ( 'NONE', #3733, #3825, #5790, .T. ) ;
#3664 = EDGE_LOOP ( 'NONE', ( #3799, #3802, #3804, #3805 ) ) ;
#3665 = VERTEX_POINT ( 'NONE', #5781 ) ;
#3666 = ORIENTED_EDGE ( 'NONE', *, *, #3702, .F. ) ;
#3667 = EDGE_LOOP ( 'NONE', ( #3668, #3669, #3670, #3672 ) ) ;
#3668 = ORIENTED_EDGE ( 'NONE', *, *, #3387, .F. ) ;
#3669 = ORIENTED_EDGE ( 'NONE', *, *, #3738, .F. ) ;
#3670 = ORIENTED_EDGE ( 'NONE', *, *, #3671, .T. ) ;
#3671 = EDGE_CURVE ( 'NONE', #3736, #3533, #5777, .T. ) ;
#3672 = ORIENTED_EDGE ( 'NONE', *, *, #3532, .T. ) ;
#3673 = ADVANCED_FACE ( 'NONE', ( #5773, #5772 ), #5862, .T. ) ;
#3674 = ADVANCED_FACE ( 'NONE', ( #5860 ), #6801, .T. ) ;
#3675 = EDGE_CURVE ( 'NONE', #3676, #3716, #6800, .T. ) ;
#3676 = VERTEX_POINT ( 'NONE', #6729 ) ;
#3677 = ORIENTED_EDGE ( 'NONE', *, *, #3678, .T. ) ;
#3678 = EDGE_CURVE ( 'NONE', #3689, #3679, #6773, .T. ) ;
#3679 = VERTEX_POINT ( 'NONE', #6774 ) ;
#3680 = VERTEX_POINT ( 'NONE', #6743 ) ;
#3681 = ORIENTED_EDGE ( 'NONE', *, *, #3686, .T. ) ;
#3682 = EDGE_CURVE ( 'NONE', #3716, #3860, #6747, .T. ) ;
#3683 = EDGE_LOOP ( 'NONE', ( #3758, #3718, #3756, #3719, #3722, #3714 ) ) ;
#3684 = EDGE_CURVE ( 'NONE', #3713, #3680, #6768, .T. ) ;
#3685 = ORIENTED_EDGE ( 'NONE', *, *, #3720, .F. ) ;
#3686 = EDGE_CURVE ( 'NONE', #3754, #3857, #6764, .T. ) ;
#3687 = ORIENTED_EDGE ( 'NONE', *, *, #3688, .F. ) ;
#3688 = EDGE_CURVE ( 'NONE', #3689, #3690, #6733, .T. ) ;
#3689 = VERTEX_POINT ( 'NONE', #6784 ) ;
#3690 = VERTEX_POINT ( 'NONE', #6783 ) ;
#3691 = ORIENTED_EDGE ( 'NONE', *, *, #3179, .T. ) ;
#3692 = ORIENTED_EDGE ( 'NONE', *, *, #3742, .T. ) ;
#3693 = ORIENTED_EDGE ( 'NONE', *, *, #3386, .T. ) ;
#3694 = ADVANCED_FACE ( 'NONE', ( #6782 ), #6803, .F. ) ;
#3695 = ORIENTED_EDGE ( 'NONE', *, *, #3653, .T. ) ;
#3696 = ORIENTED_EDGE ( 'NONE', *, *, #3697, .T. ) ;
#3697 = EDGE_CURVE ( 'NONE', #3660, #3698, #6780, .T. ) ;
#3698 = VERTEX_POINT ( 'NONE', #6760 ) ;
#3699 = ORIENTED_EDGE ( 'NONE', *, *, #3700, .T. ) ;
#3700 = EDGE_CURVE ( 'NONE', #3698, #3701, #6759, .T. ) ;
#3701 = VERTEX_POINT ( 'NONE', #6815 ) ;
#3702 = EDGE_CURVE ( 'NONE', #3703, #3665, #6814, .T. ) ;
#3703 = VERTEX_POINT ( 'NONE', #6810 ) ;
#3704 = ORIENTED_EDGE ( 'NONE', *, *, #3705, .T. ) ;
#3705 = EDGE_CURVE ( 'NONE', #3709, #3706, #6809, .T. ) ;
#3706 = VERTEX_POINT ( 'NONE', #6796 ) ;
#3707 = ORIENTED_EDGE ( 'NONE', *, *, #3708, .F. ) ;
#3708 = EDGE_CURVE ( 'NONE', #3709, #3777, #6795, .T. ) ;
#3709 = VERTEX_POINT ( 'NONE', #6791 ) ;
#3710 = VERTEX_POINT ( 'NONE', #6790 ) ;
#3711 = VERTEX_POINT ( 'NONE', #6789 ) ;
#3712 = EDGE_CURVE ( 'NONE', #3710, #3680, #6788, .T. ) ;
#3713 = VERTEX_POINT ( 'NONE', #6724 ) ;
#3714 = ORIENTED_EDGE ( 'NONE', *, *, #3757, .T. ) ;
#3715 = ADVANCED_FACE ( 'NONE', ( #6723 ), #6821, .F. ) ;
#3716 = VERTEX_POINT ( 'NONE', #6819 ) ;
#3717 = ADVANCED_FACE ( 'NONE', ( #6836 ), #6889, .T. ) ;
#3718 = ORIENTED_EDGE ( 'NONE', *, *, #3755, .T. ) ;
#3719 = ORIENTED_EDGE ( 'NONE', *, *, #3684, .F. ) ;
#3720 = EDGE_CURVE ( 'NONE', #3754, #3711, #6854, .T. ) ;
#3721 = ORIENTED_EDGE ( 'NONE', *, *, #3757, .F. ) ;
#3722 = ORIENTED_EDGE ( 'NONE', *, *, #3752, .F. ) ;
#3723 = EDGE_LOOP ( 'NONE', ( #3724, #3695, #3696, #3699, #3629 ) ) ;
#3724 = ORIENTED_EDGE ( 'NONE', *, *, #3725, .T. ) ;
#3725 = EDGE_CURVE ( 'NONE', #3726, #3658, #6839, .T. ) ;
#3726 = VERTEX_POINT ( 'NONE', #6957 ) ;
#3727 = ORIENTED_EDGE ( 'NONE', *, *, #3742, .F. ) ;
#3728 = ADVANCED_FACE ( 'NONE', ( #6956 ), #6856, .T. ) ;
#3729 = EDGE_LOOP ( 'NONE', ( #3730, #3734, #3737, #3818 ) ) ;
#3730 = ORIENTED_EDGE ( 'NONE', *, *, #3731, .F. ) ;
#3731 = EDGE_CURVE ( 'NONE', #3732, #3733, #6950, .T. ) ;
#3732 = VERTEX_POINT ( 'NONE', #6872 ) ;
#3733 = VERTEX_POINT ( 'NONE', #6871 ) ;
#3734 = ORIENTED_EDGE ( 'NONE', *, *, #3735, .T. ) ;
#3735 = EDGE_CURVE ( 'NONE', #3732, #3736, #6867, .T. ) ;
#3736 = VERTEX_POINT ( 'NONE', #6863 ) ;
#3737 = ORIENTED_EDGE ( 'NONE', *, *, #3738, .T. ) ;
#3738 = EDGE_CURVE ( 'NONE', #3736, #3355, #6870, .T. ) ;
#3739 = ORIENTED_EDGE ( 'NONE', *, *, #3740, .T. ) ;
#3740 = EDGE_CURVE ( 'NONE', #3177, #3360, #6894, .T. ) ;
#3741 = ORIENTED_EDGE ( 'NONE', *, *, #3359, .F. ) ;
#3742 = EDGE_CURVE ( 'NONE', #3256, #3357, #6883, .T. ) ;
#3743 = ADVANCED_FACE ( 'NONE', ( #6879 ), #6923, .T. ) ;
#3744 = ADVANCED_FACE ( 'NONE', ( #6916 ), #6900, .T. ) ;
#3745 = EDGE_LOOP ( 'NONE', ( #3746, #3747, #3748, #3749 ) ) ;
#3746 = ORIENTED_EDGE ( 'NONE', *, *, #3324, .F. ) ;
#3747 = ORIENTED_EDGE ( 'NONE', *, *, #3315, .F. ) ;
#3748 = ORIENTED_EDGE ( 'NONE', *, *, #3837, .F. ) ;
#3749 = ORIENTED_EDGE ( 'NONE', *, *, #3404, .F. ) ;
#3750 = CLOSED_SHELL ( 'NONE', ( #3792, #3659, #3649, #3865, #3717, #3715, #3674, #4027, #4057, #3891, #4029, #3900, #4009, #3979, #4120, #4440, #4373, #4389, #4306, #4377, #4262, #4378, #4273, #4242, #4251, #4245, #4533, #4479, #4561, #4544, #4603, #4542, #4446, #4536, #4582, #4587, #4611, #4638, #4620, #4572, #4471, #4555, #4558, #4492, #4727, #4456, #4788, #4710, #4678, #4771, #4735, #4809, #4761, #4665, #4818, #4690, #4688, #4903, #4913, #4874, #4827, #4838, #4861, #3258, #3162, #3159, #3147, #3228, #3253, #3294, #1716, #1702, #1682, #1717, #1854, #1828, #1860, #1938, #1808, #1940, #1923, #1945, #1841, #1735, #1877, #1882, #2115, #2160, #2089, #2146, #1953, #1960, #1964, #2056, #2121, #2006, #2014, #2095, #2111, #2093, #2129, #2104, #2132, #2163, #1997, #2052, #2021, #2070, #2047, #2023, #2035, #2276, #2301, #2315, #2224, #2258, #2302, #2289, #2262, #2241, #2234, #2418, #2388, #2403, #2285, #2546, #2398, #2375, #2342, #2426, #2495, #2385, #2485, #2522, #2534, #2503, #2409, #2429, #2412, #2437, #2447, #2443, #2472, #2465, #2355, #2351, #2706, #2736, #2703, #2677, #2773, #2617, #2764, #2612, #2679, #2698, #2648, #2674, #2760, #2722, #2780, #2726, #2748, #2755, #2724, #2790, #2732, #2599, #2636, #2651, #2635, #2661, #2720, #2716, #2669, #2682, #2626, #2581, #2907, #2838, #2584, #2627, #2842, #2857, #2588, #2568, #2574, #2566, #2824, #2832, #2826, #2903, #2900, #2812, #3013, #3038, #3001, #3024, #2985, #2873, #2877, #2885, #3076, #2950, #2928, #2959, #3058, #3029, #2923, #3101, #3022, #3283, #3286, #3054, #2989, #3285, #3297, #3103, #2998, #3262, #3105, #3120, #3390, #3202, #3581, #3194, #3213, #3352, #3598, #3850, #3743, #3694, #3728, #3820, #3798, #3634, #3640, #3673, #3594, #3376, #3442, #3518, #3523, #3511, #3585, #3366, #3462, #3474, #3515, #3500, #3556, #3425, #3433, #3537, #3561, #3548, #3813, #3320, #3600, #3838, #3316, #3325, #3744, #3398, #3343, #3621, #3751, #3602, #3624, #3627 ) ) ;
#3751 = ADVANCED_FACE ( 'NONE', ( #6852 ), #6936, .F. ) ;
#3752 = EDGE_CURVE ( 'NONE', #3711, #3713, #6937, .T. ) ;
#3753 = EDGE_LOOP ( 'NONE', ( #3687, #3677, #3910, #3999, #4056, #3882, #3883, #3992, #3957 ) ) ;
#3754 = VERTEX_POINT ( 'NONE', #6928 ) ;
#3755 = EDGE_CURVE ( 'NONE', #3676, #3710, #6926, .T. ) ;
#3756 = ORIENTED_EDGE ( 'NONE', *, *, #3712, .T. ) ;
#3757 = EDGE_CURVE ( 'NONE', #3711, #3716, #7082, .T. ) ;
#3758 = ORIENTED_EDGE ( 'NONE', *, *, #3675, .F. ) ;
#3759 = VERTEX_POINT ( 'NONE', #7031 ) ;
#3760 = EDGE_CURVE ( 'NONE', #3856, #3880, #7028, .T. ) ;
#3761 = ORIENTED_EDGE ( 'NONE', *, *, #3876, .T. ) ;
#3762 = ORIENTED_EDGE ( 'NONE', *, *, #3875, .T. ) ;
#3763 = ORIENTED_EDGE ( 'NONE', *, *, #3760, .F. ) ;
#3764 = ORIENTED_EDGE ( 'NONE', *, *, #3765, .T. ) ;
#3765 = EDGE_CURVE ( 'NONE', #3706, #3540, #7016, .T. ) ;
#3766 = ORIENTED_EDGE ( 'NONE', *, *, #3775, .T. ) ;
#3767 = EDGE_LOOP ( 'NONE', ( #3617, #3620, #3768, #3769 ) ) ;
#3768 = ORIENTED_EDGE ( 'NONE', *, *, #3334, .F. ) ;
#3769 = ORIENTED_EDGE ( 'NONE', *, *, #3601, .T. ) ;
#3770 = EDGE_LOOP ( 'NONE', ( #3771, #3605, #3606, #3611 ) ) ;
#3771 = ORIENTED_EDGE ( 'NONE', *, *, #3544, .T. ) ;
#3772 = ORIENTED_EDGE ( 'NONE', *, *, #3773, .F. ) ;
#3773 = EDGE_CURVE ( 'NONE', #3774, #3494, #7012, .T. ) ;
#3774 = VERTEX_POINT ( 'NONE', #7030 ) ;
#3775 = EDGE_CURVE ( 'NONE', #3706, #3405, #7029, .T. ) ;
#3776 = ORIENTED_EDGE ( 'NONE', *, *, #3618, .T. ) ;
#3777 = VERTEX_POINT ( 'NONE', #7040 ) ;
#3778 = ORIENTED_EDGE ( 'NONE', *, *, #3779, .F. ) ;
#3779 = EDGE_CURVE ( 'NONE', #3128, #3569, #7039, .T. ) ;
#3780 = ORIENTED_EDGE ( 'NONE', *, *, #3492, .T. ) ;
#3781 = ORIENTED_EDGE ( 'NONE', *, *, #3164, .T. ) ;
#3782 = ORIENTED_EDGE ( 'NONE', *, *, #3661, .T. ) ;
#3783 = VERTEX_POINT ( 'NONE', #7094 ) ;
#3784 = EDGE_CURVE ( 'NONE', #3788, #3787, #7110, .T. ) ;
#3785 = ORIENTED_EDGE ( 'NONE', *, *, #3784, .F. ) ;
#3786 = ORIENTED_EDGE ( 'NONE', *, *, #3789, .T. ) ;
#3787 = VERTEX_POINT ( 'NONE', #7106 ) ;
#3788 = VERTEX_POINT ( 'NONE', #7105 ) ;
#3789 = EDGE_CURVE ( 'NONE', #3795, #3790, #7052, .T. ) ;
#3790 = VERTEX_POINT ( 'NONE', #7048 ) ;
#3791 = MANIFOLD_SOLID_BREP ( 'NONE', #3750 ) ;
#3792 = ADVANCED_FACE ( 'NONE', ( #6996 ), #7045, .F. ) ;
#3793 = EDGE_LOOP ( 'NONE', ( #3796, #3786, #3782, #3785 ) ) ;
#3794 = VERTEX_POINT ( 'NONE', #7046 ) ;
#3795 = VERTEX_POINT ( 'NONE', #7006 ) ;
#3796 = ORIENTED_EDGE ( 'NONE', *, *, #3797, .F. ) ;
#3797 = EDGE_CURVE ( 'NONE', #3795, #3788, #7004, .T. ) ;
#3798 = ADVANCED_FACE ( 'NONE', ( #7005 ), #6987, .T. ) ;
#3799 = ORIENTED_EDGE ( 'NONE', *, *, #3800, .F. ) ;
#3800 = EDGE_CURVE ( 'NONE', #3801, #3274, #6986, .T. ) ;
#3801 = VERTEX_POINT ( 'NONE', #6977 ) ;
#3802 = ORIENTED_EDGE ( 'NONE', *, *, #3803, .T. ) ;
#3803 = EDGE_CURVE ( 'NONE', #3801, #3824, #6978, .T. ) ;
#3804 = ORIENTED_EDGE ( 'NONE', *, *, #3823, .T. ) ;
#3805 = ORIENTED_EDGE ( 'NONE', *, *, #3806, .T. ) ;
#3806 = EDGE_CURVE ( 'NONE', #3825, #3274, #6973, .T. ) ;
#3807 = ORIENTED_EDGE ( 'NONE', *, *, #3287, .T. ) ;
#3808 = ORIENTED_EDGE ( 'NONE', *, *, #3428, .F. ) ;
#3809 = ORIENTED_EDGE ( 'NONE', *, *, #3810, .T. ) ;
#3810 = EDGE_CURVE ( 'NONE', #3142, #3572, #6968, .T. ) ;
#3811 = ORIENTED_EDGE ( 'NONE', *, *, #3574, .F. ) ;
#3812 = ORIENTED_EDGE ( 'NONE', *, *, #3810, .F. ) ;
#3813 = ADVANCED_FACE ( 'NONE', ( #7077 ), #7088, .T. ) ;
#3814 = ORIENTED_EDGE ( 'NONE', *, *, #3779, .T. ) ;
#3815 = EDGE_LOOP ( 'NONE', ( #3707, #3704, #3766, #3836 ) ) ;
#3816 = ORIENTED_EDGE ( 'NONE', *, *, #3407, .F. ) ;
#3817 = ORIENTED_EDGE ( 'NONE', *, *, #3775, .F. ) ;
#3818 = ORIENTED_EDGE ( 'NONE', *, *, #3819, .T. ) ;
#3819 = EDGE_CURVE ( 'NONE', #3355, #3733, #7083, .T. ) ;
#3820 = ADVANCED_FACE ( 'NONE', ( #7207 ), #7165, .T. ) ;
#3821 = EDGE_LOOP ( 'NONE', ( #3822, #3826, #3828, #3662 ) ) ;
#3822 = ORIENTED_EDGE ( 'NONE', *, *, #3823, .F. ) ;
#3823 = EDGE_CURVE ( 'NONE', #3824, #3825, #7166, .T. ) ;
#3824 = VERTEX_POINT ( 'NONE', #7168 ) ;
#3825 = VERTEX_POINT ( 'NONE', #7169 ) ;
#3826 = ORIENTED_EDGE ( 'NONE', *, *, #3827, .T. ) ;
#3827 = EDGE_CURVE ( 'NONE', #3824, #3732, #7258, .T. ) ;
#3828 = ORIENTED_EDGE ( 'NONE', *, *, #3731, .T. ) ;
#3829 = ORIENTED_EDGE ( 'NONE', *, *, #3830, .F. ) ;
#3830 = EDGE_CURVE ( 'NONE', #3831, #3832, #7213, .T. ) ;
#3831 = VERTEX_POINT ( 'NONE', #7209 ) ;
#3832 = VERTEX_POINT ( 'NONE', #7208 ) ;
#3833 = ORIENTED_EDGE ( 'NONE', *, *, #3834, .T. ) ;
#3834 = EDGE_CURVE ( 'NONE', #3831, #3709, #7204, .T. ) ;
#3835 = ORIENTED_EDGE ( 'NONE', *, *, #3708, .T. ) ;
#3836 = ORIENTED_EDGE ( 'NONE', *, *, #3837, .T. ) ;
#3837 = EDGE_CURVE ( 'NONE', #3405, #3777, #7200, .T. ) ;
#3838 = ADVANCED_FACE ( 'NONE', ( #7189 ), #7253, .T. ) ;
#3839 = EDGE_LOOP ( 'NONE', ( #3829, #3833, #3835, #3314 ) ) ;
#3840 = EDGE_LOOP ( 'NONE', ( #3635, #3636, #3637, #3639 ) ) ;
#3841 = ORIENTED_EDGE ( 'NONE', *, *, #3849, .F. ) ;
#3842 = EDGE_LOOP ( 'NONE', ( #3641, #3739, #3741, #3727 ) ) ;
#3843 = EDGE_CURVE ( 'NONE', #3665, #3656, #7251, .T. ) ;
#3844 = EDGE_LOOP ( 'NONE', ( #3845, #3846, #3847, #3848 ) ) ;
#3845 = ORIENTED_EDGE ( 'NONE', *, *, #3185, .T. ) ;
#3846 = ORIENTED_EDGE ( 'NONE', *, *, #3394, .F. ) ;
#3847 = ORIENTED_EDGE ( 'NONE', *, *, #3362, .F. ) ;
#3848 = ORIENTED_EDGE ( 'NONE', *, *, #3740, .F. ) ;
#3849 = EDGE_CURVE ( 'NONE', #3280, #3703, #7242, .T. ) ;
#3850 = ADVANCED_FACE ( 'NONE', ( #7237 ), #7195, .F. ) ;
#3851 = ORIENTED_EDGE ( 'NONE', *, *, #3270, .T. ) ;
#3852 = ORIENTED_EDGE ( 'NONE', *, *, #3853, .T. ) ;
#3853 = EDGE_CURVE ( 'NONE', #3874, #3854, #7276, .T. ) ;
#3854 = VERTEX_POINT ( 'NONE', #7268 ) ;
#3855 = ORIENTED_EDGE ( 'NONE', *, *, #3864, .F. ) ;
#3856 = VERTEX_POINT ( 'NONE', #7267 ) ;
#3857 = VERTEX_POINT ( 'NONE', #7266 ) ;
#3858 = ORIENTED_EDGE ( 'NONE', *, *, #3859, .F. ) ;
#3859 = EDGE_CURVE ( 'NONE', #3860, #3879, #7265, .T. ) ;
#3860 = VERTEX_POINT ( 'NONE', #7122 ) ;
#3861 = ORIENTED_EDGE ( 'NONE', *, *, #3682, .F. ) ;
#3862 = EDGE_CURVE ( 'NONE', #4106, #3794, #7121, .T. ) ;
#3863 = VERTEX_POINT ( 'NONE', #7117 ) ;
#3864 = EDGE_CURVE ( 'NONE', #3881, #3856, #7115, .T. ) ;
#3865 = ADVANCED_FACE ( 'NONE', ( #7136 ), #7220, .F. ) ;
#3866 = EDGE_LOOP ( 'NONE', ( #3644, #3852, #3869, #3867, #3877, #3858, #3861, #3721, #3685, #3681 ) ) ;
#3867 = ORIENTED_EDGE ( 'NONE', *, *, #3868, .F. ) ;
#3868 = EDGE_CURVE ( 'NONE', #3863, #3872, #7215, .T. ) ;
#3869 = ORIENTED_EDGE ( 'NONE', *, *, #3870, .T. ) ;
#3870 = EDGE_CURVE ( 'NONE', #3854, #3872, #7162, .T. ) ;
#3871 = EDGE_LOOP ( 'NONE', ( #3855, #3761, #3762, #3763 ) ) ;
#3872 = VERTEX_POINT ( 'NONE', #7158 ) ;
#3873 = EDGE_CURVE ( 'NONE', #3857, #3874, #7157, .T. ) ;
#3874 = VERTEX_POINT ( 'NONE', #7153 ) ;
#3875 = EDGE_CURVE ( 'NONE', #3759, #3880, #7152, .T. ) ;
#3876 = EDGE_CURVE ( 'NONE', #3881, #3759, #7147, .T. ) ;
#3877 = ORIENTED_EDGE ( 'NONE', *, *, #3878, .T. ) ;
#3878 = EDGE_CURVE ( 'NONE', #3863, #3879, #7353, .T. ) ;
#3879 = VERTEX_POINT ( 'NONE', #7335 ) ;
#3880 = VERTEX_POINT ( 'NONE', #7302 ) ;
#3881 = VERTEX_POINT ( 'NONE', #7292 ) ;
#3882 = ORIENTED_EDGE ( 'NONE', *, *, #3989, .T. ) ;
#3883 = ORIENTED_EDGE ( 'NONE', *, *, #3932, .F. ) ;
#3884 = ORIENTED_EDGE ( 'NONE', *, *, #3885, .T. ) ;
#3885 = EDGE_CURVE ( 'NONE', #3931, #3895, #7286, .T. ) ;
#3886 = ORIENTED_EDGE ( 'NONE', *, *, #3894, .F. ) ;
#3887 = VERTEX_POINT ( 'NONE', #7340 ) ;
#3888 = ORIENTED_EDGE ( 'NONE', *, *, #3898, .F. ) ;
#3889 = ORIENTED_EDGE ( 'NONE', *, *, #3898, .T. ) ;
#3890 = VERTEX_POINT ( 'NONE', #7299 ) ;
#3891 = ADVANCED_FACE ( 'NONE', ( #7385 ), #7333, .F. ) ;
#3892 = EDGE_LOOP ( 'NONE', ( #3995, #4036, #4034, #3972 ) ) ;
#3893 = EDGE_CURVE ( 'NONE', #4032, #3969, #7389, .T. ) ;
#3894 = EDGE_CURVE ( 'NONE', #3991, #3895, #7283, .T. ) ;
#3895 = VERTEX_POINT ( 'NONE', #7279 ) ;
#3896 = EDGE_LOOP ( 'NONE', ( #3959, #3993, #3986 ) ) ;
#3897 = EDGE_LOOP ( 'NONE', ( #3899, #3889, #4020, #4071, #4072, #4068 ) ) ;
#3898 = EDGE_CURVE ( 'NONE', #4033, #4006, #7297, .T. ) ;
#3899 = ORIENTED_EDGE ( 'NONE', *, *, #3968, .F. ) ;
#3900 = ADVANCED_FACE ( 'NONE', ( #7325 ), #7330, .T. ) ;
#3901 = EDGE_CURVE ( 'NONE', #3902, #3907, #7417, .T. ) ;
#3902 = VERTEX_POINT ( 'NONE', #7403 ) ;
#3903 = ORIENTED_EDGE ( 'NONE', *, *, #4017, .T. ) ;
#3904 = EDGE_CURVE ( 'NONE', #3679, #3998, #7402, .T. ) ;
#3905 = ORIENTED_EDGE ( 'NONE', *, *, #3906, .F. ) ;
#3906 = EDGE_CURVE ( 'NONE', #3908, #3907, #7398, .T. ) ;
#3907 = VERTEX_POINT ( 'NONE', #7394 ) ;
#3908 = VERTEX_POINT ( 'NONE', #7393 ) ;
#3909 = VERTEX_POINT ( 'NONE', #7392 ) ;
#3910 = ORIENTED_EDGE ( 'NONE', *, *, #3904, .T. ) ;
#3911 = VERTEX_POINT ( 'NONE', #7391 ) ;
#3912 = EDGE_CURVE ( 'NONE', #4065, #4067, #7390, .T. ) ;
#3913 = ORIENTED_EDGE ( 'NONE', *, *, #3914, .T. ) ;
#3914 = EDGE_CURVE ( 'NONE', #4067, #3915, #7375, .T. ) ;
#3915 = VERTEX_POINT ( 'NONE', #7371 ) ;
#3916 = ORIENTED_EDGE ( 'NONE', *, *, #3917, .T. ) ;
#3917 = EDGE_CURVE ( 'NONE', #3915, #3918, #7370, .T. ) ;
#3918 = VERTEX_POINT ( 'NONE', #7366 ) ;
#3919 = ORIENTED_EDGE ( 'NONE', *, *, #3935, .T. ) ;
#3920 = ORIENTED_EDGE ( 'NONE', *, *, #3752, .T. ) ;
#3921 = ORIENTED_EDGE ( 'NONE', *, *, #3985, .T. ) ;
#3922 = ORIENTED_EDGE ( 'NONE', *, *, #3923, .T. ) ;
#3923 = EDGE_CURVE ( 'NONE', #3998, #3982, #7365, .T. ) ;
#3924 = ORIENTED_EDGE ( 'NONE', *, *, #3925, .T. ) ;
#3925 = EDGE_CURVE ( 'NONE', #4015, #3926, #7361, .T. ) ;
#3926 = VERTEX_POINT ( 'NONE', #7357 ) ;
#3927 = ORIENTED_EDGE ( 'NONE', *, *, #4010, .T. ) ;
#3928 = VERTEX_POINT ( 'NONE', #7356 ) ;
#3929 = ORIENTED_EDGE ( 'NONE', *, *, #3930, .F. ) ;
#3930 = EDGE_CURVE ( 'NONE', #3931, #3911, #7355, .T. ) ;
#3931 = VERTEX_POINT ( 'NONE', #7350 ) ;
#3932 = EDGE_CURVE ( 'NONE', #3991, #4000, #7349, .T. ) ;
#3933 = EDGE_CURVE ( 'NONE', #3941, #4173, #7315, .T. ) ;
#3934 = ORIENTED_EDGE ( 'NONE', *, *, #4074, .T. ) ;
#3935 = EDGE_CURVE ( 'NONE', #3918, #3936, #7311, .T. ) ;
#3936 = VERTEX_POINT ( 'NONE', #7307 ) ;
#3937 = EDGE_CURVE ( 'NONE', #4047, #3947, #7306, .T. ) ;
#3938 = ORIENTED_EDGE ( 'NONE', *, *, #4051, .T. ) ;
#3939 = ORIENTED_EDGE ( 'NONE', *, *, #3940, .T. ) ;
#3940 = EDGE_CURVE ( 'NONE', #4173, #3954, #7442, .T. ) ;
#3941 = VERTEX_POINT ( 'NONE', #7438 ) ;
#3942 = ORIENTED_EDGE ( 'NONE', *, *, #3949, .F. ) ;
#3943 = VERTEX_POINT ( 'NONE', #7437 ) ;
#3944 = EDGE_CURVE ( 'NONE', #3936, #4054, #7436, .T. ) ;
#3945 = VERTEX_POINT ( 'NONE', #7432 ) ;
#3946 = ORIENTED_EDGE ( 'NONE', *, *, #3937, .T. ) ;
#3947 = VERTEX_POINT ( 'NONE', #7431 ) ;
#3948 = VERTEX_POINT ( 'NONE', #7430 ) ;
#3949 = EDGE_CURVE ( 'NONE', #3943, #3945, #7429, .T. ) ;
#3950 = ORIENTED_EDGE ( 'NONE', *, *, #4045, .T. ) ;
#3951 = ORIENTED_EDGE ( 'NONE', *, *, #3952, .F. ) ;
#3952 = EDGE_CURVE ( 'NONE', #4044, #3953, #7425, .T. ) ;
#3953 = VERTEX_POINT ( 'NONE', #7421 ) ;
#3954 = VERTEX_POINT ( 'NONE', #7420 ) ;
#3955 = ORIENTED_EDGE ( 'NONE', *, *, #4040, .T. ) ;
#3956 = ORIENTED_EDGE ( 'NONE', *, *, #3960, .F. ) ;
#3957 = ORIENTED_EDGE ( 'NONE', *, *, #3990, .F. ) ;
#3958 = ORIENTED_EDGE ( 'NONE', *, *, #4003, .F. ) ;
#3959 = ORIENTED_EDGE ( 'NONE', *, *, #3678, .F. ) ;
#3960 = EDGE_CURVE ( 'NONE', #4024, #3976, #7413, .T. ) ;
#3961 = VERTEX_POINT ( 'NONE', #7409 ) ;
#3962 = ORIENTED_EDGE ( 'NONE', *, *, #3901, .F. ) ;
#3963 = EDGE_CURVE ( 'NONE', #3969, #4006, #7407, .T. ) ;
#3964 = ORIENTED_EDGE ( 'NONE', *, *, #3965, .F. ) ;
#3965 = EDGE_CURVE ( 'NONE', #3966, #3967, #7512, .T. ) ;
#3966 = VERTEX_POINT ( 'NONE', #7516 ) ;
#3967 = VERTEX_POINT ( 'NONE', #7513 ) ;
#3968 = EDGE_CURVE ( 'NONE', #4033, #3887, #7455, .T. ) ;
#3969 = VERTEX_POINT ( 'NONE', #7532 ) ;
#3970 = ORIENTED_EDGE ( 'NONE', *, *, #4037, .F. ) ;
#3971 = EDGE_CURVE ( 'NONE', #3908, #3890, #7467, .T. ) ;
#3972 = ORIENTED_EDGE ( 'NONE', *, *, #3973, .F. ) ;
#3973 = EDGE_CURVE ( 'NONE', #3997, #3969, #7475, .T. ) ;
#3974 = ORIENTED_EDGE ( 'NONE', *, *, #3975, .F. ) ;
#3975 = EDGE_CURVE ( 'NONE', #3997, #4033, #7471, .T. ) ;
#3976 = VERTEX_POINT ( 'NONE', #7630 ) ;
#3977 = VERTEX_POINT ( 'NONE', #7629 ) ;
#3978 = EDGE_CURVE ( 'NONE', #3967, #4061, #7627, .T. ) ;
#3979 = ADVANCED_FACE ( 'NONE', ( #7637, #7636, #7635, #7634 ), #7464, .T. ) ;
#3980 = EDGE_LOOP ( 'NONE', ( #3981, #3962, #3903, #4018, #4007, #4008, #3920, #3921, #3922, #3983, #3924, #3927, #4012, #4063, #4066, #3913, #3916, #3919, #4041, #3934, #4049, #3939, #4050, #4166, #3942, #3950, #3955, #3946, #3938, #4042 ) ) ;
#3981 = ORIENTED_EDGE ( 'NONE', *, *, #3906, .T. ) ;
#3982 = VERTEX_POINT ( 'NONE', #7463 ) ;
#3983 = ORIENTED_EDGE ( 'NONE', *, *, #3984, .T. ) ;
#3984 = EDGE_CURVE ( 'NONE', #3982, #4015, #7531, .T. ) ;
#3985 = EDGE_CURVE ( 'NONE', #3713, #3998, #7527, .T. ) ;
#3986 = ORIENTED_EDGE ( 'NONE', *, *, #3987, .F. ) ;
#3987 = EDGE_CURVE ( 'NONE', #3679, #4002, #7600, .T. ) ;
#3988 = EDGE_LOOP ( 'NONE', ( #3929, #3884, #3886, #4014 ) ) ;
#3989 = EDGE_CURVE ( 'NONE', #3680, #4000, #7482, .T. ) ;
#3990 = EDGE_CURVE ( 'NONE', #3690, #3895, #7478, .T. ) ;
#3991 = VERTEX_POINT ( 'NONE', #7554 ) ;
#3992 = ORIENTED_EDGE ( 'NONE', *, *, #3894, .T. ) ;
#3993 = ORIENTED_EDGE ( 'NONE', *, *, #4001, .T. ) ;
#3994 = EDGE_CURVE ( 'NONE', #3890, #4032, #7553, .T. ) ;
#3995 = ORIENTED_EDGE ( 'NONE', *, *, #3996, .F. ) ;
#3996 = EDGE_CURVE ( 'NONE', #3976, #3997, #7549, .T. ) ;
#3997 = VERTEX_POINT ( 'NONE', #7545 ) ;
#3998 = VERTEX_POINT ( 'NONE', #7544 ) ;
#3999 = ORIENTED_EDGE ( 'NONE', *, *, #3985, .F. ) ;
#4000 = VERTEX_POINT ( 'NONE', #7543 ) ;
#4001 = EDGE_CURVE ( 'NONE', #3689, #4002, #7542, .T. ) ;
#4002 = VERTEX_POINT ( 'NONE', #7625 ) ;
#4003 = EDGE_CURVE ( 'NONE', #3907, #4024, #7624, .T. ) ;
#4004 = ORIENTED_EDGE ( 'NONE', *, *, #4005, .F. ) ;
#4005 = EDGE_CURVE ( 'NONE', #4061, #3928, #7620, .T. ) ;
#4006 = VERTEX_POINT ( 'NONE', #7616 ) ;
#4007 = ORIENTED_EDGE ( 'NONE', *, *, #4016, .T. ) ;
#4008 = ORIENTED_EDGE ( 'NONE', *, *, #3720, .T. ) ;
#4009 = ADVANCED_FACE ( 'NONE', ( #7615 ), #7591, .F. ) ;
#4010 = EDGE_CURVE ( 'NONE', #3926, #4011, #7590, .T. ) ;
#4011 = VERTEX_POINT ( 'NONE', #7526 ) ;
#4012 = ORIENTED_EDGE ( 'NONE', *, *, #4013, .T. ) ;
#4013 = EDGE_CURVE ( 'NONE', #4011, #3977, #7525, .T. ) ;
#4014 = ORIENTED_EDGE ( 'NONE', *, *, #4025, .F. ) ;
#4015 = VERTEX_POINT ( 'NONE', #7521 ) ;
#4016 = EDGE_CURVE ( 'NONE', #4073, #3754, #7519, .T. ) ;
#4017 = EDGE_CURVE ( 'NONE', #3902, #3961, #7520, .T. ) ;
#4018 = ORIENTED_EDGE ( 'NONE', *, *, #4019, .T. ) ;
#4019 = EDGE_CURVE ( 'NONE', #3961, #4073, #7503, .T. ) ;
#4020 = ORIENTED_EDGE ( 'NONE', *, *, #4021, .T. ) ;
#4021 = EDGE_CURVE ( 'NONE', #4006, #3857, #7499, .T. ) ;
#4022 = ORIENTED_EDGE ( 'NONE', *, *, #4023, .F. ) ;
#4023 = EDGE_CURVE ( 'NONE', #3928, #3966, #7494, .T. ) ;
#4024 = VERTEX_POINT ( 'NONE', #7490 ) ;
#4025 = EDGE_CURVE ( 'NONE', #3911, #3991, #7488, .T. ) ;
#4026 = EDGE_LOOP ( 'NONE', ( #3956, #3958, #3905, #4031, #4035, #3970 ) ) ;
#4027 = ADVANCED_FACE ( 'NONE', ( #7484 ), #7581, .T. ) ;
#4028 = EDGE_CURVE ( 'NONE', #3650, #3909, #7580, .T. ) ;
#4029 = ADVANCED_FACE ( 'NONE', ( #7571 ), #7692, .F. ) ;
#4030 = EDGE_LOOP ( 'NONE', ( #3974, #4038, #4039, #3888 ) ) ;
#4031 = ORIENTED_EDGE ( 'NONE', *, *, #3971, .T. ) ;
#4032 = VERTEX_POINT ( 'NONE', #7696 ) ;
#4033 = VERTEX_POINT ( 'NONE', #7693 ) ;
#4034 = ORIENTED_EDGE ( 'NONE', *, *, #3893, .T. ) ;
#4035 = ORIENTED_EDGE ( 'NONE', *, *, #3994, .T. ) ;
#4036 = ORIENTED_EDGE ( 'NONE', *, *, #4037, .T. ) ;
#4037 = EDGE_CURVE ( 'NONE', #3976, #4032, #7789, .T. ) ;
#4038 = ORIENTED_EDGE ( 'NONE', *, *, #3973, .T. ) ;
#4039 = ORIENTED_EDGE ( 'NONE', *, *, #3963, .T. ) ;
#4040 = EDGE_CURVE ( 'NONE', #4046, #4047, #7698, .T. ) ;
#4041 = ORIENTED_EDGE ( 'NONE', *, *, #3944, .T. ) ;
#4042 = ORIENTED_EDGE ( 'NONE', *, *, #4043, .T. ) ;
#4043 = EDGE_CURVE ( 'NONE', #4052, #3908, #7738, .T. ) ;
#4044 = VERTEX_POINT ( 'NONE', #7722 ) ;
#4045 = EDGE_CURVE ( 'NONE', #3943, #4046, #7788, .T. ) ;
#4046 = VERTEX_POINT ( 'NONE', #7715 ) ;
#4047 = VERTEX_POINT ( 'NONE', #7714 ) ;
#4048 = EDGE_CURVE ( 'NONE', #3945, #3948, #7713, .T. ) ;
#4049 = ORIENTED_EDGE ( 'NONE', *, *, #3933, .T. ) ;
#4050 = ORIENTED_EDGE ( 'NONE', *, *, #4157, .T. ) ;
#4051 = EDGE_CURVE ( 'NONE', #3947, #4052, #7784, .T. ) ;
#4052 = VERTEX_POINT ( 'NONE', #7751 ) ;
#4053 = EDGE_LOOP ( 'NONE', ( #3951, #4055, #4077, #4226 ) ) ;
#4054 = VERTEX_POINT ( 'NONE', #7750 ) ;
#4055 = ORIENTED_EDGE ( 'NONE', *, *, #4058, .F. ) ;
#4056 = ORIENTED_EDGE ( 'NONE', *, *, #3684, .T. ) ;
#4057 = ADVANCED_FACE ( 'NONE', ( #7749 ), #7694, .F. ) ;
#4058 = EDGE_CURVE ( 'NONE', #4059, #4044, #7675, .T. ) ;
#4059 = VERTEX_POINT ( 'NONE', #7671 ) ;
#4060 = VERTEX_POINT ( 'NONE', #7670 ) ;
#4061 = VERTEX_POINT ( 'NONE', #7669 ) ;
#4062 = ORIENTED_EDGE ( 'NONE', *, *, #3978, .F. ) ;
#4063 = ORIENTED_EDGE ( 'NONE', *, *, #4064, .T. ) ;
#4064 = EDGE_CURVE ( 'NONE', #3977, #4065, #7805, .T. ) ;
#4065 = VERTEX_POINT ( 'NONE', #7801 ) ;
#4066 = ORIENTED_EDGE ( 'NONE', *, *, #3912, .T. ) ;
#4067 = VERTEX_POINT ( 'NONE', #7800 ) ;
#4068 = ORIENTED_EDGE ( 'NONE', *, *, #4069, .T. ) ;
#4069 = EDGE_CURVE ( 'NONE', #4073, #3887, #7799, .T. ) ;
#4070 = EDGE_LOOP ( 'NONE', ( #3964, #4022, #4004, #4062 ) ) ;
#4071 = ORIENTED_EDGE ( 'NONE', *, *, #3686, .F. ) ;
#4072 = ORIENTED_EDGE ( 'NONE', *, *, #4016, .F. ) ;
#4073 = VERTEX_POINT ( 'NONE', #7795 ) ;
#4074 = EDGE_CURVE ( 'NONE', #4054, #3941, #7794, .T. ) ;
#4075 = ORIENTED_EDGE ( 'NONE', *, *, #4148, .F. ) ;
#4076 = ORIENTED_EDGE ( 'NONE', *, *, #4222, .F. ) ;
#4077 = ORIENTED_EDGE ( 'NONE', *, *, #4146, .F. ) ;
#4078 = VERTEX_POINT ( 'NONE', #7790 ) ;
#4079 = ORIENTED_EDGE ( 'NONE', *, *, #4080, .F. ) ;
#4080 = EDGE_CURVE ( 'NONE', #4229, #4228, #7736, .T. ) ;
#4081 = ORIENTED_EDGE ( 'NONE', *, *, #4082, .F. ) ;
#4082 = EDGE_CURVE ( 'NONE', #4083, #3890, #7732, .T. ) ;
#4083 = VERTEX_POINT ( 'NONE', #7728 ) ;
#4084 = ORIENTED_EDGE ( 'NONE', *, *, #3712, .F. ) ;
#4085 = VERTEX_POINT ( 'NONE', #7727 ) ;
#4086 = ORIENTED_EDGE ( 'NONE', *, *, #4087, .F. ) ;
#4087 = EDGE_CURVE ( 'NONE', #4085, #4183, #7767, .T. ) ;
#4088 = ORIENTED_EDGE ( 'NONE', *, *, #4089, .F. ) ;
#4089 = EDGE_CURVE ( 'NONE', #4090, #3710, #7763, .T. ) ;
#4090 = VERTEX_POINT ( 'NONE', #7759 ) ;
#4091 = EDGE_CURVE ( 'NONE', #4187, #4186, #7758, .T. ) ;
#4092 = ORIENTED_EDGE ( 'NONE', *, *, #4091, .T. ) ;
#4093 = EDGE_CURVE ( 'NONE', #4094, #3863, #7754, .T. ) ;
#4094 = VERTEX_POINT ( 'NONE', #7662 ) ;
#4095 = EDGE_CURVE ( 'NONE', #4197, #4078, #7661, .T. ) ;
#4096 = VERTEX_POINT ( 'NONE', #7656 ) ;
#4097 = EDGE_CURVE ( 'NONE', #4227, #4096, #7708, .T. ) ;
#4098 = EDGE_CURVE ( 'NONE', #4230, #4099, #7704, .T. ) ;
#4099 = VERTEX_POINT ( 'NONE', #7699 ) ;
#4100 = ORIENTED_EDGE ( 'NONE', *, *, #4101, .F. ) ;
#4101 = EDGE_CURVE ( 'NONE', #4078, #4230, #7691, .T. ) ;
#4102 = EDGE_CURVE ( 'NONE', #4103, #4177, #7687, .T. ) ;
#4103 = VERTEX_POINT ( 'NONE', #7683 ) ;
#4104 = ORIENTED_EDGE ( 'NONE', *, *, #4105, .T. ) ;
#4105 = EDGE_CURVE ( 'NONE', #4221, #4106, #7682, .T. ) ;
#4106 = VERTEX_POINT ( 'NONE', #7678 ) ;
#4107 = ORIENTED_EDGE ( 'NONE', *, *, #3862, .T. ) ;
#4108 = VERTEX_POINT ( 'NONE', #7677 ) ;
#4109 = ORIENTED_EDGE ( 'NONE', *, *, #4110, .F. ) ;
#4110 = EDGE_CURVE ( 'NONE', #4096, #4232, #7776, .T. ) ;
#4111 = EDGE_CURVE ( 'NONE', #4099, #4210, #7772, .T. ) ;
#4112 = ORIENTED_EDGE ( 'NONE', *, *, #4113, .T. ) ;
#4113 = EDGE_CURVE ( 'NONE', #4208, #4121, #7768, .T. ) ;
#4114 = ORIENTED_EDGE ( 'NONE', *, *, #4203, .F. ) ;
#4115 = VERTEX_POINT ( 'NONE', #7652 ) ;
#4116 = ORIENTED_EDGE ( 'NONE', *, *, #4117, .T. ) ;
#4117 = EDGE_CURVE ( 'NONE', #4212, #4175, #7651, .T. ) ;
#4118 = VERTEX_POINT ( 'NONE', #7647 ) ;
#4119 = ORIENTED_EDGE ( 'NONE', *, *, #4097, .F. ) ;
#4120 = ADVANCED_FACE ( 'NONE', ( #7646, #7645 ), #7994, .F. ) ;
#4121 = VERTEX_POINT ( 'NONE', #7828 ) ;
#4122 = EDGE_CURVE ( 'NONE', #4123, #4206, #7969, .T. ) ;
#4123 = VERTEX_POINT ( 'NONE', #7965 ) ;
#4124 = ORIENTED_EDGE ( 'NONE', *, *, #4125, .F. ) ;
#4125 = EDGE_CURVE ( 'NONE', #4153, #4123, #7964, .T. ) ;
#4126 = ORIENTED_EDGE ( 'NONE', *, *, #4127, .F. ) ;
#4127 = EDGE_CURVE ( 'NONE', #4118, #4128, #7977, .T. ) ;
#4128 = VERTEX_POINT ( 'NONE', #7973 ) ;
#4129 = EDGE_LOOP ( 'NONE', ( #4130, #4100, #4182, #4076, #4149, #4150, #4180, #4162 ) ) ;
#4130 = ORIENTED_EDGE ( 'NONE', *, *, #4098, .F. ) ;
#4131 = ORIENTED_EDGE ( 'NONE', *, *, #4132, .F. ) ;
#4132 = EDGE_CURVE ( 'NONE', #4188, #4094, #7972, .T. ) ;
#4133 = ORIENTED_EDGE ( 'NONE', *, *, #4021, .F. ) ;
#4134 = ORIENTED_EDGE ( 'NONE', *, *, #3963, .F. ) ;
#4135 = ORIENTED_EDGE ( 'NONE', *, *, #4136, .T. ) ;
#4136 = EDGE_CURVE ( 'NONE', #4090, #4137, #7959, .T. ) ;
#4137 = VERTEX_POINT ( 'NONE', #7955 ) ;
#4138 = ORIENTED_EDGE ( 'NONE', *, *, #4143, .F. ) ;
#4139 = EDGE_CURVE ( 'NONE', #4185, #3794, #7954, .T. ) ;
#4140 = ORIENTED_EDGE ( 'NONE', *, *, #4141, .F. ) ;
#4141 = EDGE_CURVE ( 'NONE', #4142, #4085, #7950, .T. ) ;
#4142 = VERTEX_POINT ( 'NONE', #7946 ) ;
#4143 = EDGE_CURVE ( 'NONE', #4144, #4185, #7945, .T. ) ;
#4144 = VERTEX_POINT ( 'NONE', #7941 ) ;
#4145 = EDGE_CURVE ( 'NONE', #4181, #4218, #7940, .T. ) ;
#4146 = EDGE_CURVE ( 'NONE', #4060, #4059, #7935, .T. ) ;
#4147 = EDGE_CURVE ( 'NONE', #3953, #4060, #7936, .T. ) ;
#4148 = EDGE_CURVE ( 'NONE', #4228, #4181, #7927, .T. ) ;
#4149 = ORIENTED_EDGE ( 'NONE', *, *, #4165, .F. ) ;
#4150 = ORIENTED_EDGE ( 'NONE', *, *, #4178, .F. ) ;
#4151 = ORIENTED_EDGE ( 'NONE', *, *, #4152, .F. ) ;
#4152 = EDGE_CURVE ( 'NONE', #4223, #4103, #7923, .T. ) ;
#4153 = VERTEX_POINT ( 'NONE', #7919 ) ;
#4154 = ORIENTED_EDGE ( 'NONE', *, *, #4155, .F. ) ;
#4155 = EDGE_CURVE ( 'NONE', #4159, #4153, #7918, .T. ) ;
#4156 = EDGE_CURVE ( 'NONE', #4218, #4229, #7914, .T. ) ;
#4157 = EDGE_CURVE ( 'NONE', #3954, #3948, #7910, .T. ) ;
#4158 = EDGE_LOOP ( 'NONE', ( #4119, #4168, #4217, #4109 ) ) ;
#4159 = VERTEX_POINT ( 'NONE', #7824 ) ;
#4160 = ORIENTED_EDGE ( 'NONE', *, *, #4211, .F. ) ;
#4161 = EDGE_CURVE ( 'NONE', #4210, #4179, #7823, .T. ) ;
#4162 = ORIENTED_EDGE ( 'NONE', *, *, #4111, .F. ) ;
#4163 = EDGE_CURVE ( 'NONE', #4175, #4177, #7818, .T. ) ;
#4164 = ORIENTED_EDGE ( 'NONE', *, *, #4102, .F. ) ;
#4165 = EDGE_CURVE ( 'NONE', #4209, #4108, #7814, .T. ) ;
#4166 = ORIENTED_EDGE ( 'NONE', *, *, #4048, .F. ) ;
#4167 = ORIENTED_EDGE ( 'NONE', *, *, #4156, .F. ) ;
#4168 = ORIENTED_EDGE ( 'NONE', *, *, #4172, .F. ) ;
#4169 = VERTEX_POINT ( 'NONE', #7809 ) ;
#4170 = EDGE_LOOP ( 'NONE', ( #4079, #4167, #4171, #4075 ) ) ;
#4171 = ORIENTED_EDGE ( 'NONE', *, *, #4145, .F. ) ;
#4172 = EDGE_CURVE ( 'NONE', #4169, #4227, #7808, .T. ) ;
#4173 = VERTEX_POINT ( 'NONE', #8018 ) ;
#4174 = EDGE_LOOP ( 'NONE', ( #4126, #4160, #4116, #4176, #4164, #4151, #4224, #4112, #4114, #4204, #4207, #4124, #4154, #4213, #4219, #4104, #4107, #4184, #4138, #4201, #4092, #4200, #4086, #4140, #4196, #4199, #4084, #4088, #4135, #4192, #4194, #4195, #4131, #4189, #4191, #4133, #4134, #4416, #4406, #4081, #4407, #4316, #4408, #4285, #4255, #4235, #4233, #4327, #4252, #4315, #4286, #4325, #4303, #4267 ) ) ;
#4175 = VERTEX_POINT ( 'NONE', #8017 ) ;
#4176 = ORIENTED_EDGE ( 'NONE', *, *, #4163, .T. ) ;
#4177 = VERTEX_POINT ( 'NONE', #8016 ) ;
#4178 = EDGE_CURVE ( 'NONE', #4179, #4209, #8015, .T. ) ;
#4179 = VERTEX_POINT ( 'NONE', #8011 ) ;
#4180 = ORIENTED_EDGE ( 'NONE', *, *, #4161, .F. ) ;
#4181 = VERTEX_POINT ( 'NONE', #8010 ) ;
#4182 = ORIENTED_EDGE ( 'NONE', *, *, #4095, .F. ) ;
#4183 = VERTEX_POINT ( 'NONE', #8009 ) ;
#4184 = ORIENTED_EDGE ( 'NONE', *, *, #4139, .F. ) ;
#4185 = VERTEX_POINT ( 'NONE', #8008 ) ;
#4186 = VERTEX_POINT ( 'NONE', #8007 ) ;
#4187 = VERTEX_POINT ( 'NONE', #8006 ) ;
#4188 = VERTEX_POINT ( 'NONE', #8005 ) ;
#4189 = ORIENTED_EDGE ( 'NONE', *, *, #4190, .T. ) ;
#4190 = EDGE_CURVE ( 'NONE', #4188, #3874, #8004, .T. ) ;
#4191 = ORIENTED_EDGE ( 'NONE', *, *, #3873, .F. ) ;
#4192 = ORIENTED_EDGE ( 'NONE', *, *, #4193, .T. ) ;
#4193 = EDGE_CURVE ( 'NONE', #4137, #3879, #8000, .T. ) ;
#4194 = ORIENTED_EDGE ( 'NONE', *, *, #3878, .F. ) ;
#4195 = ORIENTED_EDGE ( 'NONE', *, *, #4093, .F. ) ;
#4196 = ORIENTED_EDGE ( 'NONE', *, *, #4198, .F. ) ;
#4197 = VERTEX_POINT ( 'NONE', #7996 ) ;
#4198 = EDGE_CURVE ( 'NONE', #4000, #4142, #7992, .T. ) ;
#4199 = ORIENTED_EDGE ( 'NONE', *, *, #3989, .F. ) ;
#4200 = ORIENTED_EDGE ( 'NONE', *, *, #4417, .F. ) ;
#4201 = ORIENTED_EDGE ( 'NONE', *, *, #4202, .F. ) ;
#4202 = EDGE_CURVE ( 'NONE', #4187, #4144, #7988, .T. ) ;
#4203 = EDGE_CURVE ( 'NONE', #4115, #4121, #7983, .T. ) ;
#4204 = ORIENTED_EDGE ( 'NONE', *, *, #4205, .F. ) ;
#4205 = EDGE_CURVE ( 'NONE', #4206, #4115, #7978, .T. ) ;
#4206 = VERTEX_POINT ( 'NONE', #7842 ) ;
#4207 = ORIENTED_EDGE ( 'NONE', *, *, #4122, .F. ) ;
#4208 = VERTEX_POINT ( 'NONE', #7841 ) ;
#4209 = VERTEX_POINT ( 'NONE', #7840 ) ;
#4210 = VERTEX_POINT ( 'NONE', #7839 ) ;
#4211 = EDGE_CURVE ( 'NONE', #4212, #4118, #7838, .T. ) ;
#4212 = VERTEX_POINT ( 'NONE', #7834 ) ;
#4213 = ORIENTED_EDGE ( 'NONE', *, *, #4214, .F. ) ;
#4214 = EDGE_CURVE ( 'NONE', #4215, #4159, #7869, .T. ) ;
#4215 = VERTEX_POINT ( 'NONE', #7865 ) ;
#4216 = ORIENTED_EDGE ( 'NONE', *, *, #4685, .F. ) ;
#4217 = ORIENTED_EDGE ( 'NONE', *, *, #4231, .F. ) ;
#4218 = VERTEX_POINT ( 'NONE', #7864 ) ;
#4219 = ORIENTED_EDGE ( 'NONE', *, *, #4220, .F. ) ;
#4220 = EDGE_CURVE ( 'NONE', #4221, #4215, #7863, .T. ) ;
#4221 = VERTEX_POINT ( 'NONE', #7858 ) ;
#4222 = EDGE_CURVE ( 'NONE', #4108, #4197, #7857, .T. ) ;
#4223 = VERTEX_POINT ( 'NONE', #7853 ) ;
#4224 = ORIENTED_EDGE ( 'NONE', *, *, #4225, .F. ) ;
#4225 = EDGE_CURVE ( 'NONE', #4208, #4223, #7852, .T. ) ;
#4226 = ORIENTED_EDGE ( 'NONE', *, *, #4147, .F. ) ;
#4227 = VERTEX_POINT ( 'NONE', #7848 ) ;
#4228 = VERTEX_POINT ( 'NONE', #7847 ) ;
#4229 = VERTEX_POINT ( 'NONE', #7846 ) ;
#4230 = VERTEX_POINT ( 'NONE', #7845 ) ;
#4231 = EDGE_CURVE ( 'NONE', #4232, #4169, #7905, .T. ) ;
#4232 = VERTEX_POINT ( 'NONE', #7901 ) ;
#4233 = ORIENTED_EDGE ( 'NONE', *, *, #4234, .F. ) ;
#4234 = EDGE_CURVE ( 'NONE', #4318, #4311, #7900, .T. ) ;
#4235 = ORIENTED_EDGE ( 'NONE', *, *, #4282, .F. ) ;
#4236 = EDGE_CURVE ( 'NONE', #4272, #4385, #7895, .T. ) ;
#4237 = ORIENTED_EDGE ( 'NONE', *, *, #4238, .F. ) ;
#4238 = EDGE_CURVE ( 'NONE', #4210, #4385, #7896, .T. ) ;
#4239 = EDGE_LOOP ( 'NONE', ( #4342, #4384, #4271, #4264 ) ) ;
#4240 = EDGE_CURVE ( 'NONE', #4348, #4380, #7886, .T. ) ;
#4241 = ORIENTED_EDGE ( 'NONE', *, *, #4111, .T. ) ;
#4242 = ADVANCED_FACE ( 'NONE', ( #7881, #7880 ), #8039, .T. ) ;
#4243 = EDGE_LOOP ( 'NONE', ( #4338, #4294, #4297, #4330, #4332, #4335, #4277, #4428 ) ) ;
#4244 = VERTEX_POINT ( 'NONE', #8026 ) ;
#4245 = ADVANCED_FACE ( 'NONE', ( #8063 ), #8116, .F. ) ;
#4246 = EDGE_LOOP ( 'NONE', ( #4403, #4405, #4477, #4481 ) ) ;
#4247 = VERTEX_POINT ( 'NONE', #8099 ) ;
#4248 = ORIENTED_EDGE ( 'NONE', *, *, #4362, .T. ) ;
#4249 = VERTEX_POINT ( 'NONE', #8095 ) ;
#4250 = EDGE_CURVE ( 'NONE', #4358, #4288, #8125, .T. ) ;
#4251 = ADVANCED_FACE ( 'NONE', ( #8126 ), #8093, .F. ) ;
#4252 = ORIENTED_EDGE ( 'NONE', *, *, #4314, .F. ) ;
#4253 = EDGE_CURVE ( 'NONE', #4256, #4313, #8089, .T. ) ;
#4254 = VERTEX_POINT ( 'NONE', #8075 ) ;
#4255 = ORIENTED_EDGE ( 'NONE', *, *, #4418, .F. ) ;
#4256 = VERTEX_POINT ( 'NONE', #8074 ) ;
#4257 = EDGE_CURVE ( 'NONE', #4302, #4254, #8073, .T. ) ;
#4258 = EDGE_LOOP ( 'NONE', ( #3143, #3165, #3168, #3257 ) ) ;
#4259 = VERTEX_POINT ( 'NONE', #8143 ) ;
#4260 = ORIENTED_EDGE ( 'NONE', *, *, #4240, .T. ) ;
#4261 = EDGE_CURVE ( 'NONE', #4179, #4272, #8141, .T. ) ;
#4262 = ADVANCED_FACE ( 'NONE', ( #8137 ), #8164, .T. ) ;
#4263 = EDGE_LOOP ( 'NONE', ( #4275, #4276, #4237, #4343 ) ) ;
#4264 = ORIENTED_EDGE ( 'NONE', *, *, #4178, .T. ) ;
#4265 = VERTEX_POINT ( 'NONE', #8109 ) ;
#4266 = EDGE_LOOP ( 'NONE', ( #4279, #4375, #4414, #4323 ) ) ;
#4267 = ORIENTED_EDGE ( 'NONE', *, *, #4439, .F. ) ;
#4268 = EDGE_CURVE ( 'NONE', #4099, #4280, #8108, .T. ) ;
#4269 = VERTEX_POINT ( 'NONE', #8104 ) ;
#4270 = EDGE_CURVE ( 'NONE', #4209, #4380, #8103, .T. ) ;
#4271 = ORIENTED_EDGE ( 'NONE', *, *, #4261, .F. ) ;
#4272 = VERTEX_POINT ( 'NONE', #8057 ) ;
#4273 = ADVANCED_FACE ( 'NONE', ( #8056 ), #8035, .T. ) ;
#4274 = ORIENTED_EDGE ( 'NONE', *, *, #4238, .T. ) ;
#4275 = ORIENTED_EDGE ( 'NONE', *, *, #4261, .T. ) ;
#4276 = ORIENTED_EDGE ( 'NONE', *, *, #4236, .T. ) ;
#4277 = ORIENTED_EDGE ( 'NONE', *, *, #4278, .T. ) ;
#4278 = EDGE_CURVE ( 'NONE', #4337, #4259, #8030, .T. ) ;
#4279 = ORIENTED_EDGE ( 'NONE', *, *, #4268, .T. ) ;
#4280 = VERTEX_POINT ( 'NONE', #8154 ) ;
#4281 = VERTEX_POINT ( 'NONE', #8153 ) ;
#4282 = EDGE_CURVE ( 'NONE', #4311, #4283, #8152, .T. ) ;
#4283 = VERTEX_POINT ( 'NONE', #8148 ) ;
#4284 = EDGE_CURVE ( 'NONE', #4254, #4281, #8147, .T. ) ;
#4285 = ORIENTED_EDGE ( 'NONE', *, *, #4284, .T. ) ;
#4286 = ORIENTED_EDGE ( 'NONE', *, *, #4287, .F. ) ;
#4287 = EDGE_CURVE ( 'NONE', #4312, #4256, #8133, .T. ) ;
#4288 = VERTEX_POINT ( 'NONE', #8129 ) ;
#4289 = EDGE_CURVE ( 'NONE', #4288, #4360, #8182, .T. ) ;
#4290 = EDGE_CURVE ( 'NONE', #4360, #4291, #8322, .T. ) ;
#4291 = VERTEX_POINT ( 'NONE', #8172 ) ;
#4292 = ORIENTED_EDGE ( 'NONE', *, *, #4290, .T. ) ;
#4293 = EDGE_CURVE ( 'NONE', #4259, #4340, #8260, .T. ) ;
#4294 = ORIENTED_EDGE ( 'NONE', *, *, #4295, .T. ) ;
#4295 = EDGE_CURVE ( 'NONE', #4341, #4296, #8171, .T. ) ;
#4296 = VERTEX_POINT ( 'NONE', #8254 ) ;
#4297 = ORIENTED_EDGE ( 'NONE', *, *, #4298, .T. ) ;
#4298 = EDGE_CURVE ( 'NONE', #4296, #4299, #8176, .T. ) ;
#4299 = VERTEX_POINT ( 'NONE', #8211 ) ;
#4300 = VERTEX_POINT ( 'NONE', #8181 ) ;
#4301 = VERTEX_POINT ( 'NONE', #8180 ) ;
#4302 = VERTEX_POINT ( 'NONE', #8179 ) ;
#4303 = ORIENTED_EDGE ( 'NONE', *, *, #4438, .F. ) ;
#4304 = ORIENTED_EDGE ( 'NONE', *, *, #4095, .T. ) ;
#4305 = EDGE_CURVE ( 'NONE', #4230, #4309, #8177, .T. ) ;
#4306 = ADVANCED_FACE ( 'NONE', ( #8203 ), #8330, .T. ) ;
#4307 = EDGE_LOOP ( 'NONE', ( #4308, #4346, #4321, #4376 ) ) ;
#4308 = ORIENTED_EDGE ( 'NONE', *, *, #4392, .T. ) ;
#4309 = VERTEX_POINT ( 'NONE', #8329 ) ;
#4310 = EDGE_CURVE ( 'NONE', #4318, #4269, #8321, .T. ) ;
#4311 = VERTEX_POINT ( 'NONE', #8317 ) ;
#4312 = VERTEX_POINT ( 'NONE', #8316 ) ;
#4313 = VERTEX_POINT ( 'NONE', #8315 ) ;
#4314 = EDGE_CURVE ( 'NONE', #4313, #4269, #8314, .T. ) ;
#4315 = ORIENTED_EDGE ( 'NONE', *, *, #4253, .F. ) ;
#4316 = ORIENTED_EDGE ( 'NONE', *, *, #4317, .F. ) ;
#4317 = EDGE_CURVE ( 'NONE', #4302, #4319, #8310, .T. ) ;
#4318 = VERTEX_POINT ( 'NONE', #8306 ) ;
#4319 = VERTEX_POINT ( 'NONE', #8305 ) ;
#4320 = ORIENTED_EDGE ( 'NONE', *, *, #4305, .T. ) ;
#4321 = ORIENTED_EDGE ( 'NONE', *, *, #4322, .F. ) ;
#4322 = EDGE_CURVE ( 'NONE', #4108, #4348, #8304, .T. ) ;
#4323 = ORIENTED_EDGE ( 'NONE', *, *, #4098, .T. ) ;
#4324 = VERTEX_POINT ( 'NONE', #8300 ) ;
#4325 = ORIENTED_EDGE ( 'NONE', *, *, #4326, .F. ) ;
#4326 = EDGE_CURVE ( 'NONE', #4301, #4312, #8299, .T. ) ;
#4327 = ORIENTED_EDGE ( 'NONE', *, *, #4310, .T. ) ;
#4328 = ORIENTED_EDGE ( 'NONE', *, *, #4165, .T. ) ;
#4329 = EDGE_CURVE ( 'NONE', #4380, #4272, #8253, .T. ) ;
#4330 = ORIENTED_EDGE ( 'NONE', *, *, #4331, .T. ) ;
#4331 = EDGE_CURVE ( 'NONE', #4299, #4300, #8249, .T. ) ;
#4332 = ORIENTED_EDGE ( 'NONE', *, *, #4333, .T. ) ;
#4333 = EDGE_CURVE ( 'NONE', #4300, #4334, #8244, .T. ) ;
#4334 = VERTEX_POINT ( 'NONE', #8240 ) ;
#4335 = ORIENTED_EDGE ( 'NONE', *, *, #4336, .T. ) ;
#4336 = EDGE_CURVE ( 'NONE', #4334, #4337, #8239, .T. ) ;
#4337 = VERTEX_POINT ( 'NONE', #8234 ) ;
#4338 = ORIENTED_EDGE ( 'NONE', *, *, #4339, .T. ) ;
#4339 = EDGE_CURVE ( 'NONE', #4340, #4341, #8233, .T. ) ;
#4340 = VERTEX_POINT ( 'NONE', #8229 ) ;
#4341 = VERTEX_POINT ( 'NONE', #8228 ) ;
#4342 = ORIENTED_EDGE ( 'NONE', *, *, #4270, .T. ) ;
#4343 = ORIENTED_EDGE ( 'NONE', *, *, #4161, .T. ) ;
#4344 = EDGE_LOOP ( 'NONE', ( #4274, #4381, #4383, #4241 ) ) ;
#4345 = EDGE_CURVE ( 'NONE', #4078, #4324, #8227, .T. ) ;
#4346 = ORIENTED_EDGE ( 'NONE', *, *, #4347, .T. ) ;
#4347 = EDGE_CURVE ( 'NONE', #4350, #4348, #8223, .T. ) ;
#4348 = VERTEX_POINT ( 'NONE', #8219 ) ;
#4349 = ORIENTED_EDGE ( 'NONE', *, *, #4345, .F. ) ;
#4350 = VERTEX_POINT ( 'NONE', #8218 ) ;
#4351 = ORIENTED_EDGE ( 'NONE', *, *, #4392, .F. ) ;
#4352 = EDGE_CURVE ( 'NONE', #4319, #4083, #8191, .T. ) ;
#4353 = ORIENTED_EDGE ( 'NONE', *, *, #4354, .T. ) ;
#4354 = EDGE_CURVE ( 'NONE', #4425, #4247, #8187, .T. ) ;
#4355 = VERTEX_POINT ( 'NONE', #8183 ) ;
#4356 = ORIENTED_EDGE ( 'NONE', *, *, #4357, .T. ) ;
#4357 = EDGE_CURVE ( 'NONE', #4355, #4358, #8295, .T. ) ;
#4358 = VERTEX_POINT ( 'NONE', #8291 ) ;
#4359 = ORIENTED_EDGE ( 'NONE', *, *, #4250, .T. ) ;
#4360 = VERTEX_POINT ( 'NONE', #8290 ) ;
#4361 = ORIENTED_EDGE ( 'NONE', *, *, #4289, .T. ) ;
#4362 = EDGE_CURVE ( 'NONE', #4247, #4249, #8289, .T. ) ;
#4363 = ORIENTED_EDGE ( 'NONE', *, *, #4372, .T. ) ;
#4364 = EDGE_CURVE ( 'NONE', #4365, #4366, #8284, .T. ) ;
#4365 = VERTEX_POINT ( 'NONE', #8280 ) ;
#4366 = VERTEX_POINT ( 'NONE', #8279 ) ;
#4367 = ORIENTED_EDGE ( 'NONE', *, *, #4429, .T. ) ;
#4368 = VERTEX_POINT ( 'NONE', #8278 ) ;
#4369 = VERTEX_POINT ( 'NONE', #8277 ) ;
#4370 = ORIENTED_EDGE ( 'NONE', *, *, #4424, .T. ) ;
#4371 = EDGE_LOOP ( 'NONE', ( #4361, #4292, #4435, #4426, #4433, #4370, #4353, #4248, #4363, #4422, #4356, #4359 ) ) ;
#4372 = EDGE_CURVE ( 'NONE', #4249, #4421, #8275, .T. ) ;
#4373 = ADVANCED_FACE ( 'NONE', ( #8271 ), #8213, .T. ) ;
#4374 = EDGE_LOOP ( 'NONE', ( #4320, #4412, #4349, #4415 ) ) ;
#4375 = ORIENTED_EDGE ( 'NONE', *, *, #4413, .T. ) ;
#4376 = ORIENTED_EDGE ( 'NONE', *, *, #4222, .T. ) ;
#4377 = ADVANCED_FACE ( 'NONE', ( #8371 ), #8393, .T. ) ;
#4378 = ADVANCED_FACE ( 'NONE', ( #8395 ), #8384, .T. ) ;
#4379 = ORIENTED_EDGE ( 'NONE', *, *, #4270, .F. ) ;
#4380 = VERTEX_POINT ( 'NONE', #8391 ) ;
#4381 = ORIENTED_EDGE ( 'NONE', *, *, #4382, .T. ) ;
#4382 = EDGE_CURVE ( 'NONE', #4385, #4280, #8344, .T. ) ;
#4383 = ORIENTED_EDGE ( 'NONE', *, *, #4268, .F. ) ;
#4384 = ORIENTED_EDGE ( 'NONE', *, *, #4329, .T. ) ;
#4385 = VERTEX_POINT ( 'NONE', #8340 ) ;
#4386 = EDGE_CURVE ( 'NONE', #4309, #4324, #8382, .T. ) ;
#4387 = ORIENTED_EDGE ( 'NONE', *, *, #4388, .T. ) ;
#4388 = EDGE_CURVE ( 'NONE', #4324, #4350, #8377, .T. ) ;
#4389 = ADVANCED_FACE ( 'NONE', ( #8355 ), #8414, .T. ) ;
#4390 = EDGE_LOOP ( 'NONE', ( #4391, #4387, #4351, #4304 ) ) ;
#4391 = ORIENTED_EDGE ( 'NONE', *, *, #4345, .T. ) ;
#4392 = EDGE_CURVE ( 'NONE', #4197, #4350, #8494, .T. ) ;
#4393 = EDGE_CURVE ( 'NONE', #4394, #4519, #8417, .T. ) ;
#4394 = VERTEX_POINT ( 'NONE', #8473 ) ;
#4395 = ORIENTED_EDGE ( 'NONE', *, *, #4396, .T. ) ;
#4396 = EDGE_CURVE ( 'NONE', #4487, #4570, #8491, .T. ) ;
#4397 = ORIENTED_EDGE ( 'NONE', *, *, #4571, .T. ) ;
#4398 = ORIENTED_EDGE ( 'NONE', *, *, #4483, .F. ) ;
#4399 = ORIENTED_EDGE ( 'NONE', *, *, #4541, .T. ) ;
#4400 = EDGE_CURVE ( 'NONE', #3783, #4365, #8418, .T. ) ;
#4401 = EDGE_CURVE ( 'NONE', #4402, #4244, #8427, .T. ) ;
#4402 = VERTEX_POINT ( 'NONE', #8448 ) ;
#4403 = ORIENTED_EDGE ( 'NONE', *, *, #4401, .T. ) ;
#4404 = ORIENTED_EDGE ( 'NONE', *, *, #4400, .T. ) ;
#4405 = ORIENTED_EDGE ( 'NONE', *, *, #4532, .T. ) ;
#4406 = ORIENTED_EDGE ( 'NONE', *, *, #3994, .F. ) ;
#4407 = ORIENTED_EDGE ( 'NONE', *, *, #4352, .F. ) ;
#4408 = ORIENTED_EDGE ( 'NONE', *, *, #4257, .T. ) ;
#4409 = EDGE_LOOP ( 'NONE', ( #4410, #4260, #4379, #4328 ) ) ;
#4410 = ORIENTED_EDGE ( 'NONE', *, *, #4322, .T. ) ;
#4411 = ORIENTED_EDGE ( 'NONE', *, *, #4680, .F. ) ;
#4412 = ORIENTED_EDGE ( 'NONE', *, *, #4386, .T. ) ;
#4413 = EDGE_CURVE ( 'NONE', #4280, #4309, #8447, .T. ) ;
#4414 = ORIENTED_EDGE ( 'NONE', *, *, #4305, .F. ) ;
#4415 = ORIENTED_EDGE ( 'NONE', *, *, #4101, .T. ) ;
#4416 = ORIENTED_EDGE ( 'NONE', *, *, #3893, .F. ) ;
#4417 = EDGE_CURVE ( 'NONE', #4183, #4186, #8464, .T. ) ;
#4418 = EDGE_CURVE ( 'NONE', #4283, #4281, #8460, .T. ) ;
#4419 = EDGE_LOOP ( 'NONE', ( #4420, #4367, #4430, #4404 ) ) ;
#4420 = ORIENTED_EDGE ( 'NONE', *, *, #4364, .T. ) ;
#4421 = VERTEX_POINT ( 'NONE', #8455 ) ;
#4422 = ORIENTED_EDGE ( 'NONE', *, *, #4423, .T. ) ;
#4423 = EDGE_CURVE ( 'NONE', #4421, #4355, #8456, .T. ) ;
#4424 = EDGE_CURVE ( 'NONE', #4369, #4425, #8446, .T. ) ;
#4425 = VERTEX_POINT ( 'NONE', #8441 ) ;
#4426 = ORIENTED_EDGE ( 'NONE', *, *, #4437, .T. ) ;
#4427 = VERTEX_POINT ( 'NONE', #8440 ) ;
#4428 = ORIENTED_EDGE ( 'NONE', *, *, #4293, .T. ) ;
#4429 = EDGE_CURVE ( 'NONE', #4366, #4368, #8439, .T. ) ;
#4430 = ORIENTED_EDGE ( 'NONE', *, *, #4431, .F. ) ;
#4431 = EDGE_CURVE ( 'NONE', #3783, #4368, #8454, .T. ) ;
#4432 = VERTEX_POINT ( 'NONE', #8450 ) ;
#4433 = ORIENTED_EDGE ( 'NONE', *, *, #4434, .T. ) ;
#4434 = EDGE_CURVE ( 'NONE', #4432, #4369, #8479, .T. ) ;
#4435 = ORIENTED_EDGE ( 'NONE', *, *, #4436, .T. ) ;
#4436 = EDGE_CURVE ( 'NONE', #4291, #4427, #8475, .T. ) ;
#4437 = EDGE_CURVE ( 'NONE', #4427, #4432, #8422, .T. ) ;
#4438 = EDGE_CURVE ( 'NONE', #4265, #4301, #8469, .T. ) ;
#4439 = EDGE_CURVE ( 'NONE', #4128, #4265, #8535, .T. ) ;
#4440 = ADVANCED_FACE ( 'NONE', ( #8516 ), #8544, .T. ) ;
#4441 = ORIENTED_EDGE ( 'NONE', *, *, #4393, .T. ) ;
#4442 = EDGE_CURVE ( 'NONE', #4394, #4562, #8545, .T. ) ;
#4443 = EDGE_CURVE ( 'NONE', #4490, #4488, #8509, .T. ) ;
#4444 = EDGE_CURVE ( 'NONE', #4570, #4488, #8501, .T. ) ;
#4445 = ORIENTED_EDGE ( 'NONE', *, *, #4393, .F. ) ;
#4446 = ADVANCED_FACE ( 'NONE', ( #8497 ), #8558, .F. ) ;
#4447 = ORIENTED_EDGE ( 'NONE', *, *, #4448, .T. ) ;
#4448 = EDGE_CURVE ( 'NONE', #4449, #4450, #8563, .T. ) ;
#4449 = VERTEX_POINT ( 'NONE', #8559 ) ;
#4450 = VERTEX_POINT ( 'NONE', #8557 ) ;
#4451 = ORIENTED_EDGE ( 'NONE', *, *, #4485, .T. ) ;
#4452 = ORIENTED_EDGE ( 'NONE', *, *, #4401, .F. ) ;
#4453 = EDGE_LOOP ( 'NONE', ( #4454, #4455, #4737, #4738 ) ) ;
#4454 = ORIENTED_EDGE ( 'NONE', *, *, #4125, .T. ) ;
#4455 = ORIENTED_EDGE ( 'NONE', *, *, #4699, .F. ) ;
#4456 = ADVANCED_FACE ( 'NONE', ( #8556 ), #8604, .F. ) ;
#4457 = ORIENTED_EDGE ( 'NONE', *, *, #4087, .T. ) ;
#4458 = VERTEX_POINT ( 'NONE', #8594 ) ;
#4459 = ORIENTED_EDGE ( 'NONE', *, *, #4460, .F. ) ;
#4460 = EDGE_CURVE ( 'NONE', #4790, #4458, #8609, .T. ) ;
#4461 = VERTEX_POINT ( 'NONE', #8582 ) ;
#4462 = EDGE_CURVE ( 'NONE', #4319, #4463, #8605, .T. ) ;
#4463 = VERTEX_POINT ( 'NONE', #8599 ) ;
#4464 = ORIENTED_EDGE ( 'NONE', *, *, #4043, .F. ) ;
#4465 = ORIENTED_EDGE ( 'NONE', *, *, #4466, .T. ) ;
#4466 = EDGE_CURVE ( 'NONE', #4543, #4523, #8597, .T. ) ;
#4467 = EDGE_LOOP ( 'NONE', ( #4441, #4520, #4522, #4600 ) ) ;
#4468 = ORIENTED_EDGE ( 'NONE', *, *, #4443, .F. ) ;
#4469 = ORIENTED_EDGE ( 'NONE', *, *, #4484, .T. ) ;
#4470 = ORIENTED_EDGE ( 'NONE', *, *, #4040, .F. ) ;
#4471 = ADVANCED_FACE ( 'NONE', ( #8591 ), #8625, .F. ) ;
#4472 = EDGE_LOOP ( 'NONE', ( #4473, #4474, #4585, #4495 ) ) ;
#4473 = ORIENTED_EDGE ( 'NONE', *, *, #4253, .T. ) ;
#4474 = ORIENTED_EDGE ( 'NONE', *, *, #4584, .F. ) ;
#4475 = ORIENTED_EDGE ( 'NONE', *, *, #4476, .T. ) ;
#4476 = EDGE_CURVE ( 'NONE', #4609, #4528, #8632, .T. ) ;
#4477 = ORIENTED_EDGE ( 'NONE', *, *, #4364, .F. ) ;
#4478 = EDGE_LOOP ( 'NONE', ( #4447, #4539, #4531, #4516 ) ) ;
#4479 = ADVANCED_FACE ( 'NONE', ( #8623 ), #8615, .F. ) ;
#4480 = EDGE_LOOP ( 'NONE', ( #4482, #4534, #4468, #4469 ) ) ;
#4481 = ORIENTED_EDGE ( 'NONE', *, *, #4518, .T. ) ;
#4482 = ORIENTED_EDGE ( 'NONE', *, *, #4483, .T. ) ;
#4483 = EDGE_CURVE ( 'NONE', #4569, #4570, #8635, .T. ) ;
#4484 = EDGE_CURVE ( 'NONE', #4490, #4569, #8655, .T. ) ;
#4485 = EDGE_CURVE ( 'NONE', #4486, #4487, #8678, .T. ) ;
#4486 = VERTEX_POINT ( 'NONE', #8658 ) ;
#4487 = VERTEX_POINT ( 'NONE', #8649 ) ;
#4488 = VERTEX_POINT ( 'NONE', #8654 ) ;
#4489 = EDGE_LOOP ( 'NONE', ( #4546, #4397, #4452, #4501 ) ) ;
#4490 = VERTEX_POINT ( 'NONE', #8648 ) ;
#4491 = ORIENTED_EDGE ( 'NONE', *, *, #4552, .T. ) ;
#4492 = ADVANCED_FACE ( 'NONE', ( #8671 ), #8650, .F. ) ;
#4493 = EDGE_LOOP ( 'NONE', ( #4503, #4504, #4506, #4507, #4509, #4803 ) ) ;
#4494 = EDGE_CURVE ( 'NONE', #4463, #4461, #8685, .T. ) ;
#4495 = ORIENTED_EDGE ( 'NONE', *, *, #4632, .T. ) ;
#4496 = ORIENTED_EDGE ( 'NONE', *, *, #4314, .T. ) ;
#4497 = EDGE_LOOP ( 'NONE', ( #4581, #4559, #4551, #4550, #4556, #4549, #4496, #4553, #4502, #4548, #4580, #4498 ) ) ;
#4498 = ORIENTED_EDGE ( 'NONE', *, *, #4557, .T. ) ;
#4499 = EDGE_LOOP ( 'NONE', ( #4513, #4514, #4464, #4491 ) ) ;
#4500 = ORIENTED_EDGE ( 'NONE', *, *, #4442, .T. ) ;
#4501 = ORIENTED_EDGE ( 'NONE', *, *, #4535, .T. ) ;
#4502 = ORIENTED_EDGE ( 'NONE', *, *, #4515, .T. ) ;
#4503 = ORIENTED_EDGE ( 'NONE', *, *, #4198, .T. ) ;
#4504 = ORIENTED_EDGE ( 'NONE', *, *, #4505, .F. ) ;
#4505 = EDGE_CURVE ( 'NONE', #3926, #4142, #8673, .T. ) ;
#4506 = ORIENTED_EDGE ( 'NONE', *, *, #3925, .F. ) ;
#4507 = ORIENTED_EDGE ( 'NONE', *, *, #4508, .F. ) ;
#4508 = EDGE_CURVE ( 'NONE', #3911, #4015, #8697, .T. ) ;
#4509 = ORIENTED_EDGE ( 'NONE', *, *, #4025, .T. ) ;
#4510 = ORIENTED_EDGE ( 'NONE', *, *, #4904, .F. ) ;
#4511 = EDGE_CURVE ( 'NONE', #4269, #4512, #8708, .T. ) ;
#4512 = VERTEX_POINT ( 'NONE', #8699 ) ;
#4513 = ORIENTED_EDGE ( 'NONE', *, *, #4082, .T. ) ;
#4514 = ORIENTED_EDGE ( 'NONE', *, *, #3971, .F. ) ;
#4515 = EDGE_CURVE ( 'NONE', #4512, #4554, #8689, .T. ) ;
#4516 = ORIENTED_EDGE ( 'NONE', *, *, #4538, .T. ) ;
#4517 = VERTEX_POINT ( 'NONE', #8702 ) ;
#4518 = EDGE_CURVE ( 'NONE', #4365, #4402, #8729, .T. ) ;
#4519 = VERTEX_POINT ( 'NONE', #8725 ) ;
#4520 = ORIENTED_EDGE ( 'NONE', *, *, #4521, .T. ) ;
#4521 = EDGE_CURVE ( 'NONE', #4519, #4487, #8724, .T. ) ;
#4522 = ORIENTED_EDGE ( 'NONE', *, *, #4485, .F. ) ;
#4523 = VERTEX_POINT ( 'NONE', #8720 ) ;
#4524 = EDGE_CURVE ( 'NONE', #4523, #4563, #8694, .T. ) ;
#4525 = EDGE_CURVE ( 'NONE', #4450, #4523, #8690, .T. ) ;
#4526 = EDGE_CURVE ( 'NONE', #4517, #4528, #8707, .T. ) ;
#4527 = ORIENTED_EDGE ( 'NONE', *, *, #4529, .T. ) ;
#4528 = VERTEX_POINT ( 'NONE', #8719 ) ;
#4529 = EDGE_CURVE ( 'NONE', #4528, #4450, #8718, .T. ) ;
#4530 = ORIENTED_EDGE ( 'NONE', *, *, #4448, .F. ) ;
#4531 = ORIENTED_EDGE ( 'NONE', *, *, #4466, .F. ) ;
#4532 = EDGE_CURVE ( 'NONE', #4244, #4366, #8731, .T. ) ;
#4533 = ADVANCED_FACE ( 'NONE', ( #8870 ), #8865, .F. ) ;
#4534 = ORIENTED_EDGE ( 'NONE', *, *, #4444, .T. ) ;
#4535 = EDGE_CURVE ( 'NONE', #4402, #4490, #8751, .T. ) ;
#4536 = ADVANCED_FACE ( 'NONE', ( #8878 ), #8858, .F. ) ;
#4537 = ORIENTED_EDGE ( 'NONE', *, *, #4526, .T. ) ;
#4538 = EDGE_CURVE ( 'NONE', #4543, #4449, #8762, .T. ) ;
#4539 = ORIENTED_EDGE ( 'NONE', *, *, #4525, .T. ) ;
#4540 = EDGE_LOOP ( 'NONE', ( #4537, #4527, #4530, #4635 ) ) ;
#4541 = EDGE_CURVE ( 'NONE', #4569, #4486, #8800, .T. ) ;
#4542 = ADVANCED_FACE ( 'NONE', ( #8791 ), #8826, .F. ) ;
#4543 = VERTEX_POINT ( 'NONE', #8821 ) ;
#4544 = ADVANCED_FACE ( 'NONE', ( #8820 ), #8745, .F. ) ;
#4545 = EDGE_LOOP ( 'NONE', ( #4465, #4547, #4566, #4567 ) ) ;
#4546 = ORIENTED_EDGE ( 'NONE', *, *, #4443, .T. ) ;
#4547 = ORIENTED_EDGE ( 'NONE', *, *, #4524, .T. ) ;
#4548 = ORIENTED_EDGE ( 'NONE', *, *, #4560, .F. ) ;
#4549 = ORIENTED_EDGE ( 'NONE', *, *, #4584, .T. ) ;
#4550 = ORIENTED_EDGE ( 'NONE', *, *, #4552, .F. ) ;
#4551 = ORIENTED_EDGE ( 'NONE', *, *, #4352, .T. ) ;
#4552 = EDGE_CURVE ( 'NONE', #4052, #4083, #8744, .T. ) ;
#4553 = ORIENTED_EDGE ( 'NONE', *, *, #4511, .T. ) ;
#4554 = VERTEX_POINT ( 'NONE', #8780 ) ;
#4555 = ADVANCED_FACE ( 'NONE', ( #8779 ), #8856, .F. ) ;
#4556 = ORIENTED_EDGE ( 'NONE', *, *, #4051, .F. ) ;
#4557 = EDGE_CURVE ( 'NONE', #4281, #4461, #8850, .T. ) ;
#4558 = ADVANCED_FACE ( 'NONE', ( #8846 ), #8890, .F. ) ;
#4559 = ORIENTED_EDGE ( 'NONE', *, *, #4462, .F. ) ;
#4560 = EDGE_CURVE ( 'NONE', #4283, #4554, #8892, .T. ) ;
#4561 = ADVANCED_FACE ( 'NONE', ( #8902 ), #8910, .F. ) ;
#4562 = VERTEX_POINT ( 'NONE', #12204 ) ;
#4563 = VERTEX_POINT ( 'NONE', #12203 ) ;
#4564 = ORIENTED_EDGE ( 'NONE', *, *, #4565, .T. ) ;
#4565 = EDGE_CURVE ( 'NONE', #4563, #4519, #12206, .T. ) ;
#4566 = ORIENTED_EDGE ( 'NONE', *, *, #4605, .F. ) ;
#4567 = ORIENTED_EDGE ( 'NONE', *, *, #4568, .T. ) ;
#4568 = EDGE_CURVE ( 'NONE', #4562, #4543, #12208, .T. ) ;
#4569 = VERTEX_POINT ( 'NONE', #12211 ) ;
#4570 = VERTEX_POINT ( 'NONE', #12210 ) ;
#4571 = EDGE_CURVE ( 'NONE', #4488, #4244, #12223, .T. ) ;
#4572 = ADVANCED_FACE ( 'NONE', ( #12218 ), #12240, .F. ) ;
#4573 = EDGE_LOOP ( 'NONE', ( #4574, #4577, #4629, #4630, #4631, #4470 ) ) ;
#4574 = ORIENTED_EDGE ( 'NONE', *, *, #4575, .F. ) ;
#4575 = EDGE_CURVE ( 'NONE', #4576, #4046, #12246, .T. ) ;
#4576 = VERTEX_POINT ( 'NONE', #12261 ) ;
#4577 = ORIENTED_EDGE ( 'NONE', *, *, #4578, .T. ) ;
#4578 = EDGE_CURVE ( 'NONE', #4576, #4624, #12259, .T. ) ;
#4579 = EDGE_LOOP ( 'NONE', ( #4451, #4395, #4398, #4399 ) ) ;
#4580 = ORIENTED_EDGE ( 'NONE', *, *, #4418, .T. ) ;
#4581 = ORIENTED_EDGE ( 'NONE', *, *, #4494, .F. ) ;
#4582 = ADVANCED_FACE ( 'NONE', ( #12262 ), #12278, .F. ) ;
#4583 = ORIENTED_EDGE ( 'NONE', *, *, #4634, .F. ) ;
#4584 = EDGE_CURVE ( 'NONE', #3947, #4313, #12274, .T. ) ;
#4585 = ORIENTED_EDGE ( 'NONE', *, *, #3937, .F. ) ;
#4586 = EDGE_CURVE ( 'NONE', #4517, #4612, #12279, .T. ) ;
#4587 = ADVANCED_FACE ( 'NONE', ( #5887 ), #5960, .F. ) ;
#4588 = EDGE_LOOP ( 'NONE', ( #4636, #4606, #4583, #4642 ) ) ;
#4589 = ORIENTED_EDGE ( 'NONE', *, *, #4590, .T. ) ;
#4590 = EDGE_CURVE ( 'NONE', #4624, #4641, #5959, .T. ) ;
#4591 = ORIENTED_EDGE ( 'NONE', *, *, #4625, .T. ) ;
#4592 = ORIENTED_EDGE ( 'NONE', *, *, #4326, .T. ) ;
#4593 = EDGE_CURVE ( 'NONE', #4614, #3948, #5951, .T. ) ;
#4594 = ORIENTED_EDGE ( 'NONE', *, *, #4157, .F. ) ;
#4595 = ORIENTED_EDGE ( 'NONE', *, *, #4526, .F. ) ;
#4596 = VERTEX_POINT ( 'NONE', #5947 ) ;
#4597 = ORIENTED_EDGE ( 'NONE', *, *, #4613, .T. ) ;
#4598 = ORIENTED_EDGE ( 'NONE', *, *, #4599, .F. ) ;
#4599 = EDGE_CURVE ( 'NONE', #4596, #4265, #5946, .T. ) ;
#4600 = ORIENTED_EDGE ( 'NONE', *, *, #4601, .T. ) ;
#4601 = EDGE_CURVE ( 'NONE', #4486, #4394, #5941, .T. ) ;
#4602 = EDGE_LOOP ( 'NONE', ( #4604, #4564, #4445, #4500 ) ) ;
#4603 = ADVANCED_FACE ( 'NONE', ( #5937 ), #5921, .F. ) ;
#4604 = ORIENTED_EDGE ( 'NONE', *, *, #4605, .T. ) ;
#4605 = EDGE_CURVE ( 'NONE', #4562, #4563, #5917, .T. ) ;
#4606 = ORIENTED_EDGE ( 'NONE', *, *, #4607, .T. ) ;
#4607 = EDGE_CURVE ( 'NONE', #4368, #4609, #5913, .T. ) ;
#4608 = ORIENTED_EDGE ( 'NONE', *, *, #4586, .T. ) ;
#4609 = VERTEX_POINT ( 'NONE', #5909 ) ;
#4610 = EDGE_CURVE ( 'NONE', #4612, #3783, #5907, .T. ) ;
#4611 = ADVANCED_FACE ( 'NONE', ( #5903 ), #6106, .T. ) ;
#4612 = VERTEX_POINT ( 'NONE', #5996 ) ;
#4613 = EDGE_CURVE ( 'NONE', #4596, #4614, #6160, .T. ) ;
#4614 = VERTEX_POINT ( 'NONE', #6162 ) ;
#4615 = ORIENTED_EDGE ( 'NONE', *, *, #4593, .T. ) ;
#4616 = EDGE_LOOP ( 'NONE', ( #4633, #4475, #4595, #4608 ) ) ;
#4617 = ORIENTED_EDGE ( 'NONE', *, *, #4618, .T. ) ;
#4618 = EDGE_CURVE ( 'NONE', #3954, #4128, #6161, .T. ) ;
#4619 = ORIENTED_EDGE ( 'NONE', *, *, #4438, .T. ) ;
#4620 = ADVANCED_FACE ( 'NONE', ( #6151 ), #6187, .F. ) ;
#4621 = EDGE_LOOP ( 'NONE', ( #4622, #4589, #4591, #4592 ) ) ;
#4622 = ORIENTED_EDGE ( 'NONE', *, *, #4623, .F. ) ;
#4623 = EDGE_CURVE ( 'NONE', #4624, #4312, #6186, .T. ) ;
#4624 = VERTEX_POINT ( 'NONE', #6178 ) ;
#4625 = EDGE_CURVE ( 'NONE', #4641, #4301, #6177, .T. ) ;
#4626 = ORIENTED_EDGE ( 'NONE', *, *, #4627, .T. ) ;
#4627 = EDGE_CURVE ( 'NONE', #4641, #4596, #6173, .T. ) ;
#4628 = ORIENTED_EDGE ( 'NONE', *, *, #4599, .T. ) ;
#4629 = ORIENTED_EDGE ( 'NONE', *, *, #4623, .T. ) ;
#4630 = ORIENTED_EDGE ( 'NONE', *, *, #4287, .T. ) ;
#4631 = ORIENTED_EDGE ( 'NONE', *, *, #4632, .F. ) ;
#4632 = EDGE_CURVE ( 'NONE', #4047, #4256, #6169, .T. ) ;
#4633 = ORIENTED_EDGE ( 'NONE', *, *, #4634, .T. ) ;
#4634 = EDGE_CURVE ( 'NONE', #4612, #4609, #6165, .T. ) ;
#4635 = ORIENTED_EDGE ( 'NONE', *, *, #4644, .T. ) ;
#4636 = ORIENTED_EDGE ( 'NONE', *, *, #4431, .T. ) ;
#4637 = ORIENTED_EDGE ( 'NONE', *, *, #4439, .T. ) ;
#4638 = ADVANCED_FACE ( 'NONE', ( #6103 ), #6088, .F. ) ;
#4639 = EDGE_LOOP ( 'NONE', ( #4640, #4626, #4628, #4619 ) ) ;
#4640 = ORIENTED_EDGE ( 'NONE', *, *, #4625, .F. ) ;
#4641 = VERTEX_POINT ( 'NONE', #6083 ) ;
#4642 = ORIENTED_EDGE ( 'NONE', *, *, #4610, .T. ) ;
#4643 = EDGE_LOOP ( 'NONE', ( #4598, #4597, #4615, #4594, #4617, #4637 ) ) ;
#4644 = EDGE_CURVE ( 'NONE', #4449, #4517, #6082, .T. ) ;
#4645 = ORIENTED_EDGE ( 'NONE', *, *, #4646, .F. ) ;
#4646 = EDGE_CURVE ( 'NONE', #4185, #4806, #6078, .T. ) ;
#4647 = ORIENTED_EDGE ( 'NONE', *, *, #4122, .T. ) ;
#4648 = ORIENTED_EDGE ( 'NONE', *, *, #4013, .F. ) ;
#4649 = ORIENTED_EDGE ( 'NONE', *, *, #4650, .T. ) ;
#4650 = EDGE_CURVE ( 'NONE', #4651, #4652, #6074, .T. ) ;
#4651 = VERTEX_POINT ( 'NONE', #6070 ) ;
#4652 = VERTEX_POINT ( 'NONE', #6069 ) ;
#4653 = EDGE_CURVE ( 'NONE', #4675, #4667, #6068, .T. ) ;
#4654 = EDGE_LOOP ( 'NONE', ( #4649, #4662, #4721, #4724 ) ) ;
#4655 = ORIENTED_EDGE ( 'NONE', *, *, #4656, .T. ) ;
#4656 = EDGE_CURVE ( 'NONE', #4657, #4658, #6064, .T. ) ;
#4657 = VERTEX_POINT ( 'NONE', #6060 ) ;
#4658 = VERTEX_POINT ( 'NONE', #6059 ) ;
#4659 = ORIENTED_EDGE ( 'NONE', *, *, #4660, .T. ) ;
#4660 = EDGE_CURVE ( 'NONE', #4658, #4661, #6058, .T. ) ;
#4661 = VERTEX_POINT ( 'NONE', #6005 ) ;
#4662 = ORIENTED_EDGE ( 'NONE', *, *, #4663, .T. ) ;
#4663 = EDGE_CURVE ( 'NONE', #4652, #4664, #6004, .T. ) ;
#4664 = VERTEX_POINT ( 'NONE', #6000 ) ;
#4665 = ADVANCED_FACE ( 'NONE', ( #5999, #5998, #5997, #5991 ), #5975, .F. ) ;
#4666 = EDGE_CURVE ( 'NONE', #4667, #4673, #5974, .T. ) ;
#4667 = VERTEX_POINT ( 'NONE', #5966 ) ;
#4668 = ORIENTED_EDGE ( 'NONE', *, *, #4653, .F. ) ;
#4669 = ORIENTED_EDGE ( 'NONE', *, *, #4666, .F. ) ;
#4670 = EDGE_CURVE ( 'NONE', #4674, #4673, #5965, .T. ) ;
#4671 = ORIENTED_EDGE ( 'NONE', *, *, #4676, .T. ) ;
#4672 = EDGE_LOOP ( 'NONE', ( #4671, #4748, #4669, #4668 ) ) ;
#4673 = VERTEX_POINT ( 'NONE', #6134 ) ;
#4674 = VERTEX_POINT ( 'NONE', #6133 ) ;
#4675 = VERTEX_POINT ( 'NONE', #6132 ) ;
#4676 = EDGE_CURVE ( 'NONE', #4675, #4674, #6131, .T. ) ;
#4677 = EDGE_CURVE ( 'NONE', #4215, #4790, #6126, .T. ) ;
#4678 = ADVANCED_FACE ( 'NONE', ( #6122 ), #6055, .F. ) ;
#4679 = ORIENTED_EDGE ( 'NONE', *, *, #4813, .F. ) ;
#4680 = EDGE_CURVE ( 'NONE', #4681, #4232, #6050, .T. ) ;
#4681 = VERTEX_POINT ( 'NONE', #6046 ) ;
#4682 = ORIENTED_EDGE ( 'NONE', *, *, #4683, .F. ) ;
#4683 = EDGE_CURVE ( 'NONE', #4686, #4096, #6045, .T. ) ;
#4684 = VERTEX_POINT ( 'NONE', #6041 ) ;
#4685 = EDGE_CURVE ( 'NONE', #4684, #4823, #6040, .T. ) ;
#4686 = VERTEX_POINT ( 'NONE', #6036 ) ;
#4687 = ORIENTED_EDGE ( 'NONE', *, *, #4692, .F. ) ;
#4688 = ADVANCED_FACE ( 'NONE', ( #6035 ), #6019, .F. ) ;
#4689 = EDGE_LOOP ( 'NONE', ( #4694, #4411, #4510, #4879 ) ) ;
#4690 = ADVANCED_FACE ( 'NONE', ( #6012 ), #6256, .F. ) ;
#4691 = ORIENTED_EDGE ( 'NONE', *, *, #4816, .T. ) ;
#4692 = EDGE_CURVE ( 'NONE', #4823, #4686, #6255, .T. ) ;
#4693 = ORIENTED_EDGE ( 'NONE', *, *, #4822, .T. ) ;
#4694 = ORIENTED_EDGE ( 'NONE', *, *, #4110, .T. ) ;
#4695 = ORIENTED_EDGE ( 'NONE', *, *, #4097, .T. ) ;
#4696 = EDGE_LOOP ( 'NONE', ( #4695, #4682, #4687, #4693 ) ) ;
#4697 = ORIENTED_EDGE ( 'NONE', *, *, #4141, .T. ) ;
#4698 = ORIENTED_EDGE ( 'NONE', *, *, #4010, .F. ) ;
#4699 = EDGE_CURVE ( 'NONE', #3915, #4123, #6247, .T. ) ;
#4700 = EDGE_CURVE ( 'NONE', #4812, #4701, #6385, .T. ) ;
#4701 = VERTEX_POINT ( 'NONE', #6381 ) ;
#4702 = ORIENTED_EDGE ( 'NONE', *, *, #4703, .F. ) ;
#4703 = EDGE_CURVE ( 'NONE', #4173, #4701, #6380, .T. ) ;
#4704 = ORIENTED_EDGE ( 'NONE', *, *, #4785, .T. ) ;
#4705 = VERTEX_POINT ( 'NONE', #6376 ) ;
#4706 = ORIENTED_EDGE ( 'NONE', *, *, #4796, .T. ) ;
#4707 = EDGE_CURVE ( 'NONE', #3941, #4115, #6374, .T. ) ;
#4708 = ORIENTED_EDGE ( 'NONE', *, *, #4074, .F. ) ;
#4709 = ORIENTED_EDGE ( 'NONE', *, *, #4772, .T. ) ;
#4710 = ADVANCED_FACE ( 'NONE', ( #6370 ), #6295, .F. ) ;
#4711 = ORIENTED_EDGE ( 'NONE', *, *, #4601, .F. ) ;
#4712 = ORIENTED_EDGE ( 'NONE', *, *, #4644, .F. ) ;
#4713 = ORIENTED_EDGE ( 'NONE', *, *, #4610, .F. ) ;
#4714 = ORIENTED_EDGE ( 'NONE', *, *, #4538, .F. ) ;
#4715 = ORIENTED_EDGE ( 'NONE', *, *, #4568, .F. ) ;
#4716 = ORIENTED_EDGE ( 'NONE', *, *, #4442, .F. ) ;
#4717 = ORIENTED_EDGE ( 'NONE', *, *, #4718, .F. ) ;
#4718 = EDGE_CURVE ( 'NONE', #4657, #4751, #6294, .T. ) ;
#4719 = ORIENTED_EDGE ( 'NONE', *, *, #4518, .F. ) ;
#4720 = ORIENTED_EDGE ( 'NONE', *, *, #4400, .F. ) ;
#4721 = ORIENTED_EDGE ( 'NONE', *, *, #4722, .F. ) ;
#4722 = EDGE_CURVE ( 'NONE', #4723, #4664, #6286, .T. ) ;
#4723 = VERTEX_POINT ( 'NONE', #6282 ) ;
#4724 = ORIENTED_EDGE ( 'NONE', *, *, #4725, .F. ) ;
#4725 = EDGE_CURVE ( 'NONE', #4651, #4723, #6280, .T. ) ;
#4726 = EDGE_LOOP ( 'NONE', ( #4655, #4659, #4749, #4717 ) ) ;
#4727 = ADVANCED_FACE ( 'NONE', ( #6276 ), #6239, .F. ) ;
#4728 = ORIENTED_EDGE ( 'NONE', *, *, #4505, .T. ) ;
#4729 = EDGE_CURVE ( 'NONE', #4011, #4085, #6238, .T. ) ;
#4730 = EDGE_LOOP ( 'NONE', ( #4457, #4770, #4648, #4787 ) ) ;
#4731 = ORIENTED_EDGE ( 'NONE', *, *, #3912, .F. ) ;
#4732 = EDGE_CURVE ( 'NONE', #3928, #3918, #6230, .T. ) ;
#4733 = ORIENTED_EDGE ( 'NONE', *, *, #3917, .F. ) ;
#4734 = ORIENTED_EDGE ( 'NONE', *, *, #4699, .T. ) ;
#4735 = ADVANCED_FACE ( 'NONE', ( #6225 ), #6210, .F. ) ;
#4736 = EDGE_LOOP ( 'NONE', ( #4783, #4706, #4797, #4799, #4704, #4798, #4753, #4708, #4807 ) ) ;
#4737 = ORIENTED_EDGE ( 'NONE', *, *, #3914, .F. ) ;
#4738 = ORIENTED_EDGE ( 'NONE', *, *, #4813, .T. ) ;
#4739 = ORIENTED_EDGE ( 'NONE', *, *, #4740, .F. ) ;
#4740 = EDGE_CURVE ( 'NONE', #4065, #4159, #6209, .T. ) ;
#4741 = ORIENTED_EDGE ( 'NONE', *, *, #4139, .T. ) ;
#4742 = ORIENTED_EDGE ( 'NONE', *, *, #4743, .T. ) ;
#4743 = EDGE_CURVE ( 'NONE', #3794, #4458, #6201, .T. ) ;
#4744 = ORIENTED_EDGE ( 'NONE', *, *, #4214, .T. ) ;
#4745 = ORIENTED_EDGE ( 'NONE', *, *, #4064, .F. ) ;
#4746 = ORIENTED_EDGE ( 'NONE', *, *, #4802, .T. ) ;
#4747 = ORIENTED_EDGE ( 'NONE', *, *, #4417, .T. ) ;
#4748 = ORIENTED_EDGE ( 'NONE', *, *, #4670, .T. ) ;
#4749 = ORIENTED_EDGE ( 'NONE', *, *, #4750, .F. ) ;
#4750 = EDGE_CURVE ( 'NONE', #4751, #4661, #6197, .T. ) ;
#4751 = VERTEX_POINT ( 'NONE', #6193 ) ;
#4752 = EDGE_LOOP ( 'NONE', ( #4719, #4720, #4713, #4826, #4712, #4714, #4715, #4716, #4711, #4824, #4825, #4817 ) ) ;
#4753 = ORIENTED_EDGE ( 'NONE', *, *, #4707, .F. ) ;
#4754 = EDGE_CURVE ( 'NONE', #4121, #4812, #6192, .T. ) ;
#4755 = ORIENTED_EDGE ( 'NONE', *, *, #4700, .T. ) ;
#4756 = ORIENTED_EDGE ( 'NONE', *, *, #3933, .F. ) ;
#4757 = ORIENTED_EDGE ( 'NONE', *, *, #4707, .T. ) ;
#4758 = ORIENTED_EDGE ( 'NONE', *, *, #4203, .T. ) ;
#4759 = EDGE_LOOP ( 'NONE', ( #4762, #4709, #4773, #4774, #4775, #4776, #4778, #4780, #4793, #4794 ) ) ;
#4760 = EDGE_CURVE ( 'NONE', #3967, #4705, #6320, .T. ) ;
#4761 = ADVANCED_FACE ( 'NONE', ( #6316 ), #6301, .F. ) ;
#4762 = ORIENTED_EDGE ( 'NONE', *, *, #4763, .F. ) ;
#4763 = EDGE_CURVE ( 'NONE', #4764, #4765, #6300, .T. ) ;
#4764 = VERTEX_POINT ( 'NONE', #6409 ) ;
#4765 = VERTEX_POINT ( 'NONE', #6408 ) ;
#4766 = EDGE_LOOP ( 'NONE', ( #4747, #4768, #4804, #4645, #4741, #4742, #4459, #4782, #4744, #4739, #4745, #4746 ) ) ;
#4767 = ORIENTED_EDGE ( 'NONE', *, *, #4729, .F. ) ;
#4768 = ORIENTED_EDGE ( 'NONE', *, *, #4769, .T. ) ;
#4769 = EDGE_CURVE ( 'NONE', #4186, #4789, #6406, .T. ) ;
#4770 = ORIENTED_EDGE ( 'NONE', *, *, #4802, .F. ) ;
#4771 = ADVANCED_FACE ( 'NONE', ( #6402 ), #6387, .F. ) ;
#4772 = EDGE_CURVE ( 'NONE', #4764, #4118, #6386, .T. ) ;
#4773 = ORIENTED_EDGE ( 'NONE', *, *, #4127, .T. ) ;
#4774 = ORIENTED_EDGE ( 'NONE', *, *, #4618, .F. ) ;
#4775 = ORIENTED_EDGE ( 'NONE', *, *, #3940, .F. ) ;
#4776 = ORIENTED_EDGE ( 'NONE', *, *, #4703, .T. ) ;
#4777 = VERTEX_POINT ( 'NONE', #6348 ) ;
#4778 = ORIENTED_EDGE ( 'NONE', *, *, #4779, .T. ) ;
#4779 = EDGE_CURVE ( 'NONE', #4701, #4777, #6347, .T. ) ;
#4780 = ORIENTED_EDGE ( 'NONE', *, *, #4781, .F. ) ;
#4781 = EDGE_CURVE ( 'NONE', #4103, #4777, #6343, .T. ) ;
#4782 = ORIENTED_EDGE ( 'NONE', *, *, #4677, .F. ) ;
#4783 = ORIENTED_EDGE ( 'NONE', *, *, #4028, .T. ) ;
#4784 = ORIENTED_EDGE ( 'NONE', *, *, #4785, .F. ) ;
#4785 = EDGE_CURVE ( 'NONE', #4061, #4206, #6339, .T. ) ;
#4786 = ORIENTED_EDGE ( 'NONE', *, *, #4005, .T. ) ;
#4787 = ORIENTED_EDGE ( 'NONE', *, *, #4729, .T. ) ;
#4788 = ADVANCED_FACE ( 'NONE', ( #6334 ), #6444, .F. ) ;
#4789 = VERTEX_POINT ( 'NONE', #6593 ) ;
#4790 = VERTEX_POINT ( 'NONE', #6541 ) ;
#4791 = EDGE_LOOP ( 'NONE', ( #4647, #4784, #4786, #4800, #4733, #4734 ) ) ;
#4792 = ORIENTED_EDGE ( 'NONE', *, *, #4740, .T. ) ;
#4793 = ORIENTED_EDGE ( 'NONE', *, *, #4102, .T. ) ;
#4794 = ORIENTED_EDGE ( 'NONE', *, *, #4795, .F. ) ;
#4795 = EDGE_CURVE ( 'NONE', #4765, #4177, #6540, .T. ) ;
#4796 = EDGE_CURVE ( 'NONE', #3909, #4705, #6536, .T. ) ;
#4797 = ORIENTED_EDGE ( 'NONE', *, *, #4760, .F. ) ;
#4798 = ORIENTED_EDGE ( 'NONE', *, *, #4205, .T. ) ;
#4799 = ORIENTED_EDGE ( 'NONE', *, *, #3978, .T. ) ;
#4800 = ORIENTED_EDGE ( 'NONE', *, *, #4732, .T. ) ;
#4801 = EDGE_LOOP ( 'NONE', ( #4697, #4767, #4698, #4728 ) ) ;
#4802 = EDGE_CURVE ( 'NONE', #3977, #4183, #6492, .T. ) ;
#4803 = ORIENTED_EDGE ( 'NONE', *, *, #3932, .T. ) ;
#4804 = ORIENTED_EDGE ( 'NONE', *, *, #4805, .T. ) ;
#4805 = EDGE_CURVE ( 'NONE', #4789, #4806, #6488, .T. ) ;
#4806 = VERTEX_POINT ( 'NONE', #6484 ) ;
#4807 = ORIENTED_EDGE ( 'NONE', *, *, #4808, .F. ) ;
#4808 = EDGE_CURVE ( 'NONE', #3650, #4054, #6482, .T. ) ;
#4809 = ADVANCED_FACE ( 'NONE', ( #6478 ), #6531, .T. ) ;
#4810 = EDGE_LOOP ( 'NONE', ( #4811, #4755, #4702, #4756, #4757, #4758 ) ) ;
#4811 = ORIENTED_EDGE ( 'NONE', *, *, #4754, .T. ) ;
#4812 = VERTEX_POINT ( 'NONE', #6532 ) ;
#4813 = EDGE_CURVE ( 'NONE', #4067, #4153, #6527, .T. ) ;
#4814 = EDGE_LOOP ( 'NONE', ( #4815, #4679, #4731, #4792 ) ) ;
#4815 = ORIENTED_EDGE ( 'NONE', *, *, #4155, .T. ) ;
#4816 = EDGE_CURVE ( 'NONE', #4684, #4169, #6463, .T. ) ;
#4817 = ORIENTED_EDGE ( 'NONE', *, *, #4535, .F. ) ;
#4818 = ADVANCED_FACE ( 'NONE', ( #6459 ), #6591, .F. ) ;
#4819 = EDGE_LOOP ( 'NONE', ( #4820, #4821, #4216, #4691 ) ) ;
#4820 = ORIENTED_EDGE ( 'NONE', *, *, #4172, .T. ) ;
#4821 = ORIENTED_EDGE ( 'NONE', *, *, #4822, .F. ) ;
#4822 = EDGE_CURVE ( 'NONE', #4823, #4227, #6590, .T. ) ;
#4823 = VERTEX_POINT ( 'NONE', #6582 ) ;
#4824 = ORIENTED_EDGE ( 'NONE', *, *, #4541, .F. ) ;
#4825 = ORIENTED_EDGE ( 'NONE', *, *, #4484, .F. ) ;
#4826 = ORIENTED_EDGE ( 'NONE', *, *, #4586, .F. ) ;
#4827 = ADVANCED_FACE ( 'NONE', ( #6581 ), #6565, .F. ) ;
#4828 = EDGE_LOOP ( 'NONE', ( #4831, #4862, #4899, #4880 ) ) ;
#4829 = EDGE_CURVE ( 'NONE', #4681, #4684, #6564, .T. ) ;
#4830 = VERTEX_POINT ( 'NONE', #6556 ) ;
#4831 = ORIENTED_EDGE ( 'NONE', *, *, #4231, .T. ) ;
#4832 = VERTEX_POINT ( 'NONE', #6555 ) ;
#4833 = VERTEX_POINT ( 'NONE', #6554 ) ;
#4834 = ORIENTED_EDGE ( 'NONE', *, *, #4900, .F. ) ;
#4835 = EDGE_LOOP ( 'NONE', ( #4868, #4836, #4863, #4881 ) ) ;
#4836 = ORIENTED_EDGE ( 'NONE', *, *, #4914, .F. ) ;
#4837 = ORIENTED_EDGE ( 'NONE', *, *, #4878, .T. ) ;
#4838 = ADVANCED_FACE ( 'NONE', ( #6553 ), #6519, .F. ) ;
#4839 = EDGE_CURVE ( 'NONE', #4833, #4917, #6518, .T. ) ;
#4840 = EDGE_CURVE ( 'NONE', #4917, #4909, #6510, .T. ) ;
#4841 = ORIENTED_EDGE ( 'NONE', *, *, #4918, .T. ) ;
#4842 = LINE ( 'NONE', #4890, #4889 ) ;
#4843 = DIRECTION ( 'NONE',  ( -6.416096658305760200E-016, 0.05233595624294379300, -0.9986295347545739400 ) ) ;
#4844 = VECTOR ( 'NONE', #4843, 1000.000000000000100 ) ;
#4845 = CARTESIAN_POINT ( 'NONE',  ( 11.24999999999998900, 11.00000000000002300, -6.699999999999999300 ) ) ;
#4846 = LINE ( 'NONE', #4845, #4844 ) ;
#4847 = ORIENTED_EDGE ( 'NONE', *, *, #3952, .T. ) ;
#4848 = ORIENTED_EDGE ( 'NONE', *, *, #4918, .F. ) ;
#4849 = DIRECTION ( 'NONE',  ( -1.178532910594544900E-015, -0.4138029443011858600, -0.9103664774626038000 ) ) ;
#4850 = VECTOR ( 'NONE', #4849, 1000.000000000000200 ) ;
#4851 = CARTESIAN_POINT ( 'NONE',  ( -11.24999999999997500, 11.00000000000002500, -6.699999999999999300 ) ) ;
#4852 = LINE ( 'NONE', #4851, #4850 ) ;
#4853 = ORIENTED_EDGE ( 'NONE', *, *, #4854, .T. ) ;
#4854 = EDGE_CURVE ( 'NONE', #4901, #4059, #6506, .T. ) ;
#4855 = CARTESIAN_POINT ( 'NONE',  ( 11.24999999999999600, 7.954545454545460400, -13.39999999999999500 ) ) ;
#4856 = CARTESIAN_POINT ( 'NONE',  ( -7.749999999999985800, 9.600000000000012100, -13.21272266173450300 ) ) ;
#4857 = DIRECTION ( 'NONE',  ( -1.000000000000000000, 2.611364411701354400E-015, 2.465190328815661900E-032 ) ) ;
#4858 = VECTOR ( 'NONE', #4857, 1000.000000000000000 ) ;
#4859 = CARTESIAN_POINT ( 'NONE',  ( -7.749999999999985800, 9.600000000000012100, -13.21272266173450300 ) ) ;
#4860 = LINE ( 'NONE', #4859, #4858 ) ;
#4861 = ADVANCED_FACE ( 'NONE', ( #6497 ), #6433, .F. ) ;
#4862 = ORIENTED_EDGE ( 'NONE', *, *, #4816, .F. ) ;
#4863 = ORIENTED_EDGE ( 'NONE', *, *, #4864, .F. ) ;
#4864 = EDGE_CURVE ( 'NONE', #4865, #4832, #6432, .T. ) ;
#4865 = VERTEX_POINT ( 'NONE', #6424 ) ;
#4866 = ORIENTED_EDGE ( 'NONE', *, *, #4904, .T. ) ;
#4867 = ORIENTED_EDGE ( 'NONE', *, *, #4829, .T. ) ;
#4868 = ORIENTED_EDGE ( 'NONE', *, *, #4883, .F. ) ;
#4869 = DIRECTION ( 'NONE',  ( 9.860761315262649800E-032, -1.000000000000000000, 2.820542642494453700E-015 ) ) ;
#4870 = VECTOR ( 'NONE', #4869, 1000.000000000000000 ) ;
#4871 = CARTESIAN_POINT ( 'NONE',  ( 11.24999999999998900, 12.10000000000002500, -6.699999999999999300 ) ) ;
#4872 = LINE ( 'NONE', #4871, #4870 ) ;
#4873 = CARTESIAN_POINT ( 'NONE',  ( 11.24999999999998900, 11.76116826277333300, -5.349999999999997000 ) ) ;
#4874 = ADVANCED_FACE ( 'NONE', ( #6423 ), #6672, .F. ) ;
#4875 = EDGE_LOOP ( 'NONE', ( #4876, #4877, #4834, #4853 ) ) ;
#4876 = ORIENTED_EDGE ( 'NONE', *, *, #4058, .T. ) ;
#4877 = ORIENTED_EDGE ( 'NONE', *, *, #4878, .F. ) ;
#4878 = EDGE_CURVE ( 'NONE', #4833, #4044, #6671, .T. ) ;
#4879 = ORIENTED_EDGE ( 'NONE', *, *, #4683, .T. ) ;
#4880 = ORIENTED_EDGE ( 'NONE', *, *, #4680, .T. ) ;
#4881 = ORIENTED_EDGE ( 'NONE', *, *, #4882, .F. ) ;
#4882 = EDGE_CURVE ( 'NONE', #4902, #4865, #6663, .T. ) ;
#4883 = EDGE_CURVE ( 'NONE', #4830, #4902, #6659, .T. ) ;
#4884 = DIRECTION ( 'NONE',  ( -3.493763099184597500E-015, 0.4226182617406961700, 0.9063077870366514900 ) ) ;
#4885 = VECTOR ( 'NONE', #4884, 1000.000000000000100 ) ;
#4886 = CARTESIAN_POINT ( 'NONE',  ( 11.24999999999998900, 11.76116826277333300, -5.349999999999997000 ) ) ;
#4887 = LINE ( 'NONE', #4886, #4885 ) ;
#4888 = DIRECTION ( 'NONE',  ( -9.860761315262651900E-032, 0.4226182617406961700, 0.9063077870366514900 ) ) ;
#4889 = VECTOR ( 'NONE', #4888, 1000.000000000000100 ) ;
#4890 = CARTESIAN_POINT ( 'NONE',  ( 11.24999999999998900, 11.88174539936733100, -5.799999999999998000 ) ) ;
#4891 = CARTESIAN_POINT ( 'NONE',  ( 11.24999999999998900, 11.55132981660358400, -5.799999999999998000 ) ) ;
#4892 = CARTESIAN_POINT ( 'NONE',  ( 11.24999999999998900, 12.00232253596133000, -6.249999999999998200 ) ) ;
#4893 = DIRECTION ( 'NONE',  ( 5.250126103214604900E-015, -1.000000000000000000, 1.506521953916711300E-031 ) ) ;
#4894 = VECTOR ( 'NONE', #4893, 1000.000000000000000 ) ;
#4895 = CARTESIAN_POINT ( 'NONE',  ( 11.24999999999998900, 11.88174539936733100, -5.799999999999998000 ) ) ;
#4896 = LINE ( 'NONE', #4895, #4894 ) ;
#4897 = EDGE_LOOP ( 'NONE', ( #4898, #4905, #4866, #4867 ) ) ;
#4898 = ORIENTED_EDGE ( 'NONE', *, *, #4685, .T. ) ;
#4899 = ORIENTED_EDGE ( 'NONE', *, *, #4829, .F. ) ;
#4900 = EDGE_CURVE ( 'NONE', #4901, #4833, #6624, .T. ) ;
#4901 = VERTEX_POINT ( 'NONE', #6620 ) ;
#4902 = VERTEX_POINT ( 'NONE', #6619 ) ;
#4903 = ADVANCED_FACE ( 'NONE', ( #6618 ), #6693, .F. ) ;
#4904 = EDGE_CURVE ( 'NONE', #4686, #4681, #6692, .T. ) ;
#4905 = ORIENTED_EDGE ( 'NONE', *, *, #4692, .T. ) ;
#4906 = ORIENTED_EDGE ( 'NONE', *, *, #4147, .T. ) ;
#4907 = ORIENTED_EDGE ( 'NONE', *, *, #4908, .F. ) ;
#4908 = EDGE_CURVE ( 'NONE', #4909, #4060, #6684, .T. ) ;
#4909 = VERTEX_POINT ( 'NONE', #6680 ) ;
#4910 = ORIENTED_EDGE ( 'NONE', *, *, #4839, .F. ) ;
#4911 = ORIENTED_EDGE ( 'NONE', *, *, #4840, .F. ) ;
#4912 = EDGE_LOOP ( 'NONE', ( #4906, #4907, #4911, #4841 ) ) ;
#4913 = ADVANCED_FACE ( 'NONE', ( #6679, #6677 ), #6643, .F. ) ;
#4914 = EDGE_CURVE ( 'NONE', #4832, #4830, #6638, .T. ) ;
#4915 = EDGE_LOOP ( 'NONE', ( #4847, #4848, #4910, #4837 ) ) ;
#4916 = CARTESIAN_POINT ( 'NONE',  ( -11.24999999999997500, 11.00000000000002500, -6.699999999999999300 ) ) ;
#4917 = VERTEX_POINT ( 'NONE', #6634 ) ;
#4918 = EDGE_CURVE ( 'NONE', #4917, #3953, #6633, .T. ) ;
#4919 = CARTESIAN_POINT ( 'NONE',  ( 11.24999999999998900, 10.85849899593581100, -3.999999999999998200 ) ) ;
#4920 = DIRECTION ( 'NONE',  ( -9.860761315262651900E-032, 0.4226182617406961700, 0.9063077870366514900 ) ) ;
#4921 = VECTOR ( 'NONE', #4920, 1000.000000000000100 ) ;
#4922 = CARTESIAN_POINT ( 'NONE',  ( 11.24999999999998900, 11.39943685299133600, -3.999999999999998200 ) ) ;
#4923 = LINE ( 'NONE', #4922, #4921 ) ;
#4924 = DIRECTION ( 'NONE',  ( -3.493763099184597500E-015, 0.4226182617406961700, 0.9063077870366514900 ) ) ;
#4925 = CARTESIAN_POINT ( 'NONE',  ( 11.24999999999998900, 11.64059112617933200, -4.899999999999996800 ) ) ;
#4926 = CARTESIAN_POINT ( 'NONE',  ( 11.24999999999998900, 12.00232253596133000, -6.249999999999998200 ) ) ;
#4927 = CARTESIAN_POINT ( 'NONE',  ( 11.24999999999998900, 11.31017554341558600, -4.899999999999996800 ) ) ;
#4928 = LINE ( 'NONE', #4925, #4934 ) ;
#4929 = CARTESIAN_POINT ( 'NONE',  ( 11.24999999999998900, 11.76116826277333300, -5.349999999999997000 ) ) ;
#4930 = LINE ( 'NONE', #4929, #4943 ) ;
#4931 = LINE ( 'NONE', #5020, #5019 ) ;
#4932 = PLANE ( 'NONE',  #5024 ) ;
#4933 =( GEOMETRIC_REPRESENTATION_CONTEXT ( 3 ) GLOBAL_UNCERTAINTY_ASSIGNED_CONTEXT ( ( #4945 ) ) GLOBAL_UNIT_ASSIGNED_CONTEXT ( ( #4972, #4951, #4950 ) ) REPRESENTATION_CONTEXT ( 'NONE', 'WORKASPACE' ) );
#4934 = VECTOR ( 'NONE', #4924, 1000.000000000000100 ) ;
#4935 = CARTESIAN_POINT ( 'NONE',  ( 11.24999999999998900, 11.64059112617933200, -4.899999999999996800 ) ) ;
#4936 = LINE ( 'NONE', #4935, #4955 ) ;
#4937 = SURFACE_SIDE_STYLE ('',( #4938 ) ) ;
#4938 = SURFACE_STYLE_FILL_AREA ( #4939 ) ;
#4939 = FILL_AREA_STYLE ('',( #4978 ) ) ;
#4940 = COLOUR_RGB ( '',0.2509803921568627400, 0.2509803921568627400, 0.2509803921568627400 ) ;
#4941 = FACE_OUTER_BOUND ( 'NONE', #1683, .T. ) ;
#4942 = CARTESIAN_POINT ( 'NONE',  ( 11.24999999999998900, 12.10000000000002500, -6.699999999999999300 ) ) ;
#4943 = VECTOR ( 'NONE', #4971, 1000.000000000000000 ) ;
#4944 = CARTESIAN_POINT ( 'NONE',  ( 11.24999999999998900, 11.64059112617933200, -4.899999999999996800 ) ) ;
#4945 = UNCERTAINTY_MEASURE_WITH_UNIT (LENGTH_MEASURE( 1.000000000000000100E-005 ), #4972, 'distance_accuracy_value', 'NONE');
#4946 =( GEOMETRIC_REPRESENTATION_CONTEXT ( 3 ) GLOBAL_UNCERTAINTY_ASSIGNED_CONTEXT ( ( #4947 ) ) GLOBAL_UNIT_ASSIGNED_CONTEXT ( ( #4958, #4957, #4948 ) ) REPRESENTATION_CONTEXT ( 'NONE', 'WORKASPACE' ) );
#4947 = UNCERTAINTY_MEASURE_WITH_UNIT (LENGTH_MEASURE( 1.000000000000000100E-005 ), #4958, 'distance_accuracy_value', 'NONE');
#4948 =( NAMED_UNIT ( * ) SI_UNIT ( $, .STERADIAN. ) SOLID_ANGLE_UNIT ( ) );
#4949 = LINE ( 'NONE', #4926, #4969 ) ;
#4950 =( NAMED_UNIT ( * ) SI_UNIT ( $, .STERADIAN. ) SOLID_ANGLE_UNIT ( ) );
#4951 =( NAMED_UNIT ( * ) PLANE_ANGLE_UNIT ( ) SI_UNIT ( $, .RADIAN. ) );
#4952 = LINE ( 'NONE', #4984, #4983 ) ;
#4953 = CARTESIAN_POINT ( 'NONE',  ( 11.24999999999998900, 11.52001398958533300, -4.449999999999997500 ) ) ;
#4954 = DIRECTION ( 'NONE',  ( 5.250126103214604900E-015, -1.000000000000000000, 1.506521953916711300E-031 ) ) ;
#4955 = VECTOR ( 'NONE', #4954, 1000.000000000000000 ) ;
#4956 = DIRECTION ( 'NONE',  ( 9.860761315262649800E-032, -1.000000000000000000, 5.250126103214574900E-015 ) ) ;
#4957 =( NAMED_UNIT ( * ) PLANE_ANGLE_UNIT ( ) SI_UNIT ( $, .RADIAN. ) );
#4958 =( LENGTH_UNIT ( ) NAMED_UNIT ( * ) SI_UNIT ( .MILLI., .METRE. ) );
#4959 = MECHANICAL_DESIGN_GEOMETRIC_PRESENTATION_REPRESENTATION (  '', ( #4961 ), #4946 ) ;
#4960 = PRESENTATION_LAYER_ASSIGNMENT (  '', '', ( #4961 ) ) ;
#4961 = STYLED_ITEM ( 'NONE', ( #4962 ), #1702 ) ;
#4962 = PRESENTATION_STYLE_ASSIGNMENT (( #4963 ) ) ;
#4963 = SURFACE_STYLE_USAGE ( .BOTH. , #4964 ) ;
#4964 = SURFACE_SIDE_STYLE ('',( #4965 ) ) ;
#4965 = SURFACE_STYLE_FILL_AREA ( #4966 ) ;
#4966 = FILL_AREA_STYLE ('',( #5009 ) ) ;
#4967 = COLOUR_RGB ( '',0.2509803921568627400, 0.2509803921568627400, 0.2509803921568627400 ) ;
#4968 = FACE_OUTER_BOUND ( 'NONE', #1706, .T. ) ;
#4969 = VECTOR ( 'NONE', #4956, 1000.000000000000000 ) ;
#4970 = CARTESIAN_POINT ( 'NONE',  ( 11.24999999999998900, 11.43075268000958600, -5.349999999999997000 ) ) ;
#4971 = DIRECTION ( 'NONE',  ( 5.250126103214604900E-015, -1.000000000000000000, 1.506521953916711300E-031 ) ) ;
#4972 =( LENGTH_UNIT ( ) NAMED_UNIT ( * ) SI_UNIT ( .MILLI., .METRE. ) );
#4973 = MECHANICAL_DESIGN_GEOMETRIC_PRESENTATION_REPRESENTATION (  '', ( #4975 ), #4933 ) ;
#4974 = PRESENTATION_LAYER_ASSIGNMENT (  '', '', ( #4975 ) ) ;
#4975 = STYLED_ITEM ( 'NONE', ( #4976 ), #1682 ) ;
#4976 = PRESENTATION_STYLE_ASSIGNMENT (( #4977 ) ) ;
#4977 = SURFACE_STYLE_USAGE ( .BOTH. , #4937 ) ;
#4978 = FILL_AREA_STYLE_COLOUR ( '', #4940 ) ;
#4979 = CARTESIAN_POINT ( 'NONE',  ( 11.24999999999998900, 11.79248408979158200, -6.699999999999999300 ) ) ;
#4980 = CARTESIAN_POINT ( 'NONE',  ( 11.24999999999998900, 11.88174539936733100, -5.799999999999998000 ) ) ;
#4981 = CARTESIAN_POINT ( 'NONE',  ( 11.24999999999998900, 11.67190695319758300, -6.249999999999996400 ) ) ;
#4982 = DIRECTION ( 'NONE',  ( -9.860761315262651900E-032, 0.4226182617406961700, 0.9063077870366514900 ) ) ;
#4983 = VECTOR ( 'NONE', #4982, 1000.000000000000100 ) ;
#4984 = CARTESIAN_POINT ( 'NONE',  ( 11.24999999999998900, 12.00232253596133000, -6.249999999999998200 ) ) ;
#4985 = DIRECTION ( 'NONE',  ( -2.465190328815662400E-032, -9.262858453902178800E-015, 1.000000000000000000 ) ) ;
#4986 = VECTOR ( 'NONE', #4985, 1000.000000000000000 ) ;
#4987 = CARTESIAN_POINT ( 'NONE',  ( 7.749999999999992900, 9.600000000000013900, -13.39999999999999300 ) ) ;
#4988 = LINE ( 'NONE', #4987, #4986 ) ;
#4989 = CARTESIAN_POINT ( 'NONE',  ( 7.749999999999992900, 9.600000000000012100, -13.21272266173450100 ) ) ;
#4990 = DIRECTION ( 'NONE',  ( 9.860761315262649800E-032, -1.000000000000000000, 1.483603526480291300E-031 ) ) ;
#4991 = VECTOR ( 'NONE', #4990, 1000.000000000000000 ) ;
#4992 = CARTESIAN_POINT ( 'NONE',  ( 11.24999999999998900, 11.52001398958533300, -4.449999999999997500 ) ) ;
#4993 = LINE ( 'NONE', #4992, #4991 ) ;
#4994 = DIRECTION ( 'NONE',  ( -1.000000000000000000, -2.611364411701354400E-015, 0.0000000000000000000 ) ) ;
#4995 = LINE ( 'NONE', #8917, #8916 ) ;
#4996 = CARTESIAN_POINT ( 'NONE',  ( 11.24999999999998900, 11.00000000000002300, -6.699999999999999300 ) ) ;
#4997 = DIRECTION ( 'NONE',  ( -1.000000000000000000, 9.860761315262647600E-032, 2.465190328815661900E-032 ) ) ;
#4998 = DIRECTION ( 'NONE',  ( -2.465190328815661900E-032, 1.483603526480291100E-031, -1.000000000000000000 ) ) ;
#4999 = CARTESIAN_POINT ( 'NONE',  ( 7.650000000000003900, 9.600000000000021000, -13.39999999999999300 ) ) ;
#5000 = AXIS2_PLACEMENT_3D ( 'NONE', #4999, #4998, #4997 ) ;
#5001 = PLANE ( 'NONE',  #5000 ) ;
#5002 = DIRECTION ( 'NONE',  ( -9.860761315262651900E-032, 0.4226182617406961700, 0.9063077870366514900 ) ) ;
#5003 = VECTOR ( 'NONE', #5002, 1000.000000000000100 ) ;
#5004 = CARTESIAN_POINT ( 'NONE',  ( 11.24999999999998900, 11.52001398958533300, -4.449999999999997500 ) ) ;
#5005 = LINE ( 'NONE', #5004, #5003 ) ;
#5006 = DIRECTION ( 'NONE',  ( 2.602085213965190500E-015, -1.000000000000000000, 1.535961454586926400E-031 ) ) ;
#5007 = VECTOR ( 'NONE', #5006, 1000.000000000000000 ) ;
#5008 = CARTESIAN_POINT ( 'NONE',  ( 11.24999999999999600, 9.600000000000019200, -13.39999999999999500 ) ) ;
#5009 = FILL_AREA_STYLE_COLOUR ( '', #4967 ) ;
#5010 = LINE ( 'NONE', #5008, #5007 ) ;
#5011 = DIRECTION ( 'NONE',  ( -2.465190328815662400E-032, -9.262858453902178800E-015, 1.000000000000000000 ) ) ;
#5012 = VECTOR ( 'NONE', #5011, 1000.000000000000000 ) ;
#5013 = CARTESIAN_POINT ( 'NONE',  ( -7.749999999999985800, 9.600000000000013900, -13.39999999999999500 ) ) ;
#5014 = LINE ( 'NONE', #5013, #5012 ) ;
#5015 = DIRECTION ( 'NONE',  ( 3.206881258818513900E-015, -1.000000000000000000, 1.445548967516099300E-031 ) ) ;
#5016 = VECTOR ( 'NONE', #5015, 1000.000000000000000 ) ;
#5017 = CARTESIAN_POINT ( 'NONE',  ( 11.24999999999998900, 11.39943685299133600, -3.999999999999998200 ) ) ;
#5018 = LINE ( 'NONE', #5017, #5016 ) ;
#5019 = VECTOR ( 'NONE', #4994, 1000.000000000000000 ) ;
#5020 = CARTESIAN_POINT ( 'NONE',  ( 7.650000000000011000, 7.954545454545454100, -13.39999999999999300 ) ) ;
#5021 = DIRECTION ( 'NONE',  ( -1.000000000000000000, -4.818676322157814100E-016, 2.465190328815661900E-032 ) ) ;
#5022 = DIRECTION ( 'NONE',  ( -4.818676322157814100E-016, 1.000000000000000000, -1.365474755376252900E-031 ) ) ;
#5023 = CARTESIAN_POINT ( 'NONE',  ( -7.649999999999996800, 9.600000000000022700, -13.39999999999999500 ) ) ;
#5024 = AXIS2_PLACEMENT_3D ( 'NONE', #5023, #5022, #5021 ) ;
#5025 =( NAMED_UNIT ( * ) SI_UNIT ( $, .STERADIAN. ) SOLID_ANGLE_UNIT ( ) );
#5026 = UNCERTAINTY_MEASURE_WITH_UNIT (LENGTH_MEASURE( 1.000000000000000100E-005 ), #5699, 'distance_accuracy_value', 'NONE');
#5027 = DIRECTION ( 'NONE',  ( 0.0000000000000000000, 0.0000000000000000000, 1.000000000000000000 ) ) ;
#5028 = DIRECTION ( 'NONE',  ( 1.000000000000000000, 6.982966722218761000E-015, -4.930380657631323800E-032 ) ) ;
#5029 =( NAMED_UNIT ( * ) PLANE_ANGLE_UNIT ( ) SI_UNIT ( $, .RADIAN. ) );
#5030 =( GEOMETRIC_REPRESENTATION_CONTEXT ( 3 ) GLOBAL_UNCERTAINTY_ASSIGNED_CONTEXT ( ( #5026 ) ) GLOBAL_UNIT_ASSIGNED_CONTEXT ( ( #5699, #5698, #5025 ) ) REPRESENTATION_CONTEXT ( 'NONE', 'WORKASPACE' ) );
#5031 = CYLINDRICAL_SURFACE ( 'NONE', #5033, 0.2999999999999981600 ) ;
#5032 = CARTESIAN_POINT ( 'NONE',  ( 7.300000000000022900, -2.999854363543709800, -25.10017653391665600 ) ) ;
#5033 = AXIS2_PLACEMENT_3D ( 'NONE', #5032, #5028, #5027 ) ;
#5034 =( NAMED_UNIT ( * ) SI_UNIT ( $, .STERADIAN. ) SOLID_ANGLE_UNIT ( ) );
#5035 = UNCERTAINTY_MEASURE_WITH_UNIT (LENGTH_MEASURE( 1.000000000000000100E-005 ), #5079, 'distance_accuracy_value', 'NONE');
#5036 = DIRECTION ( 'NONE',  ( -6.047426575222797600E-015, 0.8660254037844374900, 0.5000000000000021100 ) ) ;
#5037 =( GEOMETRIC_REPRESENTATION_CONTEXT ( 3 ) GLOBAL_UNCERTAINTY_ASSIGNED_CONTEXT ( ( #5035 ) ) GLOBAL_UNIT_ASSIGNED_CONTEXT ( ( #5079, #5029, #5034 ) ) REPRESENTATION_CONTEXT ( 'NONE', 'WORKASPACE' ) );
#5038 = CARTESIAN_POINT ( 'NONE',  ( -5.900000000000003900, -0.8500000000000442800, -4.400000000000001200 ) ) ;
#5039 = AXIS2_PLACEMENT_3D ( 'NONE', #5038, #5036, #5043 ) ;
#5040 = MECHANICAL_DESIGN_GEOMETRIC_PRESENTATION_REPRESENTATION (  '', ( #5092 ), #5144 ) ;
#5041 = PLANE ( 'NONE',  #5039 ) ;
#5042 =( LENGTH_UNIT ( ) NAMED_UNIT ( * ) SI_UNIT ( .MILLI., .METRE. ) );
#5043 = DIRECTION ( 'NONE',  ( -3.491483361109398600E-015, 0.5000000000000021100, -0.8660254037844374900 ) ) ;
#5044 = VECTOR ( 'NONE', #5047, 1000.000000000000000 ) ;
#5045 = CARTESIAN_POINT ( 'NONE',  ( -7.149999999999974600, -3.150000000000049600, -4.400000000000001200 ) ) ;
#5046 = VECTOR ( 'NONE', #5059, 1000.000000000000000 ) ;
#5047 = DIRECTION ( 'NONE',  ( 1.000000000000000000, 6.982966722218761000E-015, -4.930380657631323800E-032 ) ) ;
#5048 = CARTESIAN_POINT ( 'NONE',  ( 7.300000000000030900, -3.231341738560028700, -25.29099999999998600 ) ) ;
#5049 = LINE ( 'NONE', #5048, #5044 ) ;
#5050 = DIRECTION ( 'NONE',  ( -6.982966722218767300E-015, 1.000000000000000000, -2.859546749604347300E-031 ) ) ;
#5051 = VECTOR ( 'NONE', #5050, 1000.000000000000000 ) ;
#5052 = CARTESIAN_POINT ( 'NONE',  ( -6.649999999999988800, -3.150000000000052800, -4.400000000000001200 ) ) ;
#5053 = LINE ( 'NONE', #5052, #5051 ) ;
#5054 = CARTESIAN_POINT ( 'NONE',  ( -6.649999999999988800, -3.150000000000052800, -4.400000000000001200 ) ) ;
#5055 = DIRECTION ( 'NONE',  ( -1.000000000000000000, -6.982966722218761000E-015, 4.930380657631323800E-032 ) ) ;
#5056 = VECTOR ( 'NONE', #5055, 1000.000000000000000 ) ;
#5057 = CARTESIAN_POINT ( 'NONE',  ( -5.899999999999987000, -3.150000000000044300, -4.400000000000001200 ) ) ;
#5058 = LINE ( 'NONE', #5057, #5056 ) ;
#5059 = DIRECTION ( 'NONE',  ( 6.982966722218767300E-015, -1.000000000000000000, 2.859546749604347300E-031 ) ) ;
#5060 = CARTESIAN_POINT ( 'NONE',  ( -7.149999999999974600, -3.150000000000049600, -4.400000000000001200 ) ) ;
#5061 = LINE ( 'NONE', #5060, #5046 ) ;
#5062 = STYLED_ITEM ( 'NONE', ( #5063 ), #3462 ) ;
#5063 = PRESENTATION_STYLE_ASSIGNMENT (( #5064 ) ) ;
#5064 = SURFACE_STYLE_USAGE ( .BOTH. , #5065 ) ;
#5065 = SURFACE_SIDE_STYLE ('',( #5066 ) ) ;
#5066 = SURFACE_STYLE_FILL_AREA ( #5067 ) ;
#5067 = FILL_AREA_STYLE ('',( #5077 ) ) ;
#5068 = COLOUR_RGB ( '',0.7529411764705882200, 0.7529411764705882200, 0.7529411764705882200 ) ;
#5069 = FACE_OUTER_BOUND ( 'NONE', #3463, .T. ) ;
#5070 = DIRECTION ( 'NONE',  ( -0.3973597071195143500, 0.4588314677411241500, 0.7947194142390253700 ) ) ;
#5071 = VECTOR ( 'NONE', #5070, 1000.000000000000000 ) ;
#5072 = CARTESIAN_POINT ( 'NONE',  ( -5.911687079396384300, -4.002530326913378300, -5.876625841207189000 ) ) ;
#5073 = CARTESIAN_POINT ( 'NONE',  ( -5.913878406783208400, -4.000000000000044400, -5.872243186433534500 ) ) ;
#5074 = DIRECTION ( 'NONE',  ( -1.000000000000000000, -6.982966722218761000E-015, 4.930380657631323800E-032 ) ) ;
#5075 = VECTOR ( 'NONE', #5074, 1000.000000000000000 ) ;
#5076 = LINE ( 'NONE', #5072, #5071 ) ;
#5077 = FILL_AREA_STYLE_COLOUR ( '', #5068 ) ;
#5078 = LINE ( 'NONE', #5082, #5075 ) ;
#5079 =( LENGTH_UNIT ( ) NAMED_UNIT ( * ) SI_UNIT ( .MILLI., .METRE. ) );
#5080 = MECHANICAL_DESIGN_GEOMETRIC_PRESENTATION_REPRESENTATION (  '', ( #5062 ), #5037 ) ;
#5081 = PRESENTATION_LAYER_ASSIGNMENT (  '', '', ( #5062 ) ) ;
#5082 = CARTESIAN_POINT ( 'NONE',  ( -5.899999999999967500, -4.000000000000044400, -5.872243186433534500 ) ) ;
#5083 = DIRECTION ( 'NONE',  ( -1.000000000000000000, -6.982966722218761000E-015, 4.930380657631323800E-032 ) ) ;
#5084 = VECTOR ( 'NONE', #5083, 1000.000000000000000 ) ;
#5085 = CARTESIAN_POINT ( 'NONE',  ( -5.899999999999988800, -4.423544863740858100E-014, -5.872243186433538000 ) ) ;
#5086 = LINE ( 'NONE', #5085, #5084 ) ;
#5087 = CARTESIAN_POINT ( 'NONE',  ( -6.952631578947362300, -1.077901422048592700, -4.005263157894741100 ) ) ;
#5088 = LINE ( 'NONE', #5087, #5106 ) ;
#5089 = CARTESIAN_POINT ( 'NONE',  ( -7.886121593216763000, -6.158268339717665200E-014, -5.872243186433536300 ) ) ;
#5090 = CARTESIAN_POINT ( 'NONE',  ( -5.913878406783229700, -4.423544863740858100E-014, -5.872243186433538000 ) ) ;
#5091 = PRESENTATION_LAYER_ASSIGNMENT (  '', '', ( #5092 ) ) ;
#5092 = STYLED_ITEM ( 'NONE', ( #5093 ), #3474 ) ;
#5093 = PRESENTATION_STYLE_ASSIGNMENT (( #5094 ) ) ;
#5094 = SURFACE_STYLE_USAGE ( .BOTH. , #5095 ) ;
#5095 = SURFACE_SIDE_STYLE ('',( #5096 ) ) ;
#5096 = SURFACE_STYLE_FILL_AREA ( #5097 ) ;
#5097 = FILL_AREA_STYLE ('',( #5104 ) ) ;
#5098 = COLOUR_RGB ( '',0.7529411764705882200, 0.7529411764705882200, 0.7529411764705882200 ) ;
#5099 = FACE_OUTER_BOUND ( 'NONE', #3475, .T. ) ;
#5100 = DIRECTION ( 'NONE',  ( 0.3973597071195081900, 0.4588314677411288200, -0.7947194142390258100 ) ) ;
#5101 = VECTOR ( 'NONE', #5100, 999.9999999999998900 ) ;
#5102 = CARTESIAN_POINT ( 'NONE',  ( -6.531578947368431400, -0.7132591467709295000, -4.636842105263157900 ) ) ;
#5103 = LINE ( 'NONE', #5102, #5101 ) ;
#5104 = FILL_AREA_STYLE_COLOUR ( '', #5098 ) ;
#5105 = DIRECTION ( 'NONE',  ( 0.3973597071195145700, -0.4588314677411233200, 0.7947194142390258100 ) ) ;
#5106 = VECTOR ( 'NONE', #5105, 999.9999999999998900 ) ;
#5107 = PLANE ( 'NONE',  #5146 ) ;
#5108 = UNCERTAINTY_MEASURE_WITH_UNIT (LENGTH_MEASURE( 1.000000000000000100E-005 ), #5158, 'distance_accuracy_value', 'NONE');
#5109 =( NAMED_UNIT ( * ) SI_UNIT ( $, .STERADIAN. ) SOLID_ANGLE_UNIT ( ) );
#5110 =( NAMED_UNIT ( * ) PLANE_ANGLE_UNIT ( ) SI_UNIT ( $, .RADIAN. ) );
#5111 = CARTESIAN_POINT ( 'NONE',  ( -5.899999999999981700, -2.000000000000042600, -2.408141571295806700 ) ) ;
#5112 = AXIS2_PLACEMENT_3D ( 'NONE', #5111, #5136, #5135 ) ;
#5113 = CIRCLE ( 'NONE', #5134, 1.350000000000000500 ) ;
#5114 = PLANE ( 'NONE',  #5112 ) ;
#5115 =( GEOMETRIC_REPRESENTATION_CONTEXT ( 3 ) GLOBAL_UNCERTAINTY_ASSIGNED_CONTEXT ( ( #5108 ) ) GLOBAL_UNIT_ASSIGNED_CONTEXT ( ( #5158, #5110, #5109 ) ) REPRESENTATION_CONTEXT ( 'NONE', 'WORKASPACE' ) );
#5116 =( NAMED_UNIT ( * ) SI_UNIT ( $, .STERADIAN. ) SOLID_ANGLE_UNIT ( ) );
#5117 =( NAMED_UNIT ( * ) PLANE_ANGLE_UNIT ( ) SI_UNIT ( $, .RADIAN. ) );
#5118 =( LENGTH_UNIT ( ) NAMED_UNIT ( * ) SI_UNIT ( .MILLI., .METRE. ) );
#5119 = MECHANICAL_DESIGN_GEOMETRIC_PRESENTATION_REPRESENTATION (  '', ( #5121 ), #5205 ) ;
#5120 = PRESENTATION_LAYER_ASSIGNMENT (  '', '', ( #5121 ) ) ;
#5121 = STYLED_ITEM ( 'NONE', ( #5122 ), #3511 ) ;
#5122 = PRESENTATION_STYLE_ASSIGNMENT (( #5123 ) ) ;
#5123 = SURFACE_STYLE_USAGE ( .BOTH. , #5124 ) ;
#5124 = SURFACE_SIDE_STYLE ('',( #5125 ) ) ;
#5125 = SURFACE_STYLE_FILL_AREA ( #5126 ) ;
#5126 = FILL_AREA_STYLE ('',( #5127 ) ) ;
#5127 = FILL_AREA_STYLE_COLOUR ( '', #5128 ) ;
#5128 = COLOUR_RGB ( '',0.7529411764705882200, 0.7529411764705882200, 0.7529411764705882200 ) ;
#5129 = FACE_OUTER_BOUND ( 'NONE', #3512, .T. ) ;
#5130 = CARTESIAN_POINT ( 'NONE',  ( -7.899999999999969300, -4.000000000000058600, -5.900000000000009200 ) ) ;
#5131 = DIRECTION ( 'NONE',  ( 0.0000000000000000000, 0.0000000000000000000, 1.000000000000000000 ) ) ;
#5132 = DIRECTION ( 'NONE',  ( 1.000000000000000000, 6.982966722218761000E-015, -4.930380657631323800E-032 ) ) ;
#5133 = CARTESIAN_POINT ( 'NONE',  ( -5.899999999999988800, -3.000000000000043500, -23.44999999999999200 ) ) ;
#5134 = AXIS2_PLACEMENT_3D ( 'NONE', #5133, #5132, #5131 ) ;
#5135 = DIRECTION ( 'NONE',  ( -2.465190328815480400E-032, -2.613027716722784600E-031, 1.000000000000000000 ) ) ;
#5136 = DIRECTION ( 'NONE',  ( 1.000000000000000000, 6.982966722218761000E-015, 2.465190328815663000E-032 ) ) ;
#5137 = CARTESIAN_POINT ( 'NONE',  ( -5.899999999999957700, -5.400000000000043000, -26.49999999999998600 ) ) ;
#5138 = DIRECTION ( 'NONE',  ( -2.465190328815480400E-032, -2.613027716722784600E-031, 1.000000000000000000 ) ) ;
#5139 = VECTOR ( 'NONE', #5138, 1000.000000000000000 ) ;
#5140 = CARTESIAN_POINT ( 'NONE',  ( -5.899999999999963900, -6.500000000000042600, -16.69999999999999200 ) ) ;
#5141 = LINE ( 'NONE', #5140, #5139 ) ;
#5142 = LINE ( 'NONE', #5177, #5176 ) ;
#5143 =( NAMED_UNIT ( * ) SI_UNIT ( $, .STERADIAN. ) SOLID_ANGLE_UNIT ( ) );
#5144 =( GEOMETRIC_REPRESENTATION_CONTEXT ( 3 ) GLOBAL_UNCERTAINTY_ASSIGNED_CONTEXT ( ( #5172 ) ) GLOBAL_UNIT_ASSIGNED_CONTEXT ( ( #5042, #5145, #5143 ) ) REPRESENTATION_CONTEXT ( 'NONE', 'WORKASPACE' ) );
#5145 =( NAMED_UNIT ( * ) PLANE_ANGLE_UNIT ( ) SI_UNIT ( $, .RADIAN. ) );
#5146 = AXIS2_PLACEMENT_3D ( 'NONE', #5165, #5164, #5167 ) ;
#5147 = CARTESIAN_POINT ( 'NONE',  ( -5.899999999999988800, -4.423544863740858100E-014, -5.900000000000011000 ) ) ;
#5148 = VECTOR ( 'NONE', #5178, 1000.000000000000000 ) ;
#5149 = SURFACE_SIDE_STYLE ('',( #5150 ) ) ;
#5150 = SURFACE_STYLE_FILL_AREA ( #5151 ) ;
#5151 = FILL_AREA_STYLE ('',( #5152 ) ) ;
#5152 = FILL_AREA_STYLE_COLOUR ( '', #5153 ) ;
#5153 = COLOUR_RGB ( '',0.7529411764705882200, 0.7529411764705882200, 0.7529411764705882200 ) ;
#5154 = FACE_OUTER_BOUND ( 'NONE', #3501, .T. ) ;
#5155 = CARTESIAN_POINT ( 'NONE',  ( -5.899999999999957700, -5.400000000000043000, -20.69999999999998900 ) ) ;
#5156 = DIRECTION ( 'NONE',  ( 1.000000000000000000, 6.982966722218761000E-015, -4.930380657631323800E-032 ) ) ;
#5157 = VECTOR ( 'NONE', #5156, 1000.000000000000000 ) ;
#5158 =( LENGTH_UNIT ( ) NAMED_UNIT ( * ) SI_UNIT ( .MILLI., .METRE. ) );
#5159 = MECHANICAL_DESIGN_GEOMETRIC_PRESENTATION_REPRESENTATION (  '', ( #5161 ), #5115 ) ;
#5160 = PRESENTATION_LAYER_ASSIGNMENT (  '', '', ( #5161 ) ) ;
#5161 = STYLED_ITEM ( 'NONE', ( #5162 ), #3500 ) ;
#5162 = PRESENTATION_STYLE_ASSIGNMENT (( #5163 ) ) ;
#5163 = SURFACE_STYLE_USAGE ( .BOTH. , #5149 ) ;
#5164 = DIRECTION ( 'NONE',  ( -0.8944271909999166300, -6.245755310200022800E-015, -0.4472135954999566000 ) ) ;
#5165 = CARTESIAN_POINT ( 'NONE',  ( -6.649999999999988800, -3.150000000000052800, -4.400000000000001200 ) ) ;
#5166 = LINE ( 'NONE', #5171, #5170 ) ;
#5167 = DIRECTION ( 'NONE',  ( 0.4472135954999566000, 3.122877655099998800E-015, -0.8944271909999166300 ) ) ;
#5168 = CARTESIAN_POINT ( 'NONE',  ( -5.899999999999967500, -4.000000000000044400, -5.900000000000011000 ) ) ;
#5169 = DIRECTION ( 'NONE',  ( -0.4472135954999565400, -3.122877655099998800E-015, 0.8944271909999165200 ) ) ;
#5170 = VECTOR ( 'NONE', #5169, 1000.000000000000100 ) ;
#5171 = CARTESIAN_POINT ( 'NONE',  ( -5.911102725426560200, -4.000000000000044400, -5.877794549146829100 ) ) ;
#5172 = UNCERTAINTY_MEASURE_WITH_UNIT (LENGTH_MEASURE( 1.000000000000000100E-005 ), #5042, 'distance_accuracy_value', 'NONE');
#5173 = CARTESIAN_POINT ( 'NONE',  ( -6.699999999999967300, -5.400000000000049200, -20.69999999999998900 ) ) ;
#5174 = LINE ( 'NONE', #5173, #5157 ) ;
#5175 = DIRECTION ( 'NONE',  ( -5.100695019293002100E-031, 8.010539513610606700E-017, -1.000000000000000000 ) ) ;
#5176 = VECTOR ( 'NONE', #5175, 1000.000000000000000 ) ;
#5177 = CARTESIAN_POINT ( 'NONE',  ( -5.899999999999988800, -4.423544863740858100E-014, -5.872243186433538000 ) ) ;
#5178 = DIRECTION ( 'NONE',  ( 6.982966722218767300E-015, -1.000000000000000000, 2.859546749604347300E-031 ) ) ;
#5179 = CARTESIAN_POINT ( 'NONE',  ( -5.899999999999981700, -2.000000000000039100, -5.900000000000011000 ) ) ;
#5180 = LINE ( 'NONE', #5179, #5148 ) ;
#5181 =( GEOMETRIC_REPRESENTATION_CONTEXT ( 3 ) GLOBAL_UNCERTAINTY_ASSIGNED_CONTEXT ( ( #5209 ) ) GLOBAL_UNIT_ASSIGNED_CONTEXT ( ( #5213, #5212, #5210 ) ) REPRESENTATION_CONTEXT ( 'NONE', 'WORKASPACE' ) );
#5182 = MECHANICAL_DESIGN_GEOMETRIC_PRESENTATION_REPRESENTATION (  '', ( #5184 ), #5181 ) ;
#5183 = PRESENTATION_LAYER_ASSIGNMENT (  '', '', ( #5184 ) ) ;
#5184 = STYLED_ITEM ( 'NONE', ( #5185 ), #3515 ) ;
#5185 = PRESENTATION_STYLE_ASSIGNMENT (( #5186 ) ) ;
#5186 = SURFACE_STYLE_USAGE ( .BOTH. , #5197 ) ;
#5187 = MECHANICAL_DESIGN_GEOMETRIC_PRESENTATION_REPRESENTATION (  '', ( #5189 ), #5239 ) ;
#5188 = PRESENTATION_LAYER_ASSIGNMENT (  '', '', ( #5189 ) ) ;
#5189 = STYLED_ITEM ( 'NONE', ( #5190 ), #3518 ) ;
#5190 = PRESENTATION_STYLE_ASSIGNMENT (( #5191 ) ) ;
#5191 = SURFACE_STYLE_USAGE ( .BOTH. , #5192 ) ;
#5192 = SURFACE_SIDE_STYLE ('',( #5193 ) ) ;
#5193 = SURFACE_STYLE_FILL_AREA ( #5216 ) ;
#5194 = COLOUR_RGB ( '',0.7529411764705882200, 0.7529411764705882200, 0.7529411764705882200 ) ;
#5195 = FACE_OUTER_BOUND ( 'NONE', #3449, .T. ) ;
#5196 = DIRECTION ( 'NONE',  ( -0.4472135954999566000, -3.122877655099999600E-015, -0.8944271909999166300 ) ) ;
#5197 = SURFACE_SIDE_STYLE ('',( #5198 ) ) ;
#5198 = SURFACE_STYLE_FILL_AREA ( #5199 ) ;
#5199 = FILL_AREA_STYLE ('',( #5200 ) ) ;
#5200 = FILL_AREA_STYLE_COLOUR ( '', #5206 ) ;
#5201 = DIRECTION ( 'NONE',  ( -0.1961161351381807700, -1.369472445360073700E-015, -0.9805806756909207800 ) ) ;
#5202 = DIRECTION ( 'NONE',  ( -0.9805806756909207800, -6.847362226800487200E-015, 0.1961161351381807700 ) ) ;
#5203 = CARTESIAN_POINT ( 'NONE',  ( 8.100000000000010300, -1.999999999999938500, -26.49999999999996800 ) ) ;
#5204 = AXIS2_PLACEMENT_3D ( 'NONE', #5203, #5202, #5201 ) ;
#5205 =( GEOMETRIC_REPRESENTATION_CONTEXT ( 3 ) GLOBAL_UNCERTAINTY_ASSIGNED_CONTEXT ( ( #5211 ) ) GLOBAL_UNIT_ASSIGNED_CONTEXT ( ( #5118, #5117, #5116 ) ) REPRESENTATION_CONTEXT ( 'NONE', 'WORKASPACE' ) );
#5206 = COLOUR_RGB ( '',0.7529411764705882200, 0.7529411764705882200, 0.7529411764705882200 ) ;
#5207 = FACE_OUTER_BOUND ( 'NONE', #3516, .T. ) ;
#5208 = PLANE ( 'NONE',  #5204 ) ;
#5209 = UNCERTAINTY_MEASURE_WITH_UNIT (LENGTH_MEASURE( 1.000000000000000100E-005 ), #5213, 'distance_accuracy_value', 'NONE');
#5210 =( NAMED_UNIT ( * ) SI_UNIT ( $, .STERADIAN. ) SOLID_ANGLE_UNIT ( ) );
#5211 = UNCERTAINTY_MEASURE_WITH_UNIT (LENGTH_MEASURE( 1.000000000000000100E-005 ), #5118, 'distance_accuracy_value', 'NONE');
#5212 =( NAMED_UNIT ( * ) PLANE_ANGLE_UNIT ( ) SI_UNIT ( $, .RADIAN. ) );
#5213 =( LENGTH_UNIT ( ) NAMED_UNIT ( * ) SI_UNIT ( .MILLI., .METRE. ) );
#5214 = DIRECTION ( 'NONE',  ( -0.8944271909999166300, -6.245755310200020400E-015, 0.4472135954999566000 ) ) ;
#5215 = AXIS2_PLACEMENT_3D ( 'NONE', #5218, #5214, #5196 ) ;
#5216 = FILL_AREA_STYLE ('',( #5217 ) ) ;
#5217 = FILL_AREA_STYLE_COLOUR ( '', #5194 ) ;
#5218 = CARTESIAN_POINT ( 'NONE',  ( -7.899999999999983500, -2.000000000000060000, -5.900000000000009200 ) ) ;
#5219 = PLANE ( 'NONE',  #5215 ) ;
#5220 =( NAMED_UNIT ( * ) PLANE_ANGLE_UNIT ( ) SI_UNIT ( $, .RADIAN. ) );
#5221 =( LENGTH_UNIT ( ) NAMED_UNIT ( * ) SI_UNIT ( .MILLI., .METRE. ) );
#5222 =( NAMED_UNIT ( * ) SI_UNIT ( $, .STERADIAN. ) SOLID_ANGLE_UNIT ( ) );
#5223 = FACE_OUTER_BOUND ( 'NONE', #3524, .T. ) ;
#5224 = DIRECTION ( 'NONE',  ( 4.441713044927738400E-015, -0.6360782202777602900, 0.7716245833877231100 ) ) ;
#5225 = DIRECTION ( 'NONE',  ( 5.388228787842390300E-015, -0.7716245833877231100, -0.6360782202777602900 ) ) ;
#5226 = CARTESIAN_POINT ( 'NONE',  ( 7.300000000000030900, -3.231341738560028700, -25.29099999999998600 ) ) ;
#5227 = AXIS2_PLACEMENT_3D ( 'NONE', #5226, #5225, #5224 ) ;
#5228 = PRESENTATION_LAYER_ASSIGNMENT (  '', '', ( #5229 ) ) ;
#5229 = STYLED_ITEM ( 'NONE', ( #5230 ), #3523 ) ;
#5230 = PRESENTATION_STYLE_ASSIGNMENT (( #5231 ) ) ;
#5231 = SURFACE_STYLE_USAGE ( .BOTH. , #5232 ) ;
#5232 = SURFACE_SIDE_STYLE ('',( #5233 ) ) ;
#5233 = SURFACE_STYLE_FILL_AREA ( #5234 ) ;
#5234 = FILL_AREA_STYLE ('',( #5237 ) ) ;
#5235 = UNCERTAINTY_MEASURE_WITH_UNIT (LENGTH_MEASURE( 1.000000000000000100E-005 ), #5221, 'distance_accuracy_value', 'NONE');
#5236 = PLANE ( 'NONE',  #5227 ) ;
#5237 = FILL_AREA_STYLE_COLOUR ( '', #5238 ) ;
#5238 = COLOUR_RGB ( '',0.7529411764705882200, 0.7529411764705882200, 0.7529411764705882200 ) ;
#5239 =( GEOMETRIC_REPRESENTATION_CONTEXT ( 3 ) GLOBAL_UNCERTAINTY_ASSIGNED_CONTEXT ( ( #5235 ) ) GLOBAL_UNIT_ASSIGNED_CONTEXT ( ( #5221, #5220, #5222 ) ) REPRESENTATION_CONTEXT ( 'NONE', 'WORKASPACE' ) );
#5240 = MECHANICAL_DESIGN_GEOMETRIC_PRESENTATION_REPRESENTATION (  '', ( #5229 ), #5251 ) ;
#5241 = UNCERTAINTY_MEASURE_WITH_UNIT (LENGTH_MEASURE( 1.000000000000000100E-005 ), #5243, 'distance_accuracy_value', 'NONE');
#5242 =( NAMED_UNIT ( * ) PLANE_ANGLE_UNIT ( ) SI_UNIT ( $, .RADIAN. ) );
#5243 =( LENGTH_UNIT ( ) NAMED_UNIT ( * ) SI_UNIT ( .MILLI., .METRE. ) );
#5244 =( NAMED_UNIT ( * ) SI_UNIT ( $, .STERADIAN. ) SOLID_ANGLE_UNIT ( ) );
#5245 = DIRECTION ( 'NONE',  ( -0.1961161351381840700, -1.369472445360097200E-015, 0.9805806756909202200 ) ) ;
#5246 = PLANE ( 'NONE',  #5254 ) ;
#5247 = VECTOR ( 'NONE', #5259, 1000.000000000000000 ) ;
#5248 = CARTESIAN_POINT ( 'NONE',  ( -7.900000000000005700, -0.8500000000000616000, -5.900000000000009200 ) ) ;
#5249 = LINE ( 'NONE', #5248, #5247 ) ;
#5250 = CARTESIAN_POINT ( 'NONE',  ( -7.899999999999990600, -6.158268339717665200E-014, -5.900000000000007500 ) ) ;
#5251 =( GEOMETRIC_REPRESENTATION_CONTEXT ( 3 ) GLOBAL_UNCERTAINTY_ASSIGNED_CONTEXT ( ( #5241 ) ) GLOBAL_UNIT_ASSIGNED_CONTEXT ( ( #5243, #5242, #5244 ) ) REPRESENTATION_CONTEXT ( 'NONE', 'WORKASPACE' ) );
#5252 = DIRECTION ( 'NONE',  ( 0.9805806756909202200, 6.847362226800480100E-015, 0.1961161351381840700 ) ) ;
#5253 = CARTESIAN_POINT ( 'NONE',  ( 7.500000000000038200, -4.399999999999948800, -27.49999999999998600 ) ) ;
#5254 = AXIS2_PLACEMENT_3D ( 'NONE', #5253, #5252, #5245 ) ;
#5255 = DIRECTION ( 'NONE',  ( 0.4472135954999565400, 3.051229211544473900E-015, 0.8944271909999165200 ) ) ;
#5256 = VECTOR ( 'NONE', #5255, 1000.000000000000100 ) ;
#5257 = CARTESIAN_POINT ( 'NONE',  ( -7.488897274573420600, -5.854691731421723900E-014, -5.077794549146833700 ) ) ;
#5258 = LINE ( 'NONE', #5257, #5256 ) ;
#5259 = DIRECTION ( 'NONE',  ( -6.982966722218767300E-015, 1.000000000000000000, -2.859546749604347300E-031 ) ) ;
#5260 = FILL_AREA_STYLE_COLOUR ( '', #5294 ) ;
#5261 = LINE ( 'NONE', #5288, #5287 ) ;
#5262 = DIRECTION ( 'NONE',  ( -1.000000000000000000, -6.982966722218761000E-015, 4.930380657631323800E-032 ) ) ;
#5263 = DIRECTION ( 'NONE',  ( 4.930380657631506600E-032, -2.613027716722779400E-031, 1.000000000000000000 ) ) ;
#5264 = CARTESIAN_POINT ( 'NONE',  ( -7.099999999999957000, -6.500000000000055100, -20.69999999999998900 ) ) ;
#5265 = AXIS2_PLACEMENT_3D ( 'NONE', #5264, #5263, #5262 ) ;
#5266 = CARTESIAN_POINT ( 'NONE',  ( 7.300000000000022900, -2.999999999999951600, -26.49999999999998600 ) ) ;
#5267 = CARTESIAN_POINT ( 'NONE',  ( 7.300000000000013100, -0.5999999999999489100, -20.69999999999998900 ) ) ;
#5268 = DIRECTION ( 'NONE',  ( 1.000000000000000000, 6.982966722218761000E-015, -4.930380657631323800E-032 ) ) ;
#5269 = CARTESIAN_POINT ( 'NONE',  ( 7.300000000000013100, -0.5999999999999489100, -20.69999999999998900 ) ) ;
#5270 = LINE ( 'NONE', #5269, #5300 ) ;
#5271 =( LENGTH_UNIT ( ) NAMED_UNIT ( * ) SI_UNIT ( .MILLI., .METRE. ) );
#5272 = MECHANICAL_DESIGN_GEOMETRIC_PRESENTATION_REPRESENTATION (  '', ( #5274 ), #5305 ) ;
#5273 = PRESENTATION_LAYER_ASSIGNMENT (  '', '', ( #5274 ) ) ;
#5274 = STYLED_ITEM ( 'NONE', ( #5289 ), #3537 ) ;
#5275 = VECTOR ( 'NONE', #5277, 1000.000000000000000 ) ;
#5276 = LINE ( 'NONE', #5266, #5275 ) ;
#5277 = DIRECTION ( 'NONE',  ( 6.982966722218767300E-015, -1.000000000000000000, 2.859546749604347300E-031 ) ) ;
#5278 = UNCERTAINTY_MEASURE_WITH_UNIT (LENGTH_MEASURE( 1.000000000000000100E-005 ), #5342, 'distance_accuracy_value', 'NONE');
#5279 = DIRECTION ( 'NONE',  ( -4.441713044927736800E-015, 0.6360782202777600600, 0.7716245833877232200 ) ) ;
#5280 = VECTOR ( 'NONE', #5279, 1000.000000000000000 ) ;
#5281 = CARTESIAN_POINT ( 'NONE',  ( -5.899999999999990600, -2.761155288377291000, -25.28189816585586800 ) ) ;
#5282 = LINE ( 'NONE', #5281, #5280 ) ;
#5283 = CARTESIAN_POINT ( 'NONE',  ( -6.699999999999967300, -5.400000000000049200, -20.69999999999998900 ) ) ;
#5284 = CARTESIAN_POINT ( 'NONE',  ( -5.899999999999998600, -0.6000000000000440500, -20.69999999999998900 ) ) ;
#5285 = CARTESIAN_POINT ( 'NONE',  ( -6.699999999999993100, -0.6000000000000494900, -20.69999999999998900 ) ) ;
#5286 = DIRECTION ( 'NONE',  ( 1.000000000000000000, 6.982966722218761000E-015, -4.930380657631323800E-032 ) ) ;
#5287 = VECTOR ( 'NONE', #5286, 1000.000000000000000 ) ;
#5288 = CARTESIAN_POINT ( 'NONE',  ( -6.699999999999993100, -0.6000000000000494900, -20.69999999999998900 ) ) ;
#5289 = PRESENTATION_STYLE_ASSIGNMENT (( #5290 ) ) ;
#5290 = SURFACE_STYLE_USAGE ( .BOTH. , #5291 ) ;
#5291 = SURFACE_SIDE_STYLE ('',( #5292 ) ) ;
#5292 = SURFACE_STYLE_FILL_AREA ( #5293 ) ;
#5293 = FILL_AREA_STYLE ('',( #5260 ) ) ;
#5294 = COLOUR_RGB ( '',0.7529411764705882200, 0.7529411764705882200, 0.7529411764705882200 ) ;
#5295 = FACE_OUTER_BOUND ( 'NONE', #3491, .T. ) ;
#5296 = DIRECTION ( 'NONE',  ( 6.982966722218767300E-015, -1.000000000000000000, 2.859546749604347300E-031 ) ) ;
#5297 = VECTOR ( 'NONE', #5296, 1000.000000000000000 ) ;
#5298 = CARTESIAN_POINT ( 'NONE',  ( 7.300000000000038900, -5.399999999999948000, -20.69999999999998900 ) ) ;
#5299 = LINE ( 'NONE', #5298, #5297 ) ;
#5300 = VECTOR ( 'NONE', #5268, 1000.000000000000000 ) ;
#5301 = UNCERTAINTY_MEASURE_WITH_UNIT (LENGTH_MEASURE( 1.000000000000000100E-005 ), #5271, 'distance_accuracy_value', 'NONE');
#5302 =( NAMED_UNIT ( * ) SI_UNIT ( $, .STERADIAN. ) SOLID_ANGLE_UNIT ( ) );
#5303 =( NAMED_UNIT ( * ) PLANE_ANGLE_UNIT ( ) SI_UNIT ( $, .RADIAN. ) );
#5304 = PLANE ( 'NONE',  #5265 ) ;
#5305 =( GEOMETRIC_REPRESENTATION_CONTEXT ( 3 ) GLOBAL_UNCERTAINTY_ASSIGNED_CONTEXT ( ( #5301 ) ) GLOBAL_UNIT_ASSIGNED_CONTEXT ( ( #5271, #5303, #5302 ) ) REPRESENTATION_CONTEXT ( 'NONE', 'WORKASPACE' ) );
#5306 = CARTESIAN_POINT ( 'NONE',  ( 8.100000000000008500, -0.5999999999999434700, -20.69999999999998900 ) ) ;
#5307 = FILL_AREA_STYLE ('',( #5308 ) ) ;
#5308 = FILL_AREA_STYLE_COLOUR ( '', #5317 ) ;
#5309 = MECHANICAL_DESIGN_GEOMETRIC_PRESENTATION_REPRESENTATION (  '', ( #5311 ), #5359 ) ;
#5310 = PRESENTATION_LAYER_ASSIGNMENT (  '', '', ( #5311 ) ) ;
#5311 = STYLED_ITEM ( 'NONE', ( #5312 ), #3556 ) ;
#5312 = PRESENTATION_STYLE_ASSIGNMENT (( #5313 ) ) ;
#5313 = SURFACE_STYLE_USAGE ( .BOTH. , #5314 ) ;
#5314 = SURFACE_SIDE_STYLE ('',( #5315 ) ) ;
#5315 = SURFACE_STYLE_FILL_AREA ( #5349 ) ;
#5316 = COLOUR_RGB ( '',0.7529411764705882200, 0.7529411764705882200, 0.7529411764705882200 ) ;
#5317 = COLOUR_RGB ( '',0.7529411764705882200, 0.7529411764705882200, 0.7529411764705882200 ) ;
#5318 = SURFACE_SIDE_STYLE ('',( #5319 ) ) ;
#5319 = SURFACE_STYLE_FILL_AREA ( #5307 ) ;
#5320 = MECHANICAL_DESIGN_GEOMETRIC_PRESENTATION_REPRESENTATION (  '', ( #5351 ), #5334 ) ;
#5321 = DIRECTION ( 'NONE',  ( -2.465190328815480400E-032, -2.613027716722784600E-031, 1.000000000000000000 ) ) ;
#5322 = DIRECTION ( 'NONE',  ( 1.000000000000000000, 6.982966722218761000E-015, 2.465190328815663000E-032 ) ) ;
#5323 = CARTESIAN_POINT ( 'NONE',  ( -7.099999999999957000, -6.500000000000058600, -18.19999999999999200 ) ) ;
#5324 = AXIS2_PLACEMENT_3D ( 'NONE', #5323, #5322, #5321 ) ;
#5325 = LINE ( 'NONE', #5348, #5347 ) ;
#5326 = DIRECTION ( 'NONE',  ( 1.000000000000000000, 6.982966722218761000E-015, -4.930380657631323800E-032 ) ) ;
#5327 = PRESENTATION_STYLE_ASSIGNMENT (( #5328 ) ) ;
#5328 = SURFACE_STYLE_USAGE ( .BOTH. , #5318 ) ;
#5329 = CARTESIAN_POINT ( 'NONE',  ( -5.899999999999974600, -2.999854363543804900, -25.10017653391665600 ) ) ;
#5330 = CARTESIAN_POINT ( 'NONE',  ( -5.899999999999990600, -2.761155288377291000, -25.28189816585586800 ) ) ;
#5331 = AXIS2_PLACEMENT_3D ( 'NONE', #5329, #5326, #5343 ) ;
#5332 =( LENGTH_UNIT ( ) NAMED_UNIT ( * ) SI_UNIT ( .MILLI., .METRE. ) );
#5333 = PLANE ( 'NONE',  #5324 ) ;
#5334 =( GEOMETRIC_REPRESENTATION_CONTEXT ( 3 ) GLOBAL_UNCERTAINTY_ASSIGNED_CONTEXT ( ( #5335 ) ) GLOBAL_UNIT_ASSIGNED_CONTEXT ( ( #5332, #5337, #5336 ) ) REPRESENTATION_CONTEXT ( 'NONE', 'WORKASPACE' ) );
#5335 = UNCERTAINTY_MEASURE_WITH_UNIT (LENGTH_MEASURE( 1.000000000000000100E-005 ), #5332, 'distance_accuracy_value', 'NONE');
#5336 =( NAMED_UNIT ( * ) SI_UNIT ( $, .STERADIAN. ) SOLID_ANGLE_UNIT ( ) );
#5337 =( NAMED_UNIT ( * ) PLANE_ANGLE_UNIT ( ) SI_UNIT ( $, .RADIAN. ) );
#5338 = CIRCLE ( 'NONE', #5331, 0.2999999999999981600 ) ;
#5339 = FACE_OUTER_BOUND ( 'NONE', #3549, .T. ) ;
#5340 =( NAMED_UNIT ( * ) SI_UNIT ( $, .STERADIAN. ) SOLID_ANGLE_UNIT ( ) );
#5341 =( NAMED_UNIT ( * ) PLANE_ANGLE_UNIT ( ) SI_UNIT ( $, .RADIAN. ) );
#5342 =( LENGTH_UNIT ( ) NAMED_UNIT ( * ) SI_UNIT ( .MILLI., .METRE. ) );
#5343 = DIRECTION ( 'NONE',  ( 0.0000000000000000000, 0.0000000000000000000, 1.000000000000000000 ) ) ;
#5344 = FILL_AREA_STYLE_COLOUR ( '', #5316 ) ;
#5345 = FACE_OUTER_BOUND ( 'NONE', #3557, .T. ) ;
#5346 = DIRECTION ( 'NONE',  ( -2.465190328815480400E-032, -2.613027716722784600E-031, 1.000000000000000000 ) ) ;
#5347 = VECTOR ( 'NONE', #5346, 1000.000000000000000 ) ;
#5348 = CARTESIAN_POINT ( 'NONE',  ( -5.899999999999967500, -4.000000000000044400, -5.872243186433534500 ) ) ;
#5349 = FILL_AREA_STYLE ('',( #5344 ) ) ;
#5350 = PRESENTATION_LAYER_ASSIGNMENT (  '', '', ( #5351 ) ) ;
#5351 = STYLED_ITEM ( 'NONE', ( #5327 ), #3548 ) ;
#5352 = AXIS2_PLACEMENT_3D ( 'NONE', #5370, #5354, #5353 ) ;
#5353 = DIRECTION ( 'NONE',  ( -2.465190328815480400E-032, -2.613027716722784600E-031, 1.000000000000000000 ) ) ;
#5354 = DIRECTION ( 'NONE',  ( 1.000000000000000000, 6.982966722218761000E-015, 2.465190328815663000E-032 ) ) ;
#5355 =( GEOMETRIC_REPRESENTATION_CONTEXT ( 3 ) GLOBAL_UNCERTAINTY_ASSIGNED_CONTEXT ( ( #5356 ) ) GLOBAL_UNIT_ASSIGNED_CONTEXT ( ( #5385, #5358, #5357 ) ) REPRESENTATION_CONTEXT ( 'NONE', 'WORKASPACE' ) );
#5356 = UNCERTAINTY_MEASURE_WITH_UNIT (LENGTH_MEASURE( 1.000000000000000100E-005 ), #5385, 'distance_accuracy_value', 'NONE');
#5357 =( NAMED_UNIT ( * ) SI_UNIT ( $, .STERADIAN. ) SOLID_ANGLE_UNIT ( ) );
#5358 =( NAMED_UNIT ( * ) PLANE_ANGLE_UNIT ( ) SI_UNIT ( $, .RADIAN. ) );
#5359 =( GEOMETRIC_REPRESENTATION_CONTEXT ( 3 ) GLOBAL_UNCERTAINTY_ASSIGNED_CONTEXT ( ( #5278 ) ) GLOBAL_UNIT_ASSIGNED_CONTEXT ( ( #5342, #5341, #5340 ) ) REPRESENTATION_CONTEXT ( 'NONE', 'WORKASPACE' ) );
#5360 = SURFACE_SIDE_STYLE ('',( #5361 ) ) ;
#5361 = SURFACE_STYLE_FILL_AREA ( #5362 ) ;
#5362 = FILL_AREA_STYLE ('',( #5369 ) ) ;
#5363 = COLOUR_RGB ( '',0.7529411764705882200, 0.7529411764705882200, 0.7529411764705882200 ) ;
#5364 = FACE_BOUND ( 'NONE', #3409, .T. ) ;
#5365 = FACE_OUTER_BOUND ( 'NONE', #3562, .T. ) ;
#5366 = DIRECTION ( 'NONE',  ( -6.982966722218767300E-015, 1.000000000000000000, -2.859546749604347300E-031 ) ) ;
#5367 = VECTOR ( 'NONE', #5366, 1000.000000000000000 ) ;
#5368 = CARTESIAN_POINT ( 'NONE',  ( -5.899999999999963900, -6.500000000000042600, -20.69999999999998900 ) ) ;
#5369 = FILL_AREA_STYLE_COLOUR ( '', #5363 ) ;
#5370 = CARTESIAN_POINT ( 'NONE',  ( -7.899999999999983500, -2.000000000000060000, -2.408141571295806700 ) ) ;
#5371 = PLANE ( 'NONE',  #5352 ) ;
#5372 = VECTOR ( 'NONE', #5432, 1000.000000000000000 ) ;
#5373 = CARTESIAN_POINT ( 'NONE',  ( -5.899999999999963900, -6.500000000000042600, -20.69999999999998900 ) ) ;
#5374 = LINE ( 'NONE', #5373, #5372 ) ;
#5375 = DIRECTION ( 'NONE',  ( -2.465190328815480400E-032, -2.613027716722784600E-031, 1.000000000000000000 ) ) ;
#5376 = DIRECTION ( 'NONE',  ( 1.000000000000000000, 6.982966722218761000E-015, 2.465190328815663000E-032 ) ) ;
#5377 = CARTESIAN_POINT ( 'NONE',  ( -5.899999999999981700, -2.000000000000042600, -2.408141571295806700 ) ) ;
#5378 = AXIS2_PLACEMENT_3D ( 'NONE', #5377, #5376, #5375 ) ;
#5379 = PLANE ( 'NONE',  #5378 ) ;
#5380 = LINE ( 'NONE', #5368, #5367 ) ;
#5381 = DIRECTION ( 'NONE',  ( -0.4472135954999565400, -3.122877655099999600E-015, -0.8944271909999165200 ) ) ;
#5382 = VECTOR ( 'NONE', #5381, 1000.000000000000100 ) ;
#5383 = CARTESIAN_POINT ( 'NONE',  ( -7.488897274573378800, -4.000000000000058600, -5.077794549146831900 ) ) ;
#5384 = LINE ( 'NONE', #5383, #5382 ) ;
#5385 =( LENGTH_UNIT ( ) NAMED_UNIT ( * ) SI_UNIT ( .MILLI., .METRE. ) );
#5386 = MECHANICAL_DESIGN_GEOMETRIC_PRESENTATION_REPRESENTATION (  '', ( #5388 ), #5355 ) ;
#5387 = PRESENTATION_LAYER_ASSIGNMENT (  '', '', ( #5388 ) ) ;
#5388 = STYLED_ITEM ( 'NONE', ( #5389 ), #3561 ) ;
#5389 = PRESENTATION_STYLE_ASSIGNMENT (( #5390 ) ) ;
#5390 = SURFACE_STYLE_USAGE ( .BOTH. , #5360 ) ;
#5391 = DIRECTION ( 'NONE',  ( 1.000000000000000000, 6.982966722218761000E-015, -4.930380657631323800E-032 ) ) ;
#5392 = VECTOR ( 'NONE', #5391, 1000.000000000000000 ) ;
#5393 = CARTESIAN_POINT ( 'NONE',  ( -7.100000000000005900, 0.4999999999999410500, -20.69999999999998900 ) ) ;
#5394 = LINE ( 'NONE', #5393, #5392 ) ;
#5395 = CARTESIAN_POINT ( 'NONE',  ( -7.099999999999957000, -6.500000000000055100, -20.69999999999998900 ) ) ;
#5396 =( NAMED_UNIT ( * ) PLANE_ANGLE_UNIT ( ) SI_UNIT ( $, .RADIAN. ) );
#5397 =( LENGTH_UNIT ( ) NAMED_UNIT ( * ) SI_UNIT ( .MILLI., .METRE. ) );
#5398 = LINE ( 'NONE', #5451, #5446 ) ;
#5399 = UNCERTAINTY_MEASURE_WITH_UNIT (LENGTH_MEASURE( 1.000000000000000100E-005 ), #5397, 'distance_accuracy_value', 'NONE');
#5400 =( NAMED_UNIT ( * ) SI_UNIT ( $, .STERADIAN. ) SOLID_ANGLE_UNIT ( ) );
#5401 =( LENGTH_UNIT ( ) NAMED_UNIT ( * ) SI_UNIT ( .MILLI., .METRE. ) );
#5402 =( GEOMETRIC_REPRESENTATION_CONTEXT ( 3 ) GLOBAL_UNCERTAINTY_ASSIGNED_CONTEXT ( ( #5403 ) ) GLOBAL_UNIT_ASSIGNED_CONTEXT ( ( #5450, #5449, #5404 ) ) REPRESENTATION_CONTEXT ( 'NONE', 'WORKASPACE' ) );
#5403 = UNCERTAINTY_MEASURE_WITH_UNIT (LENGTH_MEASURE( 1.000000000000000100E-005 ), #5450, 'distance_accuracy_value', 'NONE');
#5404 =( NAMED_UNIT ( * ) SI_UNIT ( $, .STERADIAN. ) SOLID_ANGLE_UNIT ( ) );
#5405 = MECHANICAL_DESIGN_GEOMETRIC_PRESENTATION_REPRESENTATION (  '', ( #5407 ), #5453 ) ;
#5406 = PRESENTATION_LAYER_ASSIGNMENT (  '', '', ( #5407 ) ) ;
#5407 = STYLED_ITEM ( 'NONE', ( #5408 ), #3581 ) ;
#5408 = PRESENTATION_STYLE_ASSIGNMENT (( #5409 ) ) ;
#5409 = SURFACE_STYLE_USAGE ( .BOTH. , #5410 ) ;
#5410 = SURFACE_SIDE_STYLE ('',( #5411 ) ) ;
#5411 = SURFACE_STYLE_FILL_AREA ( #5412 ) ;
#5412 = FILL_AREA_STYLE ('',( #5423 ) ) ;
#5413 = COLOUR_RGB ( '',0.7529411764705882200, 0.7529411764705882200, 0.7529411764705882200 ) ;
#5414 = FACE_OUTER_BOUND ( 'NONE', #3187, .T. ) ;
#5415 = VECTOR ( 'NONE', #5424, 1000.000000000000000 ) ;
#5416 = CARTESIAN_POINT ( 'NONE',  ( -6.699999999999967300, -5.400000000000049200, -20.69999999999998900 ) ) ;
#5417 = LINE ( 'NONE', #5416, #5415 ) ;
#5418 = CARTESIAN_POINT ( 'NONE',  ( -5.899999999999998600, 0.4999999999999562000, -20.69999999999998900 ) ) ;
#5419 = DIRECTION ( 'NONE',  ( -2.465190328815480400E-032, -2.613027716722784600E-031, 1.000000000000000000 ) ) ;
#5420 = VECTOR ( 'NONE', #5419, 1000.000000000000000 ) ;
#5421 = CARTESIAN_POINT ( 'NONE',  ( 8.100000000000036900, -3.999999999999943600, -5.872243186433534500 ) ) ;
#5422 = LINE ( 'NONE', #5421, #5420 ) ;
#5423 = FILL_AREA_STYLE_COLOUR ( '', #5413 ) ;
#5424 = DIRECTION ( 'NONE',  ( 6.982966722218767300E-015, -1.000000000000000000, 2.859546749604347300E-031 ) ) ;
#5425 = CARTESIAN_POINT ( 'NONE',  ( -7.100000000000005900, 0.4999999999999410500, -20.69999999999998900 ) ) ;
#5426 = DIRECTION ( 'NONE',  ( -2.465190328815480400E-032, -2.613027716722784600E-031, 1.000000000000000000 ) ) ;
#5427 = DIRECTION ( 'NONE',  ( 1.000000000000000000, 6.982966722218761000E-015, 2.465190328815663000E-032 ) ) ;
#5428 = CARTESIAN_POINT ( 'NONE',  ( 6.100000000000022700, -1.999999999999959400, -2.408141571295806700 ) ) ;
#5429 = AXIS2_PLACEMENT_3D ( 'NONE', #5428, #5427, #5426 ) ;
#5430 = FACE_OUTER_BOUND ( 'NONE', #3586, .T. ) ;
#5431 = FILL_AREA_STYLE_COLOUR ( '', #5444 ) ;
#5432 = DIRECTION ( 'NONE',  ( -6.982966722218767300E-015, 1.000000000000000000, -2.859546749604347300E-031 ) ) ;
#5433 = DIRECTION ( 'NONE',  ( 1.000000000000000000, 6.982966722218761000E-015, -4.930380657631323800E-032 ) ) ;
#5434 = CARTESIAN_POINT ( 'NONE',  ( -5.899999999999963900, -6.500000000000042600, -20.69999999999998900 ) ) ;
#5435 = LINE ( 'NONE', #5448, #5445 ) ;
#5436 = MECHANICAL_DESIGN_GEOMETRIC_PRESENTATION_REPRESENTATION (  '', ( #5438 ), #5402 ) ;
#5437 = PRESENTATION_LAYER_ASSIGNMENT (  '', '', ( #5438 ) ) ;
#5438 = STYLED_ITEM ( 'NONE', ( #5439 ), #3585 ) ;
#5439 = PRESENTATION_STYLE_ASSIGNMENT (( #5440 ) ) ;
#5440 = SURFACE_STYLE_USAGE ( .BOTH. , #5441 ) ;
#5441 = SURFACE_SIDE_STYLE ('',( #5442 ) ) ;
#5442 = SURFACE_STYLE_FILL_AREA ( #5443 ) ;
#5443 = FILL_AREA_STYLE ('',( #5431 ) ) ;
#5444 = COLOUR_RGB ( '',0.7529411764705882200, 0.7529411764705882200, 0.7529411764705882200 ) ;
#5445 = VECTOR ( 'NONE', #5447, 1000.000000000000000 ) ;
#5446 = VECTOR ( 'NONE', #5433, 1000.000000000000000 ) ;
#5447 = DIRECTION ( 'NONE',  ( -6.982966722218767300E-015, 1.000000000000000000, -2.859546749604347300E-031 ) ) ;
#5448 = CARTESIAN_POINT ( 'NONE',  ( -7.099999999999957000, -6.500000000000055100, -20.69999999999998900 ) ) ;
#5449 =( NAMED_UNIT ( * ) PLANE_ANGLE_UNIT ( ) SI_UNIT ( $, .RADIAN. ) );
#5450 =( LENGTH_UNIT ( ) NAMED_UNIT ( * ) SI_UNIT ( .MILLI., .METRE. ) );
#5451 = CARTESIAN_POINT ( 'NONE',  ( -7.099999999999957000, -6.500000000000055100, -20.69999999999998900 ) ) ;
#5452 = PLANE ( 'NONE',  #5429 ) ;
#5453 =( GEOMETRIC_REPRESENTATION_CONTEXT ( 3 ) GLOBAL_UNCERTAINTY_ASSIGNED_CONTEXT ( ( #5399 ) ) GLOBAL_UNIT_ASSIGNED_CONTEXT ( ( #5397, #5396, #5400 ) ) REPRESENTATION_CONTEXT ( 'NONE', 'WORKASPACE' ) );
#5454 = MECHANICAL_DESIGN_GEOMETRIC_PRESENTATION_REPRESENTATION (  '', ( #5456 ), #5556 ) ;
#5455 = PRESENTATION_LAYER_ASSIGNMENT (  '', '', ( #5456 ) ) ;
#5456 = STYLED_ITEM ( 'NONE', ( #5457 ), #3594 ) ;
#5457 = PRESENTATION_STYLE_ASSIGNMENT (( #5458 ) ) ;
#5458 = SURFACE_STYLE_USAGE ( .BOTH. , #5459 ) ;
#5459 = SURFACE_SIDE_STYLE ('',( #5460 ) ) ;
#5460 = SURFACE_STYLE_FILL_AREA ( #5461 ) ;
#5461 = FILL_AREA_STYLE ('',( #5462 ) ) ;
#5462 = FILL_AREA_STYLE_COLOUR ( '', #5463 ) ;
#5463 = COLOUR_RGB ( '',0.7529411764705882200, 0.7529411764705882200, 0.7529411764705882200 ) ;
#5464 = FACE_OUTER_BOUND ( 'NONE', #3468, .T. ) ;
#5465 = DIRECTION ( 'NONE',  ( 4.930380657631506600E-032, -2.613027716722779400E-031, 1.000000000000000000 ) ) ;
#5466 = DIRECTION ( 'NONE',  ( -1.000000000000000000, -6.982966722218761000E-015, 4.930380657631323800E-032 ) ) ;
#5467 = PLANE ( 'NONE',  #5469 ) ;
#5468 = CARTESIAN_POINT ( 'NONE',  ( -5.899999999999987000, -3.150000000000044300, -4.400000000000001200 ) ) ;
#5469 = AXIS2_PLACEMENT_3D ( 'NONE', #5468, #5465, #5466 ) ;
#5470 = CARTESIAN_POINT ( 'NONE',  ( -7.150000000000004800, -0.8500000000000494900, -4.400000000000001200 ) ) ;
#5471 = CARTESIAN_POINT ( 'NONE',  ( -6.650000000000003900, -0.8500000000000529400, -4.400000000000001200 ) ) ;
#5472 = DIRECTION ( 'NONE',  ( -1.000000000000000000, -6.982966722218761000E-015, 4.930380657631323800E-032 ) ) ;
#5473 = VECTOR ( 'NONE', #5472, 1000.000000000000000 ) ;
#5474 = CARTESIAN_POINT ( 'NONE',  ( -5.900000000000003900, -0.8500000000000442800, -4.400000000000001200 ) ) ;
#5475 = LINE ( 'NONE', #5474, #5473 ) ;
#5476 = UNCERTAINTY_MEASURE_WITH_UNIT (LENGTH_MEASURE( 1.000000000000000100E-005 ), #5401, 'distance_accuracy_value', 'NONE');
#5477 = UNCERTAINTY_MEASURE_WITH_UNIT (LENGTH_MEASURE( 1.000000000000000100E-005 ), #5480, 'distance_accuracy_value', 'NONE');
#5478 =( NAMED_UNIT ( * ) SI_UNIT ( $, .STERADIAN. ) SOLID_ANGLE_UNIT ( ) );
#5479 =( NAMED_UNIT ( * ) PLANE_ANGLE_UNIT ( ) SI_UNIT ( $, .RADIAN. ) );
#5480 =( LENGTH_UNIT ( ) NAMED_UNIT ( * ) SI_UNIT ( .MILLI., .METRE. ) );
#5481 = MECHANICAL_DESIGN_GEOMETRIC_PRESENTATION_REPRESENTATION (  '', ( #5483 ), #5540 ) ;
#5482 = PRESENTATION_LAYER_ASSIGNMENT (  '', '', ( #5483 ) ) ;
#5483 = STYLED_ITEM ( 'NONE', ( #5484 ), #3602 ) ;
#5484 = PRESENTATION_STYLE_ASSIGNMENT (( #5485 ) ) ;
#5485 = SURFACE_STYLE_USAGE ( .BOTH. , #5486 ) ;
#5486 = SURFACE_SIDE_STYLE ('',( #5599 ) ) ;
#5487 =( NAMED_UNIT ( * ) PLANE_ANGLE_UNIT ( ) SI_UNIT ( $, .RADIAN. ) );
#5488 =( NAMED_UNIT ( * ) SI_UNIT ( $, .STERADIAN. ) SOLID_ANGLE_UNIT ( ) );
#5489 =( NAMED_UNIT ( * ) PLANE_ANGLE_UNIT ( ) SI_UNIT ( $, .RADIAN. ) );
#5490 =( LENGTH_UNIT ( ) NAMED_UNIT ( * ) SI_UNIT ( .MILLI., .METRE. ) );
#5491 = MECHANICAL_DESIGN_GEOMETRIC_PRESENTATION_REPRESENTATION (  '', ( #5620 ), #5527 ) ;
#5492 = UNCERTAINTY_MEASURE_WITH_UNIT (LENGTH_MEASURE( 1.000000000000000100E-005 ), #5495, 'distance_accuracy_value', 'NONE');
#5493 =( NAMED_UNIT ( * ) SI_UNIT ( $, .STERADIAN. ) SOLID_ANGLE_UNIT ( ) );
#5494 =( NAMED_UNIT ( * ) PLANE_ANGLE_UNIT ( ) SI_UNIT ( $, .RADIAN. ) );
#5495 =( LENGTH_UNIT ( ) NAMED_UNIT ( * ) SI_UNIT ( .MILLI., .METRE. ) );
#5496 = MECHANICAL_DESIGN_GEOMETRIC_PRESENTATION_REPRESENTATION (  '', ( #5498 ), #5646 ) ;
#5497 = PRESENTATION_LAYER_ASSIGNMENT (  '', '', ( #5498 ) ) ;
#5498 = STYLED_ITEM ( 'NONE', ( #5499 ), #3627 ) ;
#5499 = PRESENTATION_STYLE_ASSIGNMENT (( #5500 ) ) ;
#5500 = SURFACE_STYLE_USAGE ( .BOTH. , #5501 ) ;
#5501 = SURFACE_SIDE_STYLE ('',( #5502 ) ) ;
#5502 = SURFACE_STYLE_FILL_AREA ( #5509 ) ;
#5503 = COLOUR_RGB ( '',0.7529411764705882200, 0.7529411764705882200, 0.7529411764705882200 ) ;
#5504 = FACE_OUTER_BOUND ( 'NONE', #3745, .T. ) ;
#5505 = DIRECTION ( 'NONE',  ( -0.1961161351381840700, -1.369472445360097200E-015, 0.9805806756909202200 ) ) ;
#5506 = DIRECTION ( 'NONE',  ( 0.9805806756909202200, 6.847362226800480100E-015, 0.1961161351381840700 ) ) ;
#5507 = CARTESIAN_POINT ( 'NONE',  ( -6.499999999999968900, -4.400000000000050100, -27.49999999999998600 ) ) ;
#5508 = AXIS2_PLACEMENT_3D ( 'NONE', #5507, #5506, #5505 ) ;
#5509 = FILL_AREA_STYLE ('',( #5510 ) ) ;
#5510 = FILL_AREA_STYLE_COLOUR ( '', #5503 ) ;
#5511 = PLANE ( 'NONE',  #5508 ) ;
#5512 =( GEOMETRIC_REPRESENTATION_CONTEXT ( 3 ) GLOBAL_UNCERTAINTY_ASSIGNED_CONTEXT ( ( #5557 ) ) GLOBAL_UNIT_ASSIGNED_CONTEXT ( ( #5560, #5559, #5558 ) ) REPRESENTATION_CONTEXT ( 'NONE', 'WORKASPACE' ) );
#5513 = FILL_AREA_STYLE_COLOUR ( '', #5639 ) ;
#5514 = DIRECTION ( 'NONE',  ( 0.0000000000000000000, 0.0000000000000000000, 1.000000000000000000 ) ) ;
#5515 = DIRECTION ( 'NONE',  ( 1.000000000000000000, 6.982966722218761000E-015, -4.930380657631323800E-032 ) ) ;
#5516 = AXIS2_PLACEMENT_3D ( 'NONE', #5523, #5515, #5514 ) ;
#5517 = FACE_BOUND ( 'NONE', #3277, .T. ) ;
#5518 = FACE_OUTER_BOUND ( 'NONE', #3599, .T. ) ;
#5519 = AXIS2_PLACEMENT_3D ( 'NONE', #5629, #5628, #5627 ) ;
#5520 = PLANE ( 'NONE',  #5519 ) ;
#5521 =( GEOMETRIC_REPRESENTATION_CONTEXT ( 3 ) GLOBAL_UNCERTAINTY_ASSIGNED_CONTEXT ( ( #5589 ) ) GLOBAL_UNIT_ASSIGNED_CONTEXT ( ( #5579, #5591, #5590 ) ) REPRESENTATION_CONTEXT ( 'NONE', 'WORKASPACE' ) );
#5522 = CYLINDRICAL_SURFACE ( 'NONE', #5516, 1.350000000000000500 ) ;
#5523 = CARTESIAN_POINT ( 'NONE',  ( 7.300000000000022900, -2.999999999999948000, -23.44999999999999200 ) ) ;
#5524 = UNCERTAINTY_MEASURE_WITH_UNIT (LENGTH_MEASURE( 1.000000000000000100E-005 ), #5541, 'distance_accuracy_value', 'NONE');
#5525 =( NAMED_UNIT ( * ) SI_UNIT ( $, .STERADIAN. ) SOLID_ANGLE_UNIT ( ) );
#5526 =( NAMED_UNIT ( * ) PLANE_ANGLE_UNIT ( ) SI_UNIT ( $, .RADIAN. ) );
#5527 =( GEOMETRIC_REPRESENTATION_CONTEXT ( 3 ) GLOBAL_UNCERTAINTY_ASSIGNED_CONTEXT ( ( #5528 ) ) GLOBAL_UNIT_ASSIGNED_CONTEXT ( ( #5490, #5489, #5488 ) ) REPRESENTATION_CONTEXT ( 'NONE', 'WORKASPACE' ) );
#5528 = UNCERTAINTY_MEASURE_WITH_UNIT (LENGTH_MEASURE( 1.000000000000000100E-005 ), #5490, 'distance_accuracy_value', 'NONE');
#5529 = CARTESIAN_POINT ( 'NONE',  ( -6.699999999999985100, -2.761155288377296700, -25.28189816585586800 ) ) ;
#5530 = LINE ( 'NONE', #5529, #5618 ) ;
#5531 = DIRECTION ( 'NONE',  ( 1.000000000000000000, 6.982966722218761000E-015, -4.930380657631323800E-032 ) ) ;
#5532 = VECTOR ( 'NONE', #5531, 1000.000000000000000 ) ;
#5533 = CARTESIAN_POINT ( 'NONE',  ( -6.699999999999990400, -1.935988547152625900, -24.28089086419908700 ) ) ;
#5534 = DIRECTION ( 'NONE',  ( 4.441713044927738400E-015, -0.6360782202777602900, 0.7716245833877231100 ) ) ;
#5535 = DIRECTION ( 'NONE',  ( 5.388228787842390300E-015, -0.7716245833877231100, -0.6360782202777602900 ) ) ;
#5536 = CARTESIAN_POINT ( 'NONE',  ( -6.699999999999975300, -3.231341738560129100, -25.29099999999998600 ) ) ;
#5537 = AXIS2_PLACEMENT_3D ( 'NONE', #5536, #5535, #5534 ) ;
#5538 = LINE ( 'NONE', #5533, #5532 ) ;
#5539 = PLANE ( 'NONE',  #5537 ) ;
#5540 =( GEOMETRIC_REPRESENTATION_CONTEXT ( 3 ) GLOBAL_UNCERTAINTY_ASSIGNED_CONTEXT ( ( #5477 ) ) GLOBAL_UNIT_ASSIGNED_CONTEXT ( ( #5480, #5479, #5478 ) ) REPRESENTATION_CONTEXT ( 'NONE', 'WORKASPACE' ) );
#5541 =( LENGTH_UNIT ( ) NAMED_UNIT ( * ) SI_UNIT ( .MILLI., .METRE. ) );
#5542 = MECHANICAL_DESIGN_GEOMETRIC_PRESENTATION_REPRESENTATION (  '', ( #5544 ), #5791 ) ;
#5543 = PRESENTATION_LAYER_ASSIGNMENT (  '', '', ( #5544 ) ) ;
#5544 = STYLED_ITEM ( 'NONE', ( #5545 ), #3634 ) ;
#5545 = PRESENTATION_STYLE_ASSIGNMENT (( #5546 ) ) ;
#5546 = SURFACE_STYLE_USAGE ( .BOTH. , #5547 ) ;
#5547 = SURFACE_SIDE_STYLE ('',( #5548 ) ) ;
#5548 = SURFACE_STYLE_FILL_AREA ( #5549 ) ;
#5549 = FILL_AREA_STYLE ('',( #5555 ) ) ;
#5550 = COLOUR_RGB ( '',0.7529411764705882200, 0.7529411764705882200, 0.7529411764705882200 ) ;
#5551 = FACE_OUTER_BOUND ( 'NONE', #3840, .T. ) ;
#5552 = DIRECTION ( 'NONE',  ( -4.441713044927736800E-015, 0.6360782202777600600, 0.7716245833877232200 ) ) ;
#5553 = VECTOR ( 'NONE', #5552, 1000.000000000000000 ) ;
#5554 = CARTESIAN_POINT ( 'NONE',  ( 7.300000000000021100, -2.761155288377196400, -25.28189816585586800 ) ) ;
#5555 = FILL_AREA_STYLE_COLOUR ( '', #5550 ) ;
#5556 =( GEOMETRIC_REPRESENTATION_CONTEXT ( 3 ) GLOBAL_UNCERTAINTY_ASSIGNED_CONTEXT ( ( #5476 ) ) GLOBAL_UNIT_ASSIGNED_CONTEXT ( ( #5401, #5487, #5578 ) ) REPRESENTATION_CONTEXT ( 'NONE', 'WORKASPACE' ) );
#5557 = UNCERTAINTY_MEASURE_WITH_UNIT (LENGTH_MEASURE( 1.000000000000000100E-005 ), #5560, 'distance_accuracy_value', 'NONE');
#5558 =( NAMED_UNIT ( * ) SI_UNIT ( $, .STERADIAN. ) SOLID_ANGLE_UNIT ( ) );
#5559 =( NAMED_UNIT ( * ) PLANE_ANGLE_UNIT ( ) SI_UNIT ( $, .RADIAN. ) );
#5560 =( LENGTH_UNIT ( ) NAMED_UNIT ( * ) SI_UNIT ( .MILLI., .METRE. ) );
#5561 = MECHANICAL_DESIGN_GEOMETRIC_PRESENTATION_REPRESENTATION (  '', ( #5563 ), #5512 ) ;
#5562 = PRESENTATION_LAYER_ASSIGNMENT (  '', '', ( #5563 ) ) ;
#5563 = STYLED_ITEM ( 'NONE', ( #5564 ), #3624 ) ;
#5564 = PRESENTATION_STYLE_ASSIGNMENT (( #5565 ) ) ;
#5565 = SURFACE_STYLE_USAGE ( .BOTH. , #5566 ) ;
#5566 = SURFACE_SIDE_STYLE ('',( #5567 ) ) ;
#5567 = SURFACE_STYLE_FILL_AREA ( #5568 ) ;
#5568 = FILL_AREA_STYLE ('',( #5569 ) ) ;
#5569 = FILL_AREA_STYLE_COLOUR ( '', #5574 ) ;
#5570 = DIRECTION ( 'NONE',  ( 4.441713044927736800E-015, -0.6360782202777600600, -0.7716245833877231100 ) ) ;
#5571 = DIRECTION ( 'NONE',  ( -5.388228787842390300E-015, 0.7716245833877231100, -0.6360782202777600600 ) ) ;
#5572 = CARTESIAN_POINT ( 'NONE',  ( -6.699999999999985100, -2.761155288377296700, -25.28189816585586800 ) ) ;
#5573 = AXIS2_PLACEMENT_3D ( 'NONE', #5572, #5571, #5570 ) ;
#5574 = COLOUR_RGB ( '',0.7529411764705882200, 0.7529411764705882200, 0.7529411764705882200 ) ;
#5575 = FACE_OUTER_BOUND ( 'NONE', #3613, .T. ) ;
#5576 = PLANE ( 'NONE',  #5573 ) ;
#5577 =( GEOMETRIC_REPRESENTATION_CONTEXT ( 3 ) GLOBAL_UNCERTAINTY_ASSIGNED_CONTEXT ( ( #5581 ) ) GLOBAL_UNIT_ASSIGNED_CONTEXT ( ( #5584, #5583, #5582 ) ) REPRESENTATION_CONTEXT ( 'NONE', 'WORKASPACE' ) );
#5578 =( NAMED_UNIT ( * ) SI_UNIT ( $, .STERADIAN. ) SOLID_ANGLE_UNIT ( ) );
#5579 =( LENGTH_UNIT ( ) NAMED_UNIT ( * ) SI_UNIT ( .MILLI., .METRE. ) );
#5580 = MECHANICAL_DESIGN_GEOMETRIC_PRESENTATION_REPRESENTATION (  '', ( #5633 ), #5521 ) ;
#5581 = UNCERTAINTY_MEASURE_WITH_UNIT (LENGTH_MEASURE( 1.000000000000000100E-005 ), #5584, 'distance_accuracy_value', 'NONE');
#5582 =( NAMED_UNIT ( * ) SI_UNIT ( $, .STERADIAN. ) SOLID_ANGLE_UNIT ( ) );
#5583 =( NAMED_UNIT ( * ) PLANE_ANGLE_UNIT ( ) SI_UNIT ( $, .RADIAN. ) );
#5584 =( LENGTH_UNIT ( ) NAMED_UNIT ( * ) SI_UNIT ( .MILLI., .METRE. ) );
#5585 = MECHANICAL_DESIGN_GEOMETRIC_PRESENTATION_REPRESENTATION (  '', ( #5587 ), #5577 ) ;
#5586 = PRESENTATION_LAYER_ASSIGNMENT (  '', '', ( #5587 ) ) ;
#5587 = STYLED_ITEM ( 'NONE', ( #5588 ), #3621 ) ;
#5588 = PRESENTATION_STYLE_ASSIGNMENT (( #5608 ) ) ;
#5589 = UNCERTAINTY_MEASURE_WITH_UNIT (LENGTH_MEASURE( 1.000000000000000100E-005 ), #5579, 'distance_accuracy_value', 'NONE');
#5590 =( NAMED_UNIT ( * ) SI_UNIT ( $, .STERADIAN. ) SOLID_ANGLE_UNIT ( ) );
#5591 =( NAMED_UNIT ( * ) PLANE_ANGLE_UNIT ( ) SI_UNIT ( $, .RADIAN. ) );
#5592 = FILL_AREA_STYLE ('',( #5595 ) ) ;
#5593 = COLOUR_RGB ( '',0.7529411764705882200, 0.7529411764705882200, 0.7529411764705882200 ) ;
#5594 = FACE_OUTER_BOUND ( 'NONE', #3614, .T. ) ;
#5595 = FILL_AREA_STYLE_COLOUR ( '', #5593 ) ;
#5596 = DIRECTION ( 'NONE',  ( 1.000000000000000000, 6.982966722218761000E-015, -4.930380657631323800E-032 ) ) ;
#5597 = VECTOR ( 'NONE', #5596, 1000.000000000000000 ) ;
#5598 = CARTESIAN_POINT ( 'NONE',  ( -6.699999999999975300, -3.231341738560129100, -25.29099999999998600 ) ) ;
#5599 = SURFACE_STYLE_FILL_AREA ( #5592 ) ;
#5600 = DIRECTION ( 'NONE',  ( 4.937703122080894400E-015, -0.7071067811865484600, -0.7071067811865465700 ) ) ;
#5601 = DIRECTION ( 'NONE',  ( -4.937703122080882500E-015, 0.7071067811865465700, -0.7071067811865484600 ) ) ;
#5602 = CARTESIAN_POINT ( 'NONE',  ( -6.699999999999993100, -1.600000000000046900, -27.49999999999998600 ) ) ;
#5603 = AXIS2_PLACEMENT_3D ( 'NONE', #5602, #5601, #5600 ) ;
#5604 = PLANE ( 'NONE',  #5603 ) ;
#5605 = LINE ( 'NONE', #5598, #5597 ) ;
#5606 = COLOUR_RGB ( '',0.7529411764705882200, 0.7529411764705882200, 0.7529411764705882200 ) ;
#5607 = FACE_OUTER_BOUND ( 'NONE', #3770, .T. ) ;
#5608 = SURFACE_STYLE_USAGE ( .BOTH. , #5609 ) ;
#5609 = SURFACE_SIDE_STYLE ('',( #5610 ) ) ;
#5610 = SURFACE_STYLE_FILL_AREA ( #5611 ) ;
#5611 = FILL_AREA_STYLE ('',( #5615 ) ) ;
#5612 = DIRECTION ( 'NONE',  ( -1.068920550270719200E-030, 1.495451272393801800E-016, -1.000000000000000000 ) ) ;
#5613 = VECTOR ( 'NONE', #5612, 1000.000000000000000 ) ;
#5614 = CARTESIAN_POINT ( 'NONE',  ( -6.699999999999967300, -5.400000000000049200, -20.69999999999998900 ) ) ;
#5615 = FILL_AREA_STYLE_COLOUR ( '', #5606 ) ;
#5616 = LINE ( 'NONE', #5614, #5613 ) ;
#5617 = DIRECTION ( 'NONE',  ( 1.000000000000000000, 6.982966722218761000E-015, -4.930380657631323800E-032 ) ) ;
#5618 = VECTOR ( 'NONE', #5617, 1000.000000000000000 ) ;
#5619 = PRESENTATION_LAYER_ASSIGNMENT (  '', '', ( #5620 ) ) ;
#5620 = STYLED_ITEM ( 'NONE', ( #5621 ), #3600 ) ;
#5621 = PRESENTATION_STYLE_ASSIGNMENT (( #5622 ) ) ;
#5622 = SURFACE_STYLE_USAGE ( .BOTH. , #5623 ) ;
#5623 = SURFACE_SIDE_STYLE ('',( #5624 ) ) ;
#5624 = SURFACE_STYLE_FILL_AREA ( #5630 ) ;
#5625 = COLOUR_RGB ( '',0.7529411764705882200, 0.7529411764705882200, 0.7529411764705882200 ) ;
#5626 = FACE_OUTER_BOUND ( 'NONE', #3815, .T. ) ;
#5627 = DIRECTION ( 'NONE',  ( -2.465190328815480400E-032, -2.613027716722784600E-031, 1.000000000000000000 ) ) ;
#5628 = DIRECTION ( 'NONE',  ( 1.000000000000000000, 6.982966722218761000E-015, 2.465190328815663000E-032 ) ) ;
#5629 = CARTESIAN_POINT ( 'NONE',  ( 8.100000000000024500, -1.999999999999941800, -2.408141571295806700 ) ) ;
#5630 = FILL_AREA_STYLE ('',( #5631 ) ) ;
#5631 = FILL_AREA_STYLE_COLOUR ( '', #5625 ) ;
#5632 = PRESENTATION_LAYER_ASSIGNMENT (  '', '', ( #5633 ) ) ;
#5633 = STYLED_ITEM ( 'NONE', ( #5634 ), #3598 ) ;
#5634 = PRESENTATION_STYLE_ASSIGNMENT (( #5635 ) ) ;
#5635 = SURFACE_STYLE_USAGE ( .BOTH. , #5636 ) ;
#5636 = SURFACE_SIDE_STYLE ('',( #5637 ) ) ;
#5637 = SURFACE_STYLE_FILL_AREA ( #5638 ) ;
#5638 = FILL_AREA_STYLE ('',( #5513 ) ) ;
#5639 = COLOUR_RGB ( '',0.7529411764705882200, 0.7529411764705882200, 0.7529411764705882200 ) ;
#5640 = DIRECTION ( 'NONE',  ( -0.1961161351381807700, -1.369472445360073700E-015, -0.9805806756909207800 ) ) ;
#5641 = DIRECTION ( 'NONE',  ( -0.9805806756909207800, -6.847362226800487200E-015, 0.1961161351381807700 ) ) ;
#5642 = CARTESIAN_POINT ( 'NONE',  ( -5.899999999999995900, -2.000000000000039100, -26.49999999999996800 ) ) ;
#5643 = AXIS2_PLACEMENT_3D ( 'NONE', #5642, #5641, #5640 ) ;
#5644 = LINE ( 'NONE', #5554, #5553 ) ;
#5645 = PLANE ( 'NONE',  #5643 ) ;
#5646 =( GEOMETRIC_REPRESENTATION_CONTEXT ( 3 ) GLOBAL_UNCERTAINTY_ASSIGNED_CONTEXT ( ( #5492 ) ) GLOBAL_UNIT_ASSIGNED_CONTEXT ( ( #5495, #5494, #5493 ) ) REPRESENTATION_CONTEXT ( 'NONE', 'WORKASPACE' ) );
#5647 = DIRECTION ( 'NONE',  ( -5.100695019293002100E-031, 8.010539513610606700E-017, -1.000000000000000000 ) ) ;
#5648 =( NAMED_UNIT ( * ) PLANE_ANGLE_UNIT ( ) SI_UNIT ( $, .RADIAN. ) );
#5649 =( LENGTH_UNIT ( ) NAMED_UNIT ( * ) SI_UNIT ( .MILLI., .METRE. ) );
#5650 = MECHANICAL_DESIGN_GEOMETRIC_PRESENTATION_REPRESENTATION (  '', ( #5652 ), #5729 ) ;
#5651 = PRESENTATION_LAYER_ASSIGNMENT (  '', '', ( #5652 ) ) ;
#5652 = STYLED_ITEM ( 'NONE', ( #5653 ), #3433 ) ;
#5653 = PRESENTATION_STYLE_ASSIGNMENT (( #5686 ) ) ;
#5654 = CARTESIAN_POINT ( 'NONE',  ( -7.899999999999969300, -4.000000000000058600, -5.872243186433532700 ) ) ;
#5655 = CARTESIAN_POINT ( 'NONE',  ( -5.899999999999995900, -1.935988547152620600, -24.28089086419908700 ) ) ;
#5656 = MECHANICAL_DESIGN_GEOMETRIC_PRESENTATION_REPRESENTATION (  '', ( #5658 ), #5713 ) ;
#5657 = PRESENTATION_LAYER_ASSIGNMENT (  '', '', ( #5658 ) ) ;
#5658 = STYLED_ITEM ( 'NONE', ( #5659 ), #3425 ) ;
#5659 = PRESENTATION_STYLE_ASSIGNMENT (( #5660 ) ) ;
#5660 = SURFACE_STYLE_USAGE ( .BOTH. , #5661 ) ;
#5661 = SURFACE_SIDE_STYLE ('',( #5662 ) ) ;
#5662 = SURFACE_STYLE_FILL_AREA ( #5663 ) ;
#5663 = FILL_AREA_STYLE ('',( #5668 ) ) ;
#5664 = COLOUR_RGB ( '',0.7529411764705882200, 0.7529411764705882200, 0.7529411764705882200 ) ;
#5665 = FACE_OUTER_BOUND ( 'NONE', #3426, .T. ) ;
#5666 = CARTESIAN_POINT ( 'NONE',  ( -5.899999999999965700, -3.231341738560124200, -25.29099999999998600 ) ) ;
#5667 = LINE ( 'NONE', #5654, #5685 ) ;
#5668 = FILL_AREA_STYLE_COLOUR ( '', #5664 ) ;
#5669 = DIRECTION ( 'NONE',  ( -5.347214052174565600E-031, 8.010539513610601800E-017, -1.000000000000000000 ) ) ;
#5670 = DIRECTION ( 'NONE',  ( -6.982966722218767300E-015, 1.000000000000000000, 8.010539513610601800E-017 ) ) ;
#5671 = CARTESIAN_POINT ( 'NONE',  ( -5.899999999999988800, -4.423544863740858100E-014, -5.872243186433538000 ) ) ;
#5672 = AXIS2_PLACEMENT_3D ( 'NONE', #5671, #5670, #5669 ) ;
#5673 = VECTOR ( 'NONE', #5709, 1000.000000000000100 ) ;
#5674 = CARTESIAN_POINT ( 'NONE',  ( 8.100000000000017400, 5.637851296924623100E-014, -5.872243186433538000 ) ) ;
#5675 = VECTOR ( 'NONE', #5647, 1000.000000000000000 ) ;
#5676 = CARTESIAN_POINT ( 'NONE',  ( -7.899999999999990600, -6.158268339717665200E-014, -5.872243186433536300 ) ) ;
#5677 = LINE ( 'NONE', #5676, #5675 ) ;
#5678 = LINE ( 'NONE', #5674, #5681 ) ;
#5679 = UNCERTAINTY_MEASURE_WITH_UNIT (LENGTH_MEASURE( 1.000000000000000100E-005 ), #5683, 'distance_accuracy_value', 'NONE');
#5680 =( NAMED_UNIT ( * ) SI_UNIT ( $, .STERADIAN. ) SOLID_ANGLE_UNIT ( ) );
#5681 = VECTOR ( 'NONE', #5710, 1000.000000000000000 ) ;
#5682 =( NAMED_UNIT ( * ) PLANE_ANGLE_UNIT ( ) SI_UNIT ( $, .RADIAN. ) );
#5683 =( LENGTH_UNIT ( ) NAMED_UNIT ( * ) SI_UNIT ( .MILLI., .METRE. ) );
#5684 = DIRECTION ( 'NONE',  ( -2.465190328815480400E-032, -2.613027716722784600E-031, 1.000000000000000000 ) ) ;
#5685 = VECTOR ( 'NONE', #5684, 1000.000000000000000 ) ;
#5686 = SURFACE_STYLE_USAGE ( .BOTH. , #5687 ) ;
#5687 = SURFACE_SIDE_STYLE ('',( #5688 ) ) ;
#5688 = SURFACE_STYLE_FILL_AREA ( #5689 ) ;
#5689 = FILL_AREA_STYLE ('',( #5696 ) ) ;
#5690 = COLOUR_RGB ( '',0.7529411764705882200, 0.7529411764705882200, 0.7529411764705882200 ) ;
#5691 = FACE_OUTER_BOUND ( 'NONE', #3484, .T. ) ;
#5692 = DIRECTION ( 'NONE',  ( -2.465190328815480400E-032, -2.613027716722784600E-031, 1.000000000000000000 ) ) ;
#5693 = VECTOR ( 'NONE', #5692, 1000.000000000000000 ) ;
#5694 = CARTESIAN_POINT ( 'NONE',  ( -5.900000000000012800, 0.4999999999999527600, -16.69999999999999200 ) ) ;
#5695 = LINE ( 'NONE', #5694, #5693 ) ;
#5696 = FILL_AREA_STYLE_COLOUR ( '', #5690 ) ;
#5697 = LINE ( 'NONE', #5711, #5673 ) ;
#5698 =( NAMED_UNIT ( * ) PLANE_ANGLE_UNIT ( ) SI_UNIT ( $, .RADIAN. ) );
#5699 =( LENGTH_UNIT ( ) NAMED_UNIT ( * ) SI_UNIT ( .MILLI., .METRE. ) );
#5700 = MECHANICAL_DESIGN_GEOMETRIC_PRESENTATION_REPRESENTATION (  '', ( #5702 ), #5030 ) ;
#5701 = PRESENTATION_LAYER_ASSIGNMENT (  '', '', ( #5702 ) ) ;
#5702 = STYLED_ITEM ( 'NONE', ( #5703 ), #3442 ) ;
#5703 = PRESENTATION_STYLE_ASSIGNMENT (( #5704 ) ) ;
#5704 = SURFACE_STYLE_USAGE ( .BOTH. , #5705 ) ;
#5705 = SURFACE_SIDE_STYLE ('',( #5706 ) ) ;
#5706 = SURFACE_STYLE_FILL_AREA ( #5707 ) ;
#5707 = FILL_AREA_STYLE ('',( #5718 ) ) ;
#5708 = COLOUR_RGB ( '',0.7529411764705882200, 0.7529411764705882200, 0.7529411764705882200 ) ;
#5709 = DIRECTION ( 'NONE',  ( 0.4472135954999565400, 3.051229211544473900E-015, 0.8944271909999165200 ) ) ;
#5710 = DIRECTION ( 'NONE',  ( -5.100695019293002100E-031, 8.010539513610606700E-017, -1.000000000000000000 ) ) ;
#5711 = CARTESIAN_POINT ( 'NONE',  ( 6.511102725426585600, 4.206704429243757200E-014, -5.077794549146833700 ) ) ;
#5712 = PLANE ( 'NONE',  #5672 ) ;
#5713 =( GEOMETRIC_REPRESENTATION_CONTEXT ( 3 ) GLOBAL_UNCERTAINTY_ASSIGNED_CONTEXT ( ( #5679 ) ) GLOBAL_UNIT_ASSIGNED_CONTEXT ( ( #5683, #5682, #5680 ) ) REPRESENTATION_CONTEXT ( 'NONE', 'WORKASPACE' ) );
#5714 = FACE_OUTER_BOUND ( 'NONE', #3443, .T. ) ;
#5715 = DIRECTION ( 'NONE',  ( 1.000000000000000000, 6.982966722218761000E-015, -4.930380657631323800E-032 ) ) ;
#5716 = VECTOR ( 'NONE', #5715, 1000.000000000000000 ) ;
#5717 = CARTESIAN_POINT ( 'NONE',  ( 7.300000000000021100, -2.761155288377196400, -25.28189816585586800 ) ) ;
#5718 = FILL_AREA_STYLE_COLOUR ( '', #5708 ) ;
#5719 = LINE ( 'NONE', #5717, #5716 ) ;
#5720 = DIRECTION ( 'NONE',  ( 0.4472135954999565400, 3.194526098655524000E-015, -0.8944271909999165200 ) ) ;
#5721 = VECTOR ( 'NONE', #5720, 1000.000000000000100 ) ;
#5722 = CARTESIAN_POINT ( 'NONE',  ( -5.911102725426581600, -4.423544863740858100E-014, -5.877794549146832600 ) ) ;
#5723 = LINE ( 'NONE', #5722, #5721 ) ;
#5724 = DIRECTION ( 'NONE',  ( -2.465190328815480400E-032, -2.613027716722784600E-031, 1.000000000000000000 ) ) ;
#5725 = DIRECTION ( 'NONE',  ( 6.982966722218767300E-015, -1.000000000000000000, -2.613027716722782900E-031 ) ) ;
#5726 = CARTESIAN_POINT ( 'NONE',  ( -5.899999999999967500, -4.000000000000044400, -5.872243186433534500 ) ) ;
#5727 = AXIS2_PLACEMENT_3D ( 'NONE', #5726, #5725, #5724 ) ;
#5728 = PLANE ( 'NONE',  #5727 ) ;
#5729 =( GEOMETRIC_REPRESENTATION_CONTEXT ( 3 ) GLOBAL_UNCERTAINTY_ASSIGNED_CONTEXT ( ( #5730 ) ) GLOBAL_UNIT_ASSIGNED_CONTEXT ( ( #5649, #5648, #5731 ) ) REPRESENTATION_CONTEXT ( 'NONE', 'WORKASPACE' ) );
#5730 = UNCERTAINTY_MEASURE_WITH_UNIT (LENGTH_MEASURE( 1.000000000000000100E-005 ), #5649, 'distance_accuracy_value', 'NONE');
#5731 =( NAMED_UNIT ( * ) SI_UNIT ( $, .STERADIAN. ) SOLID_ANGLE_UNIT ( ) );
#5732 = SURFACE_STYLE_USAGE ( .BOTH. , #5733 ) ;
#5733 = SURFACE_SIDE_STYLE ('',( #5735 ) ) ;
#5734 = DIRECTION ( 'NONE',  ( -1.068920550270719200E-030, 1.495451272393801800E-016, -1.000000000000000000 ) ) ;
#5735 = SURFACE_STYLE_FILL_AREA ( #5736 ) ;
#5736 = FILL_AREA_STYLE ('',( #5801 ) ) ;
#5737 = AXIS2_PLACEMENT_3D ( 'NONE', #5848, #5864, #5824 ) ;
#5738 = DIRECTION ( 'NONE',  ( 1.000000000000000000, 6.982966722218762600E-015, -2.465190328815661900E-032 ) ) ;
#5739 = AXIS2_PLACEMENT_3D ( 'NONE', #5742, #5738, #5754 ) ;
#5740 = CYLINDRICAL_SURFACE ( 'NONE', #5739, 1.350000000000000500 ) ;
#5741 = CARTESIAN_POINT ( 'NONE',  ( 11.25000000000000400, 5.599999999999992500, -13.39999999999999300 ) ) ;
#5742 = CARTESIAN_POINT ( 'NONE',  ( 0.2999999999999806200, 3.000000000000000000, -23.44999999999999200 ) ) ;
#5743 =( GEOMETRIC_REPRESENTATION_CONTEXT ( 3 ) GLOBAL_UNCERTAINTY_ASSIGNED_CONTEXT ( ( #5866 ) ) GLOBAL_UNIT_ASSIGNED_CONTEXT ( ( #5869, #5868, #5867 ) ) REPRESENTATION_CONTEXT ( 'NONE', 'WORKASPACE' ) );
#5744 =( LENGTH_UNIT ( ) NAMED_UNIT ( * ) SI_UNIT ( .MILLI., .METRE. ) );
#5745 = PRESENTATION_STYLE_ASSIGNMENT (( #5732 ) ) ;
#5746 = VECTOR ( 'NONE', #5734, 1000.000000000000000 ) ;
#5747 = CARTESIAN_POINT ( 'NONE',  ( 7.300000000000022900, -2.999999999999948000, -22.09999999999999100 ) ) ;
#5748 = DIRECTION ( 'NONE',  ( 0.0000000000000000000, 0.0000000000000000000, 1.000000000000000000 ) ) ;
#5749 = DIRECTION ( 'NONE',  ( 1.000000000000000000, 6.982966722218761000E-015, -4.930380657631323800E-032 ) ) ;
#5750 = CARTESIAN_POINT ( 'NONE',  ( 7.300000000000022900, -2.999999999999948000, -23.44999999999999200 ) ) ;
#5751 = AXIS2_PLACEMENT_3D ( 'NONE', #5750, #5749, #5748 ) ;
#5752 = CIRCLE ( 'NONE', #5751, 1.350000000000000500 ) ;
#5753 = LINE ( 'NONE', #5747, #5817 ) ;
#5754 = DIRECTION ( 'NONE',  ( 0.0000000000000000000, 0.0000000000000000000, 1.000000000000000000 ) ) ;
#5755 = DIRECTION ( 'NONE',  ( 0.0000000000000000000, 0.0000000000000000000, 1.000000000000000000 ) ) ;
#5756 = DIRECTION ( 'NONE',  ( 1.000000000000000000, 6.982966722218761000E-015, -4.930380657631323800E-032 ) ) ;
#5757 = AXIS2_PLACEMENT_3D ( 'NONE', #5760, #5756, #5755 ) ;
#5758 = CYLINDRICAL_SURFACE ( 'NONE', #5757, 1.350000000000000500 ) ;
#5759 = CARTESIAN_POINT ( 'NONE',  ( 7.300000000000030000, -4.064011452847368300, -24.28089086419908700 ) ) ;
#5760 = CARTESIAN_POINT ( 'NONE',  ( 7.300000000000022900, -2.999999999999948000, -23.44999999999999200 ) ) ;
#5761 =( GEOMETRIC_REPRESENTATION_CONTEXT ( 3 ) GLOBAL_UNCERTAINTY_ASSIGNED_CONTEXT ( ( #5821 ) ) GLOBAL_UNIT_ASSIGNED_CONTEXT ( ( #5802, #5823, #5822 ) ) REPRESENTATION_CONTEXT ( 'NONE', 'WORKASPACE' ) );
#5762 =( LENGTH_UNIT ( ) NAMED_UNIT ( * ) SI_UNIT ( .MILLI., .METRE. ) );
#5763 = MECHANICAL_DESIGN_GEOMETRIC_PRESENTATION_REPRESENTATION (  '', ( #5765 ), #5863 ) ;
#5764 = PRESENTATION_LAYER_ASSIGNMENT (  '', '', ( #5765 ) ) ;
#5765 = STYLED_ITEM ( 'NONE', ( #5766 ), #3673 ) ;
#5766 = PRESENTATION_STYLE_ASSIGNMENT (( #5767 ) ) ;
#5767 = SURFACE_STYLE_USAGE ( .BOTH. , #5768 ) ;
#5768 = SURFACE_SIDE_STYLE ('',( #5769 ) ) ;
#5769 = SURFACE_STYLE_FILL_AREA ( #5770 ) ;
#5770 = FILL_AREA_STYLE ('',( #5778 ) ) ;
#5771 = COLOUR_RGB ( '',0.7529411764705882200, 0.7529411764705882200, 0.7529411764705882200 ) ;
#5772 = FACE_OUTER_BOUND ( 'NONE', #3631, .T. ) ;
#5773 = FACE_BOUND ( 'NONE', #3723, .T. ) ;
#5774 = DIRECTION ( 'NONE',  ( 1.044268646982562200E-030, -1.495451272393801300E-016, 1.000000000000000000 ) ) ;
#5775 = VECTOR ( 'NONE', #5774, 1000.000000000000000 ) ;
#5776 = CARTESIAN_POINT ( 'NONE',  ( 7.300000000000013100, -0.5999999999999489100, -20.69999999999998900 ) ) ;
#5777 = LINE ( 'NONE', #5776, #5775 ) ;
#5778 = FILL_AREA_STYLE_COLOUR ( '', #5771 ) ;
#5779 = COLOUR_RGB ( '',0.7529411764705882200, 0.7529411764705882200, 0.7529411764705882200 ) ;
#5780 = CARTESIAN_POINT ( 'NONE',  ( 7.300000000000038900, -5.399999999999948000, -20.69999999999998900 ) ) ;
#5781 = CARTESIAN_POINT ( 'NONE',  ( 8.100000000000010300, -1.935988547152520000, -24.28089086419908700 ) ) ;
#5782 = DIRECTION ( 'NONE',  ( 6.982966722218767300E-015, -1.000000000000000000, 2.859546749604347300E-031 ) ) ;
#5783 = VECTOR ( 'NONE', #5782, 1000.000000000000000 ) ;
#5784 = CARTESIAN_POINT ( 'NONE',  ( 7.900000000000035900, -4.399999999999945300, -27.49999999999998600 ) ) ;
#5785 = DIRECTION ( 'NONE',  ( 0.0000000000000000000, 0.0000000000000000000, 1.000000000000000000 ) ) ;
#5786 = DIRECTION ( 'NONE',  ( 1.000000000000000000, 6.982966722218761000E-015, -4.930380657631323800E-032 ) ) ;
#5787 = CARTESIAN_POINT ( 'NONE',  ( -5.899999999999988800, -3.000000000000043500, -23.44999999999999200 ) ) ;
#5788 = AXIS2_PLACEMENT_3D ( 'NONE', #5787, #5786, #5785 ) ;
#5789 = CIRCLE ( 'NONE', #5788, 1.350000000000000500 ) ;
#5790 = LINE ( 'NONE', #5784, #5783 ) ;
#5791 =( GEOMETRIC_REPRESENTATION_CONTEXT ( 3 ) GLOBAL_UNCERTAINTY_ASSIGNED_CONTEXT ( ( #5524 ) ) GLOBAL_UNIT_ASSIGNED_CONTEXT ( ( #5541, #5526, #5525 ) ) REPRESENTATION_CONTEXT ( 'NONE', 'WORKASPACE' ) );
#5792 = PLANE ( 'NONE',  #5846 ) ;
#5793 = CIRCLE ( 'NONE', #5843, 1.350000000000000500 ) ;
#5794 = CARTESIAN_POINT ( 'NONE',  ( 7.300000000000013100, -0.5999999999999489100, -20.69999999999998900 ) ) ;
#5795 =( GEOMETRIC_REPRESENTATION_CONTEXT ( 3 ) GLOBAL_UNCERTAINTY_ASSIGNED_CONTEXT ( ( #5872 ) ) GLOBAL_UNIT_ASSIGNED_CONTEXT ( ( #5744, #5820, #5819 ) ) REPRESENTATION_CONTEXT ( 'NONE', 'WORKASPACE' ) );
#5796 = PLANE ( 'NONE',  #5737 ) ;
#5797 = UNCERTAINTY_MEASURE_WITH_UNIT (LENGTH_MEASURE( 1.000000000000000100E-005 ), #5762, 'distance_accuracy_value', 'NONE');
#5798 =( NAMED_UNIT ( * ) SI_UNIT ( $, .STERADIAN. ) SOLID_ANGLE_UNIT ( ) );
#5799 =( NAMED_UNIT ( * ) PLANE_ANGLE_UNIT ( ) SI_UNIT ( $, .RADIAN. ) );
#5800 = LINE ( 'NONE', #5780, #5746 ) ;
#5801 = FILL_AREA_STYLE_COLOUR ( '', #5779 ) ;
#5802 =( LENGTH_UNIT ( ) NAMED_UNIT ( * ) SI_UNIT ( .MILLI., .METRE. ) );
#5803 = MECHANICAL_DESIGN_GEOMETRIC_PRESENTATION_REPRESENTATION (  '', ( #5805 ), #5761 ) ;
#5804 = PRESENTATION_LAYER_ASSIGNMENT (  '', '', ( #5805 ) ) ;
#5805 = STYLED_ITEM ( 'NONE', ( #5806 ), #3659 ) ;
#5806 = PRESENTATION_STYLE_ASSIGNMENT (( #5807 ) ) ;
#5807 = SURFACE_STYLE_USAGE ( .BOTH. , #5808 ) ;
#5808 = SURFACE_SIDE_STYLE ('',( #5809 ) ) ;
#5809 = SURFACE_STYLE_FILL_AREA ( #5810 ) ;
#5810 = FILL_AREA_STYLE ('',( #5811 ) ) ;
#5811 = FILL_AREA_STYLE_COLOUR ( '', #5812 ) ;
#5812 = COLOUR_RGB ( '',0.7529411764705882200, 0.7529411764705882200, 0.7529411764705882200 ) ;
#5813 = FACE_OUTER_BOUND ( 'NONE', #3651, .T. ) ;
#5814 = CARTESIAN_POINT ( 'NONE',  ( 7.300000000000022900, -2.999999999999945400, -22.09999999999999100 ) ) ;
#5815 = CARTESIAN_POINT ( 'NONE',  ( 8.100000000000017400, -2.999999999999945400, -22.09999999999999100 ) ) ;
#5816 = DIRECTION ( 'NONE',  ( 1.000000000000000000, 6.982966722218761000E-015, -4.930380657631323800E-032 ) ) ;
#5817 = VECTOR ( 'NONE', #5816, 1000.000000000000000 ) ;
#5818 = STYLED_ITEM ( 'NONE', ( #5745 ), #3640 ) ;
#5819 =( NAMED_UNIT ( * ) SI_UNIT ( $, .STERADIAN. ) SOLID_ANGLE_UNIT ( ) );
#5820 =( NAMED_UNIT ( * ) PLANE_ANGLE_UNIT ( ) SI_UNIT ( $, .RADIAN. ) );
#5821 = UNCERTAINTY_MEASURE_WITH_UNIT (LENGTH_MEASURE( 1.000000000000000100E-005 ), #5802, 'distance_accuracy_value', 'NONE');
#5822 =( NAMED_UNIT ( * ) SI_UNIT ( $, .STERADIAN. ) SOLID_ANGLE_UNIT ( ) );
#5823 =( NAMED_UNIT ( * ) PLANE_ANGLE_UNIT ( ) SI_UNIT ( $, .RADIAN. ) );
#5824 = DIRECTION ( 'NONE',  ( 1.068920550270719000E-030, -1.495451272393801800E-016, 1.000000000000000000 ) ) ;
#5825 = PRESENTATION_LAYER_ASSIGNMENT (  '', '', ( #5826 ) ) ;
#5826 = STYLED_ITEM ( 'NONE', ( #5827 ), #3649 ) ;
#5827 = PRESENTATION_STYLE_ASSIGNMENT (( #5828 ) ) ;
#5828 = SURFACE_STYLE_USAGE ( .BOTH. , #5829 ) ;
#5829 = SURFACE_SIDE_STYLE ('',( #5830 ) ) ;
#5830 = SURFACE_STYLE_FILL_AREA ( #5831 ) ;
#5831 = FILL_AREA_STYLE ('',( #5838 ) ) ;
#5832 = COLOUR_RGB ( '',0.7529411764705882200, 0.7529411764705882200, 0.7529411764705882200 ) ;
#5833 = FACE_OUTER_BOUND ( 'NONE', #3871, .T. ) ;
#5834 = DIRECTION ( 'NONE',  ( 1.000000000000000000, 6.982966722218761000E-015, -4.930380657631323800E-032 ) ) ;
#5835 = VECTOR ( 'NONE', #5834, 1000.000000000000000 ) ;
#5836 = CARTESIAN_POINT ( 'NONE',  ( 7.300000000000030000, -4.064011452847368300, -24.28089086419908700 ) ) ;
#5837 = LINE ( 'NONE', #5836, #5835 ) ;
#5838 = FILL_AREA_STYLE_COLOUR ( '', #5832 ) ;
#5839 = CARTESIAN_POINT ( 'NONE',  ( 8.100000000000026300, -4.064011452847362100, -24.28089086419908700 ) ) ;
#5840 = DIRECTION ( 'NONE',  ( 0.0000000000000000000, 0.0000000000000000000, 1.000000000000000000 ) ) ;
#5841 = DIRECTION ( 'NONE',  ( 1.000000000000000000, 6.982966722218761000E-015, -4.930380657631323800E-032 ) ) ;
#5842 = CARTESIAN_POINT ( 'NONE',  ( 8.100000000000017400, -2.999999999999942700, -23.44999999999999200 ) ) ;
#5843 = AXIS2_PLACEMENT_3D ( 'NONE', #5842, #5841, #5840 ) ;
#5844 = DIRECTION ( 'NONE',  ( -1.068920550270718300E-030, 1.495451272393800800E-016, -1.000000000000000000 ) ) ;
#5845 = DIRECTION ( 'NONE',  ( -6.982966722218764100E-015, 1.000000000000000000, 1.495451272393800800E-016 ) ) ;
#5846 = AXIS2_PLACEMENT_3D ( 'NONE', #5794, #5845, #5844 ) ;
#5847 = MECHANICAL_DESIGN_GEOMETRIC_PRESENTATION_REPRESENTATION (  '', ( #5818 ), #5795 ) ;
#5848 = CARTESIAN_POINT ( 'NONE',  ( 7.300000000000038900, -5.399999999999948000, -20.69999999999998900 ) ) ;
#5849 =( NAMED_UNIT ( * ) SI_UNIT ( $, .STERADIAN. ) SOLID_ANGLE_UNIT ( ) );
#5850 = PRESENTATION_STYLE_ASSIGNMENT (( #5851 ) ) ;
#5851 = SURFACE_STYLE_USAGE ( .BOTH. , #5852 ) ;
#5852 = SURFACE_SIDE_STYLE ('',( #5853 ) ) ;
#5853 = SURFACE_STYLE_FILL_AREA ( #5854 ) ;
#5854 = FILL_AREA_STYLE ('',( #5861 ) ) ;
#5855 = COLOUR_RGB ( '',0.2509803921568627400, 0.2509803921568627400, 0.2509803921568627400 ) ;
#5856 = DIRECTION ( 'NONE',  ( 2.465190328815480400E-032, 2.613027716722784600E-031, -1.000000000000000000 ) ) ;
#5857 = DIRECTION ( 'NONE',  ( -1.000000000000000000, -6.982966722218761000E-015, -2.465190328815663000E-032 ) ) ;
#5858 = CARTESIAN_POINT ( 'NONE',  ( 7.300000000000022900, -2.999999999999951600, -28.89999999999998800 ) ) ;
#5859 = AXIS2_PLACEMENT_3D ( 'NONE', #5858, #5857, #5856 ) ;
#5860 = FACE_OUTER_BOUND ( 'NONE', #3896, .T. ) ;
#5861 = FILL_AREA_STYLE_COLOUR ( '', #5855 ) ;
#5862 = PLANE ( 'NONE',  #5859 ) ;
#5863 =( GEOMETRIC_REPRESENTATION_CONTEXT ( 3 ) GLOBAL_UNCERTAINTY_ASSIGNED_CONTEXT ( ( #5797 ) ) GLOBAL_UNIT_ASSIGNED_CONTEXT ( ( #5762, #5799, #5798 ) ) REPRESENTATION_CONTEXT ( 'NONE', 'WORKASPACE' ) );
#5864 = DIRECTION ( 'NONE',  ( 6.982966722218767300E-015, -1.000000000000000000, -1.495451272393801800E-016 ) ) ;
#5865 = PRESENTATION_LAYER_ASSIGNMENT (  '', '', ( #5818 ) ) ;
#5866 = UNCERTAINTY_MEASURE_WITH_UNIT (LENGTH_MEASURE( 1.000000000000000100E-005 ), #5869, 'distance_accuracy_value', 'NONE');
#5867 =( NAMED_UNIT ( * ) SI_UNIT ( $, .STERADIAN. ) SOLID_ANGLE_UNIT ( ) );
#5868 =( NAMED_UNIT ( * ) PLANE_ANGLE_UNIT ( ) SI_UNIT ( $, .RADIAN. ) );
#5869 =( LENGTH_UNIT ( ) NAMED_UNIT ( * ) SI_UNIT ( .MILLI., .METRE. ) );
#5870 = MECHANICAL_DESIGN_GEOMETRIC_PRESENTATION_REPRESENTATION (  '', ( #5826 ), #5743 ) ;
#5871 = FACE_OUTER_BOUND ( 'NONE', #3667, .T. ) ;
#5872 = UNCERTAINTY_MEASURE_WITH_UNIT (LENGTH_MEASURE( 1.000000000000000100E-005 ), #5744, 'distance_accuracy_value', 'NONE');
#5873 = STYLED_ITEM ( 'NONE', ( #5850 ), #3674 ) ;
#5874 =( NAMED_UNIT ( * ) PLANE_ANGLE_UNIT ( ) SI_UNIT ( $, .RADIAN. ) );
#5875 =( LENGTH_UNIT ( ) NAMED_UNIT ( * ) SI_UNIT ( .MILLI., .METRE. ) );
#5876 = MECHANICAL_DESIGN_GEOMETRIC_PRESENTATION_REPRESENTATION (  '', ( #5873 ), #6805 ) ;
#5877 = PRESENTATION_LAYER_ASSIGNMENT (  '', '', ( #5873 ) ) ;
#5878 = MECHANICAL_DESIGN_GEOMETRIC_PRESENTATION_REPRESENTATION (  '', ( #5880 ), #5961 ) ;
#5879 = PRESENTATION_LAYER_ASSIGNMENT (  '', '', ( #5880 ) ) ;
#5880 = STYLED_ITEM ( 'NONE', ( #5881 ), #4587 ) ;
#5881 = PRESENTATION_STYLE_ASSIGNMENT (( #5882 ) ) ;
#5882 = SURFACE_STYLE_USAGE ( .BOTH. , #5883 ) ;
#5883 = SURFACE_SIDE_STYLE ('',( #5884 ) ) ;
#5884 = SURFACE_STYLE_FILL_AREA ( #5885 ) ;
#5885 = FILL_AREA_STYLE ('',( #5888 ) ) ;
#5886 = COLOUR_RGB ( '',0.2509803921568627400, 0.2509803921568627400, 0.2509803921568627400 ) ;
#5887 = FACE_OUTER_BOUND ( 'NONE', #4588, .T. ) ;
#5888 = FILL_AREA_STYLE_COLOUR ( '', #5886 ) ;
#5889 =( LENGTH_UNIT ( ) NAMED_UNIT ( * ) SI_UNIT ( .MILLI., .METRE. ) );
#5890 = UNCERTAINTY_MEASURE_WITH_UNIT (LENGTH_MEASURE( 1.000000000000000100E-005 ), #5893, 'distance_accuracy_value', 'NONE');
#5891 =( NAMED_UNIT ( * ) SI_UNIT ( $, .STERADIAN. ) SOLID_ANGLE_UNIT ( ) );
#5892 =( NAMED_UNIT ( * ) PLANE_ANGLE_UNIT ( ) SI_UNIT ( $, .RADIAN. ) );
#5893 =( LENGTH_UNIT ( ) NAMED_UNIT ( * ) SI_UNIT ( .MILLI., .METRE. ) );
#5894 = MECHANICAL_DESIGN_GEOMETRIC_PRESENTATION_REPRESENTATION (  '', ( #5896 ), #6107 ) ;
#5895 = PRESENTATION_LAYER_ASSIGNMENT (  '', '', ( #5896 ) ) ;
#5896 = STYLED_ITEM ( 'NONE', ( #5897 ), #4611 ) ;
#5897 = PRESENTATION_STYLE_ASSIGNMENT (( #5898 ) ) ;
#5898 = SURFACE_STYLE_USAGE ( .BOTH. , #5899 ) ;
#5899 = SURFACE_SIDE_STYLE ('',( #5900 ) ) ;
#5900 = SURFACE_STYLE_FILL_AREA ( #5901 ) ;
#5901 = FILL_AREA_STYLE ('',( #5908 ) ) ;
#5902 = COLOUR_RGB ( '',0.2509803921568627400, 0.2509803921568627400, 0.2509803921568627400 ) ;
#5903 = FACE_OUTER_BOUND ( 'NONE', #4643, .T. ) ;
#5904 = DIRECTION ( 'NONE',  ( 0.7071067811865419100, 0.7071067811865531200, -1.725633230170963800E-031 ) ) ;
#5905 = VECTOR ( 'NONE', #5904, 1000.000000000000200 ) ;
#5906 = CARTESIAN_POINT ( 'NONE',  ( -7.592893218813519400, 7.857106781186546500, -16.69999999999999200 ) ) ;
#5907 = LINE ( 'NONE', #5906, #5905 ) ;
#5908 = FILL_AREA_STYLE_COLOUR ( '', #5902 ) ;
#5909 = CARTESIAN_POINT ( 'NONE',  ( -11.85710678118655900, 3.592893218813443000, -0.4999999999999970000 ) ) ;
#5910 = DIRECTION ( 'NONE',  ( -0.7071067811865419100, -0.7071067811865531200, 1.232595164407831200E-031 ) ) ;
#5911 = VECTOR ( 'NONE', #5910, 1000.000000000000000 ) ;
#5912 = CARTESIAN_POINT ( 'NONE',  ( -11.85710678118655900, 3.592893218813443000, -0.4999999999999970000 ) ) ;
#5913 = LINE ( 'NONE', #5912, #5911 ) ;
#5914 = DIRECTION ( 'NONE',  ( -2.465190328815662400E-032, -1.483603526480291300E-031, 1.000000000000000000 ) ) ;
#5915 = VECTOR ( 'NONE', #5914, 1000.000000000000000 ) ;
#5916 = CARTESIAN_POINT ( 'NONE',  ( 10.15000000000000600, -8.149999999999996800, -2.999999999999999100 ) ) ;
#5917 = LINE ( 'NONE', #5916, #5915 ) ;
#5918 = DIRECTION ( 'NONE',  ( 1.000000000000000000, 0.0000000000000000000, 0.0000000000000000000 ) ) ;
#5919 = DIRECTION ( 'NONE',  ( -2.465190328815662400E-032, -1.483603526480291300E-031, 1.000000000000000000 ) ) ;
#5920 = AXIS2_PLACEMENT_3D ( 'NONE', #5922, #5919, #5918 ) ;
#5921 = CYLINDRICAL_SURFACE ( 'NONE', #5920, 2.000000000000000000 ) ;
#5922 = CARTESIAN_POINT ( 'NONE',  ( 10.15000000000000600, -6.149999999999995900, -2.999999999999999100 ) ) ;
#5923 =( GEOMETRIC_REPRESENTATION_CONTEXT ( 3 ) GLOBAL_UNCERTAINTY_ASSIGNED_CONTEXT ( ( #5924 ) ) GLOBAL_UNIT_ASSIGNED_CONTEXT ( ( #5927, #5926, #5925 ) ) REPRESENTATION_CONTEXT ( 'NONE', 'WORKASPACE' ) );
#5924 = UNCERTAINTY_MEASURE_WITH_UNIT (LENGTH_MEASURE( 1.000000000000000100E-005 ), #5927, 'distance_accuracy_value', 'NONE');
#5925 =( NAMED_UNIT ( * ) SI_UNIT ( $, .STERADIAN. ) SOLID_ANGLE_UNIT ( ) );
#5926 =( NAMED_UNIT ( * ) PLANE_ANGLE_UNIT ( ) SI_UNIT ( $, .RADIAN. ) );
#5927 =( LENGTH_UNIT ( ) NAMED_UNIT ( * ) SI_UNIT ( .MILLI., .METRE. ) );
#5928 = MECHANICAL_DESIGN_GEOMETRIC_PRESENTATION_REPRESENTATION (  '', ( #5930 ), #5923 ) ;
#5929 = PRESENTATION_LAYER_ASSIGNMENT (  '', '', ( #5930 ) ) ;
#5930 = STYLED_ITEM ( 'NONE', ( #5931 ), #4603 ) ;
#5931 = PRESENTATION_STYLE_ASSIGNMENT (( #5932 ) ) ;
#5932 = SURFACE_STYLE_USAGE ( .BOTH. , #5933 ) ;
#5933 = SURFACE_SIDE_STYLE ('',( #5934 ) ) ;
#5934 = SURFACE_STYLE_FILL_AREA ( #5935 ) ;
#5935 = FILL_AREA_STYLE ('',( #5942 ) ) ;
#5936 = COLOUR_RGB ( '',0.2509803921568627400, 0.2509803921568627400, 0.2509803921568627400 ) ;
#5937 = FACE_OUTER_BOUND ( 'NONE', #4602, .T. ) ;
#5938 = DIRECTION ( 'NONE',  ( -1.919836738009937400E-016, -1.000000000000000000, 1.578800087743108600E-031 ) ) ;
#5939 = VECTOR ( 'NONE', #5938, 1000.000000000000000 ) ;
#5940 = CARTESIAN_POINT ( 'NONE',  ( 12.15000000000000700, -6.149999999999995900, -16.69999999999998900 ) ) ;
#5941 = LINE ( 'NONE', #5940, #5939 ) ;
#5942 = FILL_AREA_STYLE_COLOUR ( '', #5936 ) ;
#5943 = DIRECTION ( 'NONE',  ( -2.465190328815663000E-032, -1.237084493598725400E-031, 1.000000000000000000 ) ) ;
#5944 = VECTOR ( 'NONE', #5943, 1000.000000000000000 ) ;
#5945 = CARTESIAN_POINT ( 'NONE',  ( 10.20000000000000100, -9.249999999999998200, -16.69999999999998900 ) ) ;
#5946 = LINE ( 'NONE', #5945, #5944 ) ;
#5947 = CARTESIAN_POINT ( 'NONE',  ( 10.20000000000000100, -9.250000000000001800, -10.54999999999994700 ) ) ;
#5948 = DIRECTION ( 'NONE',  ( 2.465190328815663000E-032, 1.237084493598725400E-031, -1.000000000000000000 ) ) ;
#5949 = VECTOR ( 'NONE', #5948, 1000.000000000000000 ) ;
#5950 = CARTESIAN_POINT ( 'NONE',  ( 11.25000000000003700, -9.060249099279264600, -16.69999999999998900 ) ) ;
#5951 = LINE ( 'NONE', #5950, #5949 ) ;
#5952 = DIRECTION ( 'NONE',  ( -2.465190328815662400E-032, -0.4138029443011834200, 0.9103664774626050200 ) ) ;
#5953 = VECTOR ( 'NONE', #5952, 1000.000000000000100 ) ;
#5954 = CARTESIAN_POINT ( 'NONE',  ( 7.850000000000003200, -6.924657534246564200, -15.66575342465752200 ) ) ;
#5955 = DIRECTION ( 'NONE',  ( -0.7071067811865419100, -0.7071067811865531200, 1.232595164407831200E-031 ) ) ;
#5956 = DIRECTION ( 'NONE',  ( -0.7071067811865531200, 0.7071067811865419100, -1.232595164407831800E-031 ) ) ;
#5957 = CARTESIAN_POINT ( 'NONE',  ( -11.85710678118655900, 3.592893218813443000, -2.999999999999999100 ) ) ;
#5958 = AXIS2_PLACEMENT_3D ( 'NONE', #5957, #5956, #5955 ) ;
#5959 = LINE ( 'NONE', #5954, #5953 ) ;
#5960 = PLANE ( 'NONE',  #5958 ) ;
#5961 =( GEOMETRIC_REPRESENTATION_CONTEXT ( 3 ) GLOBAL_UNCERTAINTY_ASSIGNED_CONTEXT ( ( #5962 ) ) GLOBAL_UNIT_ASSIGNED_CONTEXT ( ( #5889, #5964, #5963 ) ) REPRESENTATION_CONTEXT ( 'NONE', 'WORKASPACE' ) );
#5962 = UNCERTAINTY_MEASURE_WITH_UNIT (LENGTH_MEASURE( 1.000000000000000100E-005 ), #5889, 'distance_accuracy_value', 'NONE');
#5963 =( NAMED_UNIT ( * ) SI_UNIT ( $, .STERADIAN. ) SOLID_ANGLE_UNIT ( ) );
#5964 =( NAMED_UNIT ( * ) PLANE_ANGLE_UNIT ( ) SI_UNIT ( $, .RADIAN. ) );
#5965 = LINE ( 'NONE', #6137, #6136 ) ;
#5966 = CARTESIAN_POINT ( 'NONE',  ( -7.899999999999997700, -6.158268339717665200E-014, -16.69999999999999200 ) ) ;
#5967 = DIRECTION ( 'NONE',  ( 6.982966722218761000E-015, -1.000000000000000000, -1.483603526480289600E-031 ) ) ;
#5968 = VECTOR ( 'NONE', #5967, 1000.000000000000000 ) ;
#5969 = CARTESIAN_POINT ( 'NONE',  ( -7.899999999999954200, -6.249999999999982200, -16.69999999999999200 ) ) ;
#5970 = DIRECTION ( 'NONE',  ( -1.000000000000000000, 9.860761315262647600E-032, 2.465190328815661900E-032 ) ) ;
#5971 = DIRECTION ( 'NONE',  ( -2.465190328815661900E-032, 1.483603526480291100E-031, -1.000000000000000000 ) ) ;
#5972 = CARTESIAN_POINT ( 'NONE',  ( -10.19999999999999400, -6.249999999999998200, -16.69999999999999200 ) ) ;
#5973 = AXIS2_PLACEMENT_3D ( 'NONE', #5972, #5971, #5970 ) ;
#5974 = LINE ( 'NONE', #5969, #5968 ) ;
#5975 = PLANE ( 'NONE',  #5973 ) ;
#5976 =( GEOMETRIC_REPRESENTATION_CONTEXT ( 3 ) GLOBAL_UNCERTAINTY_ASSIGNED_CONTEXT ( ( #5977 ) ) GLOBAL_UNIT_ASSIGNED_CONTEXT ( ( #5980, #5979, #5978 ) ) REPRESENTATION_CONTEXT ( 'NONE', 'WORKASPACE' ) );
#5977 = UNCERTAINTY_MEASURE_WITH_UNIT (LENGTH_MEASURE( 1.000000000000000100E-005 ), #5980, 'distance_accuracy_value', 'NONE');
#5978 =( NAMED_UNIT ( * ) SI_UNIT ( $, .STERADIAN. ) SOLID_ANGLE_UNIT ( ) );
#5979 =( NAMED_UNIT ( * ) PLANE_ANGLE_UNIT ( ) SI_UNIT ( $, .RADIAN. ) );
#5980 =( LENGTH_UNIT ( ) NAMED_UNIT ( * ) SI_UNIT ( .MILLI., .METRE. ) );
#5981 = MECHANICAL_DESIGN_GEOMETRIC_PRESENTATION_REPRESENTATION (  '', ( #5983 ), #5976 ) ;
#5982 = PRESENTATION_LAYER_ASSIGNMENT (  '', '', ( #5983 ) ) ;
#5983 = STYLED_ITEM ( 'NONE', ( #5984 ), #4665 ) ;
#5984 = PRESENTATION_STYLE_ASSIGNMENT (( #5985 ) ) ;
#5985 = SURFACE_STYLE_USAGE ( .BOTH. , #5986 ) ;
#5986 = SURFACE_SIDE_STYLE ('',( #5987 ) ) ;
#5987 = SURFACE_STYLE_FILL_AREA ( #5988 ) ;
#5988 = FILL_AREA_STYLE ('',( #5989 ) ) ;
#5989 = FILL_AREA_STYLE_COLOUR ( '', #5990 ) ;
#5990 = COLOUR_RGB ( '',0.2509803921568627400, 0.2509803921568627400, 0.2509803921568627400 ) ;
#5991 = FACE_OUTER_BOUND ( 'NONE', #4752, .T. ) ;
#5992 = DIRECTION ( 'NONE',  ( 1.000000000000000000, 0.0000000000000000000, 0.0000000000000000000 ) ) ;
#5993 = DIRECTION ( 'NONE',  ( -2.465190328815663000E-032, -1.237084493598725400E-031, 1.000000000000000000 ) ) ;
#5994 = CARTESIAN_POINT ( 'NONE',  ( 10.20000000000000800, -6.250000000000001800, -16.69999999999998900 ) ) ;
#5995 = AXIS2_PLACEMENT_3D ( 'NONE', #5994, #5993, #5992 ) ;
#5996 = CARTESIAN_POINT ( 'NONE',  ( -11.85710678118655900, 3.592893218813443000, -16.69999999999999600 ) ) ;
#5997 = FACE_BOUND ( 'NONE', #4726, .T. ) ;
#5998 = FACE_BOUND ( 'NONE', #4654, .T. ) ;
#5999 = FACE_BOUND ( 'NONE', #4672, .T. ) ;
#6000 = CARTESIAN_POINT ( 'NONE',  ( 6.100000000000008500, -3.999999999999962700, -16.69999999999999200 ) ) ;
#6001 = DIRECTION ( 'NONE',  ( -1.000000000000000000, -6.982966722218761000E-015, 4.930380657631323800E-032 ) ) ;
#6002 = VECTOR ( 'NONE', #6001, 1000.000000000000000 ) ;
#6003 = CARTESIAN_POINT ( 'NONE',  ( 8.100000000000024500, -3.999999999999947200, -16.69999999999999200 ) ) ;
#6004 = LINE ( 'NONE', #6003, #6002 ) ;
#6005 = CARTESIAN_POINT ( 'NONE',  ( -0.8999999999999910300, -8.348356728138384100E-015, -16.69999999999999200 ) ) ;
#6006 = DIRECTION ( 'NONE',  ( -1.000000000000000000, -6.982966722218762600E-015, 2.465190328815661900E-032 ) ) ;
#6007 = PRESENTATION_STYLE_ASSIGNMENT (( #6008 ) ) ;
#6008 = SURFACE_STYLE_USAGE ( .BOTH. , #6009 ) ;
#6009 = SURFACE_SIDE_STYLE ('',( #6010 ) ) ;
#6010 = SURFACE_STYLE_FILL_AREA ( #6017 ) ;
#6011 = COLOUR_RGB ( '',0.2509803921568627400, 0.2509803921568627400, 0.2509803921568627400 ) ;
#6012 = FACE_OUTER_BOUND ( 'NONE', #4696, .T. ) ;
#6013 = DIRECTION ( 'NONE',  ( -1.000000000000000000, 2.065146995210483500E-016, 0.0000000000000000000 ) ) ;
#6014 = DIRECTION ( 'NONE',  ( 2.065146995210483500E-016, 1.000000000000000000, -1.604664152062467600E-031 ) ) ;
#6015 = CARTESIAN_POINT ( 'NONE',  ( 2.100000000000004500, -1.999999999999998200, -19.99999999999999300 ) ) ;
#6016 = AXIS2_PLACEMENT_3D ( 'NONE', #6015, #6014, #6013 ) ;
#6017 = FILL_AREA_STYLE ('',( #6018 ) ) ;
#6018 = FILL_AREA_STYLE_COLOUR ( '', #6011 ) ;
#6019 = PLANE ( 'NONE',  #6016 ) ;
#6020 =( GEOMETRIC_REPRESENTATION_CONTEXT ( 3 ) GLOBAL_UNCERTAINTY_ASSIGNED_CONTEXT ( ( #6021 ) ) GLOBAL_UNIT_ASSIGNED_CONTEXT ( ( #6024, #6023, #6022 ) ) REPRESENTATION_CONTEXT ( 'NONE', 'WORKASPACE' ) );
#6021 = UNCERTAINTY_MEASURE_WITH_UNIT (LENGTH_MEASURE( 1.000000000000000100E-005 ), #6024, 'distance_accuracy_value', 'NONE');
#6022 =( NAMED_UNIT ( * ) SI_UNIT ( $, .STERADIAN. ) SOLID_ANGLE_UNIT ( ) );
#6023 =( NAMED_UNIT ( * ) PLANE_ANGLE_UNIT ( ) SI_UNIT ( $, .RADIAN. ) );
#6024 =( LENGTH_UNIT ( ) NAMED_UNIT ( * ) SI_UNIT ( .MILLI., .METRE. ) );
#6025 = MECHANICAL_DESIGN_GEOMETRIC_PRESENTATION_REPRESENTATION (  '', ( #6027 ), #6020 ) ;
#6026 = PRESENTATION_LAYER_ASSIGNMENT (  '', '', ( #6027 ) ) ;
#6027 = STYLED_ITEM ( 'NONE', ( #6028 ), #4688 ) ;
#6028 = PRESENTATION_STYLE_ASSIGNMENT (( #6029 ) ) ;
#6029 = SURFACE_STYLE_USAGE ( .BOTH. , #6030 ) ;
#6030 = SURFACE_SIDE_STYLE ('',( #6031 ) ) ;
#6031 = SURFACE_STYLE_FILL_AREA ( #6032 ) ;
#6032 = FILL_AREA_STYLE ('',( #6033 ) ) ;
#6033 = FILL_AREA_STYLE_COLOUR ( '', #6034 ) ;
#6034 = COLOUR_RGB ( '',0.2509803921568627400, 0.2509803921568627400, 0.2509803921568627400 ) ;
#6035 = FACE_OUTER_BOUND ( 'NONE', #4689, .T. ) ;
#6036 = CARTESIAN_POINT ( 'NONE',  ( 2.100000000000004500, -1.999999999999998200, -19.99999999999999300 ) ) ;
#6037 = DIRECTION ( 'NONE',  ( 1.000000000000000000, -9.860761315262647600E-032, -2.465190328815661900E-032 ) ) ;
#6038 = VECTOR ( 'NONE', #6037, 1000.000000000000000 ) ;
#6039 = CARTESIAN_POINT ( 'NONE',  ( 2.100000000000004500, 7.999999999999996400, -19.99999999999999300 ) ) ;
#6040 = LINE ( 'NONE', #6039, #6038 ) ;
#6041 = CARTESIAN_POINT ( 'NONE',  ( -2.099999999999990800, 7.999999999999996400, -19.99999999999999300 ) ) ;
#6042 = DIRECTION ( 'NONE',  ( -2.465190328815662400E-032, -1.483603526480291300E-031, 1.000000000000000000 ) ) ;
#6043 = VECTOR ( 'NONE', #6042, 1000.000000000000000 ) ;
#6044 = CARTESIAN_POINT ( 'NONE',  ( 2.100000000000004500, -1.999999999999998200, -19.99999999999999300 ) ) ;
#6045 = LINE ( 'NONE', #6044, #6043 ) ;
#6046 = CARTESIAN_POINT ( 'NONE',  ( -2.099999999999997900, -2.000000000000001800, -19.99999999999999300 ) ) ;
#6047 = DIRECTION ( 'NONE',  ( -2.465190328815662400E-032, -1.483603526480291300E-031, 1.000000000000000000 ) ) ;
#6048 = VECTOR ( 'NONE', #6047, 1000.000000000000000 ) ;
#6049 = CARTESIAN_POINT ( 'NONE',  ( -2.099999999999997900, -2.000000000000001800, -19.99999999999999300 ) ) ;
#6050 = LINE ( 'NONE', #6049, #6048 ) ;
#6051 = DIRECTION ( 'NONE',  ( 1.000000000000000000, -1.734723475976778100E-014, 0.0000000000000000000 ) ) ;
#6052 = DIRECTION ( 'NONE',  ( -1.734723475976778100E-014, -1.000000000000000000, 1.545415727238401100E-031 ) ) ;
#6053 = CARTESIAN_POINT ( 'NONE',  ( 7.650000000000011000, 8.599999999999987200, -16.69999999999999600 ) ) ;
#6054 = AXIS2_PLACEMENT_3D ( 'NONE', #6053, #6052, #6051 ) ;
#6055 = PLANE ( 'NONE',  #6054 ) ;
#6056 = VECTOR ( 'NONE', #6006, 1000.000000000000000 ) ;
#6057 = CARTESIAN_POINT ( 'NONE',  ( 1.100000000000003600, 6.071532165918824800E-015, -16.69999999999999200 ) ) ;
#6058 = LINE ( 'NONE', #6057, #6056 ) ;
#6059 = CARTESIAN_POINT ( 'NONE',  ( 1.100000000000010700, -8.673617379884035500E-016, -16.69999999999999200 ) ) ;
#6060 = CARTESIAN_POINT ( 'NONE',  ( 1.100000000000010700, 4.000000000000000000, -16.69999999999999200 ) ) ;
#6061 = DIRECTION ( 'NONE',  ( 6.982966722218762600E-015, -1.000000000000000000, -1.483603526480289600E-031 ) ) ;
#6062 = VECTOR ( 'NONE', #6061, 1000.000000000000000 ) ;
#6063 = CARTESIAN_POINT ( 'NONE',  ( 1.100000000000047200, -6.249999999999920100, -16.69999999999999200 ) ) ;
#6064 = LINE ( 'NONE', #6063, #6062 ) ;
#6065 = DIRECTION ( 'NONE',  ( -1.000000000000000000, -6.982966722218761000E-015, 4.930380657631323800E-032 ) ) ;
#6066 = VECTOR ( 'NONE', #6065, 1000.000000000000000 ) ;
#6067 = CARTESIAN_POINT ( 'NONE',  ( -5.899999999999995900, -4.770489558936219500E-014, -16.69999999999999200 ) ) ;
#6068 = LINE ( 'NONE', #6067, #6066 ) ;
#6069 = CARTESIAN_POINT ( 'NONE',  ( 8.100000000000003200, -3.999999999999948900, -16.69999999999999200 ) ) ;
#6070 = CARTESIAN_POINT ( 'NONE',  ( 8.100000000000003200, 4.597017211338538800E-014, -16.69999999999999200 ) ) ;
#6071 = DIRECTION ( 'NONE',  ( 6.982966722218761000E-015, -1.000000000000000000, -1.483603526480289600E-031 ) ) ;
#6072 = VECTOR ( 'NONE', #6071, 1000.000000000000000 ) ;
#6073 = CARTESIAN_POINT ( 'NONE',  ( 8.100000000000054700, -6.249999999999871200, -16.69999999999999200 ) ) ;
#6074 = LINE ( 'NONE', #6073, #6072 ) ;
#6075 = DIRECTION ( 'NONE',  ( 0.0000000000000000000, 5.256737805990326000E-016, -1.000000000000000000 ) ) ;
#6076 = VECTOR ( 'NONE', #6075, 1000.000000000000000 ) ;
#6077 = CARTESIAN_POINT ( 'NONE',  ( -3.649999999999993700, 9.599999999999997900, -6.299999999999996300 ) ) ;
#6078 = LINE ( 'NONE', #6077, #6076 ) ;
#6079 = DIRECTION ( 'NONE',  ( -1.919836738009940300E-016, 1.000000000000000000, -1.388406965217473600E-031 ) ) ;
#6080 = VECTOR ( 'NONE', #6079, 1000.000000000000000 ) ;
#6081 = CARTESIAN_POINT ( 'NONE',  ( -12.15000000000000000, 2.885786437626897800, -16.69999999999999600 ) ) ;
#6082 = LINE ( 'NONE', #6081, #6080 ) ;
#6083 = CARTESIAN_POINT ( 'NONE',  ( 7.850000000000003200, -9.250000000000001800, -10.54999999999995800 ) ) ;
#6084 = DIRECTION ( 'NONE',  ( -1.000000000000000000, 7.381802025433222300E-016, 2.465190328815661900E-032 ) ) ;
#6085 = DIRECTION ( 'NONE',  ( 7.381802025433222300E-016, 1.000000000000000000, -1.564910119985413600E-031 ) ) ;
#6086 = CARTESIAN_POINT ( 'NONE',  ( 10.20000000000000100, -9.249999999999998200, -16.69999999999998900 ) ) ;
#6087 = AXIS2_PLACEMENT_3D ( 'NONE', #6086, #6085, #6084 ) ;
#6088 = PLANE ( 'NONE',  #6087 ) ;
#6089 =( GEOMETRIC_REPRESENTATION_CONTEXT ( 3 ) GLOBAL_UNCERTAINTY_ASSIGNED_CONTEXT ( ( #6090 ) ) GLOBAL_UNIT_ASSIGNED_CONTEXT ( ( #6093, #6092, #6091 ) ) REPRESENTATION_CONTEXT ( 'NONE', 'WORKASPACE' ) );
#6090 = UNCERTAINTY_MEASURE_WITH_UNIT (LENGTH_MEASURE( 1.000000000000000100E-005 ), #6093, 'distance_accuracy_value', 'NONE');
#6091 =( NAMED_UNIT ( * ) SI_UNIT ( $, .STERADIAN. ) SOLID_ANGLE_UNIT ( ) );
#6092 =( NAMED_UNIT ( * ) PLANE_ANGLE_UNIT ( ) SI_UNIT ( $, .RADIAN. ) );
#6093 =( LENGTH_UNIT ( ) NAMED_UNIT ( * ) SI_UNIT ( .MILLI., .METRE. ) );
#6094 = MECHANICAL_DESIGN_GEOMETRIC_PRESENTATION_REPRESENTATION (  '', ( #6096 ), #6089 ) ;
#6095 = PRESENTATION_LAYER_ASSIGNMENT (  '', '', ( #6096 ) ) ;
#6096 = STYLED_ITEM ( 'NONE', ( #6097 ), #4638 ) ;
#6097 = PRESENTATION_STYLE_ASSIGNMENT (( #6098 ) ) ;
#6098 = SURFACE_STYLE_USAGE ( .BOTH. , #6099 ) ;
#6099 = SURFACE_SIDE_STYLE ('',( #6100 ) ) ;
#6100 = SURFACE_STYLE_FILL_AREA ( #6101 ) ;
#6101 = FILL_AREA_STYLE ('',( #6164 ) ) ;
#6102 = COLOUR_RGB ( '',0.2509803921568627400, 0.2509803921568627400, 0.2509803921568627400 ) ;
#6103 = FACE_OUTER_BOUND ( 'NONE', #4639, .T. ) ;
#6104 = DIRECTION ( 'NONE',  ( -2.465190328815662400E-032, -1.483603526480291300E-031, 1.000000000000000000 ) ) ;
#6105 = VECTOR ( 'NONE', #6104, 1000.000000000000000 ) ;
#6106 = CYLINDRICAL_SURFACE ( 'NONE', #5995, 2.999999999999999100 ) ;
#6107 =( GEOMETRIC_REPRESENTATION_CONTEXT ( 3 ) GLOBAL_UNCERTAINTY_ASSIGNED_CONTEXT ( ( #5890 ) ) GLOBAL_UNIT_ASSIGNED_CONTEXT ( ( #5893, #5892, #5891 ) ) REPRESENTATION_CONTEXT ( 'NONE', 'WORKASPACE' ) );
#6108 =( GEOMETRIC_REPRESENTATION_CONTEXT ( 3 ) GLOBAL_UNCERTAINTY_ASSIGNED_CONTEXT ( ( #6109 ) ) GLOBAL_UNIT_ASSIGNED_CONTEXT ( ( #6112, #6111, #6110 ) ) REPRESENTATION_CONTEXT ( 'NONE', 'WORKASPACE' ) );
#6109 = UNCERTAINTY_MEASURE_WITH_UNIT (LENGTH_MEASURE( 1.000000000000000100E-005 ), #6112, 'distance_accuracy_value', 'NONE');
#6110 =( NAMED_UNIT ( * ) SI_UNIT ( $, .STERADIAN. ) SOLID_ANGLE_UNIT ( ) );
#6111 =( NAMED_UNIT ( * ) PLANE_ANGLE_UNIT ( ) SI_UNIT ( $, .RADIAN. ) );
#6112 =( LENGTH_UNIT ( ) NAMED_UNIT ( * ) SI_UNIT ( .MILLI., .METRE. ) );
#6113 = MECHANICAL_DESIGN_GEOMETRIC_PRESENTATION_REPRESENTATION (  '', ( #6115 ), #6108 ) ;
#6114 = PRESENTATION_LAYER_ASSIGNMENT (  '', '', ( #6115 ) ) ;
#6115 = STYLED_ITEM ( 'NONE', ( #6116 ), #4678 ) ;
#6116 = PRESENTATION_STYLE_ASSIGNMENT (( #6117 ) ) ;
#6117 = SURFACE_STYLE_USAGE ( .BOTH. , #6118 ) ;
#6118 = SURFACE_SIDE_STYLE ('',( #6119 ) ) ;
#6119 = SURFACE_STYLE_FILL_AREA ( #6120 ) ;
#6120 = FILL_AREA_STYLE ('',( #6127 ) ) ;
#6121 = COLOUR_RGB ( '',0.2509803921568627400, 0.2509803921568627400, 0.2509803921568627400 ) ;
#6122 = FACE_OUTER_BOUND ( 'NONE', #4453, .T. ) ;
#6123 = DIRECTION ( 'NONE',  ( 0.0000000000000000000, 5.256737805990326000E-016, -1.000000000000000000 ) ) ;
#6124 = VECTOR ( 'NONE', #6123, 1000.000000000000000 ) ;
#6125 = CARTESIAN_POINT ( 'NONE',  ( 4.250000000000003600, 9.599999999999997900, -6.299999999999996300 ) ) ;
#6126 = LINE ( 'NONE', #6125, #6124 ) ;
#6127 = FILL_AREA_STYLE_COLOUR ( '', #6121 ) ;
#6128 = DIRECTION ( 'NONE',  ( 6.982966722218761000E-015, -1.000000000000000000, -1.483603526480289600E-031 ) ) ;
#6129 = VECTOR ( 'NONE', #6128, 1000.000000000000000 ) ;
#6130 = CARTESIAN_POINT ( 'NONE',  ( -5.899999999999952400, -6.249999999999968000, -16.69999999999999200 ) ) ;
#6131 = LINE ( 'NONE', #6130, #6129 ) ;
#6132 = CARTESIAN_POINT ( 'NONE',  ( -5.899999999999995900, -5.464378949326942300E-014, -16.69999999999999200 ) ) ;
#6133 = CARTESIAN_POINT ( 'NONE',  ( -5.899999999999995900, -4.000000000000049700, -16.69999999999999200 ) ) ;
#6134 = CARTESIAN_POINT ( 'NONE',  ( -7.899999999999997700, -4.000000000000063100, -16.69999999999998900 ) ) ;
#6135 = DIRECTION ( 'NONE',  ( -1.000000000000000000, -6.982966722218761000E-015, 4.930380657631323800E-032 ) ) ;
#6136 = VECTOR ( 'NONE', #6135, 1000.000000000000000 ) ;
#6137 = CARTESIAN_POINT ( 'NONE',  ( -5.899999999999981700, -4.000000000000048000, -16.69999999999999200 ) ) ;
#6138 = UNCERTAINTY_MEASURE_WITH_UNIT (LENGTH_MEASURE( 1.000000000000000100E-005 ), #6141, 'distance_accuracy_value', 'NONE');
#6139 =( NAMED_UNIT ( * ) SI_UNIT ( $, .STERADIAN. ) SOLID_ANGLE_UNIT ( ) );
#6140 =( NAMED_UNIT ( * ) PLANE_ANGLE_UNIT ( ) SI_UNIT ( $, .RADIAN. ) );
#6141 =( LENGTH_UNIT ( ) NAMED_UNIT ( * ) SI_UNIT ( .MILLI., .METRE. ) );
#6142 = MECHANICAL_DESIGN_GEOMETRIC_PRESENTATION_REPRESENTATION (  '', ( #6144 ), #6188 ) ;
#6143 = PRESENTATION_LAYER_ASSIGNMENT (  '', '', ( #6144 ) ) ;
#6144 = STYLED_ITEM ( 'NONE', ( #6145 ), #4620 ) ;
#6145 = PRESENTATION_STYLE_ASSIGNMENT (( #6146 ) ) ;
#6146 = SURFACE_STYLE_USAGE ( .BOTH. , #6147 ) ;
#6147 = SURFACE_SIDE_STYLE ('',( #6148 ) ) ;
#6148 = SURFACE_STYLE_FILL_AREA ( #6149 ) ;
#6149 = FILL_AREA_STYLE ('',( #6155 ) ) ;
#6150 = COLOUR_RGB ( '',0.2509803921568627400, 0.2509803921568627400, 0.2509803921568627400 ) ;
#6151 = FACE_OUTER_BOUND ( 'NONE', #4621, .T. ) ;
#6152 = DIRECTION ( 'NONE',  ( -2.465190328815663000E-032, -1.237084493598725400E-031, 1.000000000000000000 ) ) ;
#6153 = VECTOR ( 'NONE', #6152, 1000.000000000000000 ) ;
#6154 = CARTESIAN_POINT ( 'NONE',  ( 13.20000000000000300, -6.250000000000001800, -16.69999999999999200 ) ) ;
#6155 = FILL_AREA_STYLE_COLOUR ( '', #6150 ) ;
#6156 = CARTESIAN_POINT ( 'NONE',  ( 11.25000000000003700, -9.060249099279264600, -10.96745198158556500 ) ) ;
#6157 = CARTESIAN_POINT ( 'NONE',  ( 10.91324849793682700, -9.186070357351042000, -10.69064521382764000 ) ) ;
#6158 = CARTESIAN_POINT ( 'NONE',  ( 10.55948930877650000, -9.250000000000000000, -10.54999999999993500 ) ) ;
#6159 = CARTESIAN_POINT ( 'NONE',  ( 10.20000000000000100, -9.250000000000001800, -10.54999999999994700 ) ) ;
#6160 =( BOUNDED_CURVE ( )  B_SPLINE_CURVE ( 3, ( #6159, #6158, #6157, #6156 ),
 .UNSPECIFIED., .F., .T. ) 
 B_SPLINE_CURVE_WITH_KNOTS ( ( 4, 4 ),
 ( 0.0000000000000000000, 0.3575711036455197500 ),
 .UNSPECIFIED. ) 
 CURVE ( )  GEOMETRIC_REPRESENTATION_ITEM ( )  RATIONAL_B_SPLINE_CURVE ( ( 1.000000000000000000, 0.9893735928973593800, 0.9893735928973593800, 1.000000000000000000 ) ) 
 REPRESENTATION_ITEM ( '' )  );
#6161 = LINE ( 'NONE', #6154, #6153 ) ;
#6162 = CARTESIAN_POINT ( 'NONE',  ( 11.25000000000003700, -9.060249099279264600, -10.96745198158556500 ) ) ;
#6163 = CARTESIAN_POINT ( 'NONE',  ( -11.85710678118655900, 3.592893218813443000, -2.999999999999999100 ) ) ;
#6164 = FILL_AREA_STYLE_COLOUR ( '', #6102 ) ;
#6165 = LINE ( 'NONE', #6163, #6105 ) ;
#6166 = DIRECTION ( 'NONE',  ( -2.465190328815663000E-032, -1.237084493598725400E-031, 1.000000000000000000 ) ) ;
#6167 = VECTOR ( 'NONE', #6166, 1000.000000000000000 ) ;
#6168 = CARTESIAN_POINT ( 'NONE',  ( 7.249999999999999100, -9.199999999999995700, -16.69999999999999200 ) ) ;
#6169 = LINE ( 'NONE', #6168, #6167 ) ;
#6170 = DIRECTION ( 'NONE',  ( 1.000000000000000000, -7.381802025433221300E-016, 7.368998151338299300E-015 ) ) ;
#6171 = VECTOR ( 'NONE', #6170, 1000.000000000000000 ) ;
#6172 = CARTESIAN_POINT ( 'NONE',  ( 10.19999999999995800, -9.250000000000001800, -10.54999999999993900 ) ) ;
#6173 = LINE ( 'NONE', #6172, #6171 ) ;
#6174 = DIRECTION ( 'NONE',  ( -2.465190328815663000E-032, -1.237084493598725400E-031, 1.000000000000000000 ) ) ;
#6175 = VECTOR ( 'NONE', #6174, 1000.000000000000000 ) ;
#6176 = CARTESIAN_POINT ( 'NONE',  ( 7.850000000000003200, -9.249999999999998200, -16.69999999999999200 ) ) ;
#6177 = LINE ( 'NONE', #6176, #6175 ) ;
#6178 = CARTESIAN_POINT ( 'NONE',  ( 7.850000000000003200, -9.199999999999999300, -10.65999999999996300 ) ) ;
#6179 = DIRECTION ( 'NONE',  ( -2.465190328815663000E-032, -1.237084493598725400E-031, 1.000000000000000000 ) ) ;
#6180 = VECTOR ( 'NONE', #6179, 1000.000000000000000 ) ;
#6181 = CARTESIAN_POINT ( 'NONE',  ( 7.850000000000003200, -9.199999999999995700, -16.69999999999999200 ) ) ;
#6182 = DIRECTION ( 'NONE',  ( 2.465190328815662400E-032, 1.483603526480291100E-031, -1.000000000000000000 ) ) ;
#6183 = DIRECTION ( 'NONE',  ( 1.000000000000000000, -9.860761315262649800E-032, 2.465190328815662400E-032 ) ) ;
#6184 = CARTESIAN_POINT ( 'NONE',  ( 7.850000000000003200, -9.199999999999995700, -16.69999999999999200 ) ) ;
#6185 = AXIS2_PLACEMENT_3D ( 'NONE', #6184, #6183, #6182 ) ;
#6186 = LINE ( 'NONE', #6181, #6180 ) ;
#6187 = PLANE ( 'NONE',  #6185 ) ;
#6188 =( GEOMETRIC_REPRESENTATION_CONTEXT ( 3 ) GLOBAL_UNCERTAINTY_ASSIGNED_CONTEXT ( ( #6138 ) ) GLOBAL_UNIT_ASSIGNED_CONTEXT ( ( #6141, #6140, #6139 ) ) REPRESENTATION_CONTEXT ( 'NONE', 'WORKASPACE' ) );
#6189 = DIRECTION ( 'NONE',  ( 2.465190328815663000E-032, 1.237084493598725400E-031, -1.000000000000000000 ) ) ;
#6190 = VECTOR ( 'NONE', #6189, 1000.000000000000000 ) ;
#6191 = CARTESIAN_POINT ( 'NONE',  ( 13.02562888517435400, 3.799999999999998000, -16.69999999999999200 ) ) ;
#6192 = LINE ( 'NONE', #6191, #6190 ) ;
#6193 = CARTESIAN_POINT ( 'NONE',  ( -0.9000000000000191200, 3.999999999999990700, -16.69999999999999200 ) ) ;
#6194 = DIRECTION ( 'NONE',  ( 6.982966722218762600E-015, -1.000000000000000000, -1.483603526480289600E-031 ) ) ;
#6195 = VECTOR ( 'NONE', #6194, 1000.000000000000000 ) ;
#6196 = CARTESIAN_POINT ( 'NONE',  ( -0.8999999999999477300, -6.249999999999933400, -16.69999999999999200 ) ) ;
#6197 = LINE ( 'NONE', #6196, #6195 ) ;
#6198 = DIRECTION ( 'NONE',  ( 0.0000000000000000000, 5.256737805990326000E-016, -1.000000000000000000 ) ) ;
#6199 = VECTOR ( 'NONE', #6198, 1000.000000000000000 ) ;
#6200 = CARTESIAN_POINT ( 'NONE',  ( 3.650000000000000400, 9.599999999999996100, -6.299999999999996300 ) ) ;
#6201 = LINE ( 'NONE', #6200, #6199 ) ;
#6202 = DIRECTION ( 'NONE',  ( -2.465190328815663000E-032, -1.237084493598725400E-031, 1.000000000000000000 ) ) ;
#6203 = VECTOR ( 'NONE', #6202, 1000.000000000000000 ) ;
#6204 = CARTESIAN_POINT ( 'NONE',  ( 7.150000000000003900, 9.599999999999996100, -16.69999999999999600 ) ) ;
#6205 = DIRECTION ( 'NONE',  ( 0.7071067811865440200, -0.7071067811865510100, 9.860761315262649800E-032 ) ) ;
#6206 = DIRECTION ( 'NONE',  ( -0.7071067811865510100, -0.7071067811865440200, 9.860761315262651900E-032 ) ) ;
#6207 = CARTESIAN_POINT ( 'NONE',  ( 12.90710678118656100, 3.942893218813421800, -16.69999999999999200 ) ) ;
#6208 = AXIS2_PLACEMENT_3D ( 'NONE', #6207, #6206, #6205 ) ;
#6209 = LINE ( 'NONE', #6204, #6203 ) ;
#6210 = PLANE ( 'NONE',  #6208 ) ;
#6211 =( GEOMETRIC_REPRESENTATION_CONTEXT ( 3 ) GLOBAL_UNCERTAINTY_ASSIGNED_CONTEXT ( ( #6212 ) ) GLOBAL_UNIT_ASSIGNED_CONTEXT ( ( #6215, #6214, #6213 ) ) REPRESENTATION_CONTEXT ( 'NONE', 'WORKASPACE' ) );
#6212 = UNCERTAINTY_MEASURE_WITH_UNIT (LENGTH_MEASURE( 1.000000000000000100E-005 ), #6215, 'distance_accuracy_value', 'NONE');
#6213 =( NAMED_UNIT ( * ) SI_UNIT ( $, .STERADIAN. ) SOLID_ANGLE_UNIT ( ) );
#6214 =( NAMED_UNIT ( * ) PLANE_ANGLE_UNIT ( ) SI_UNIT ( $, .RADIAN. ) );
#6215 =( LENGTH_UNIT ( ) NAMED_UNIT ( * ) SI_UNIT ( .MILLI., .METRE. ) );
#6216 = MECHANICAL_DESIGN_GEOMETRIC_PRESENTATION_REPRESENTATION (  '', ( #6218 ), #6211 ) ;
#6217 = PRESENTATION_LAYER_ASSIGNMENT (  '', '', ( #6218 ) ) ;
#6218 = STYLED_ITEM ( 'NONE', ( #6219 ), #4735 ) ;
#6219 = PRESENTATION_STYLE_ASSIGNMENT (( #6220 ) ) ;
#6220 = SURFACE_STYLE_USAGE ( .BOTH. , #6221 ) ;
#6221 = SURFACE_SIDE_STYLE ('',( #6222 ) ) ;
#6222 = SURFACE_STYLE_FILL_AREA ( #6223 ) ;
#6223 = FILL_AREA_STYLE ('',( #6229 ) ) ;
#6224 = COLOUR_RGB ( '',0.2509803921568627400, 0.2509803921568627400, 0.2509803921568627400 ) ;
#6225 = FACE_OUTER_BOUND ( 'NONE', #4736, .T. ) ;
#6226 = DIRECTION ( 'NONE',  ( 2.465190328815662400E-032, 1.483603526480291300E-031, -1.000000000000000000 ) ) ;
#6227 = VECTOR ( 'NONE', #6226, 1000.000000000000000 ) ;
#6228 = CARTESIAN_POINT ( 'NONE',  ( 7.650000000000003900, 9.600000000000021000, -13.39999999999999300 ) ) ;
#6229 = FILL_AREA_STYLE_COLOUR ( '', #6224 ) ;
#6230 = LINE ( 'NONE', #6228, #6227 ) ;
#6231 = DIRECTION ( 'NONE',  ( -2.465190328815663000E-032, -1.237084493598725400E-031, 1.000000000000000000 ) ) ;
#6232 = VECTOR ( 'NONE', #6231, 1000.000000000000000 ) ;
#6233 = CARTESIAN_POINT ( 'NONE',  ( -7.149999999999982600, 8.599999999999997900, -16.69999999999999200 ) ) ;
#6234 = DIRECTION ( 'NONE',  ( 2.465190328815662400E-032, 1.483603526480291100E-031, -1.000000000000000000 ) ) ;
#6235 = DIRECTION ( 'NONE',  ( 9.860761315262651900E-032, -1.000000000000000000, -1.483603526480291100E-031 ) ) ;
#6236 = CARTESIAN_POINT ( 'NONE',  ( -7.649999999999983500, 8.599999999999997900, -16.69999999999999200 ) ) ;
#6237 = AXIS2_PLACEMENT_3D ( 'NONE', #6236, #6235, #6234 ) ;
#6238 = LINE ( 'NONE', #6233, #6232 ) ;
#6239 = PLANE ( 'NONE',  #6237 ) ;
#6240 =( GEOMETRIC_REPRESENTATION_CONTEXT ( 3 ) GLOBAL_UNCERTAINTY_ASSIGNED_CONTEXT ( ( #6241 ) ) GLOBAL_UNIT_ASSIGNED_CONTEXT ( ( #6266, #6265, #6242 ) ) REPRESENTATION_CONTEXT ( 'NONE', 'WORKASPACE' ) );
#6241 = UNCERTAINTY_MEASURE_WITH_UNIT (LENGTH_MEASURE( 1.000000000000000100E-005 ), #6266, 'distance_accuracy_value', 'NONE');
#6242 =( NAMED_UNIT ( * ) SI_UNIT ( $, .STERADIAN. ) SOLID_ANGLE_UNIT ( ) );
#6243 = DIRECTION ( 'NONE',  ( -2.465190328815663000E-032, -1.237084493598725400E-031, 1.000000000000000000 ) ) ;
#6244 = VECTOR ( 'NONE', #6243, 1000.000000000000000 ) ;
#6245 = CARTESIAN_POINT ( 'NONE',  ( 7.650000000000011000, 8.599999999999987200, -16.69999999999999600 ) ) ;
#6246 = CARTESIAN_POINT ( 'NONE',  ( 12.20000000000000300, 3.235786437626876600, -4.799999999999997200 ) ) ;
#6247 = LINE ( 'NONE', #6245, #6244 ) ;
#6248 = DIRECTION ( 'NONE',  ( 4.336808689942028800E-017, -1.000000000000000000, 1.406411798202905000E-031 ) ) ;
#6249 = VECTOR ( 'NONE', #6248, 1000.000000000000000 ) ;
#6250 = CARTESIAN_POINT ( 'NONE',  ( 2.100000000000004500, 7.999999999999996400, -19.99999999999999300 ) ) ;
#6251 = DIRECTION ( 'NONE',  ( 4.336808689942028800E-017, -1.000000000000000000, 1.406411798202905200E-031 ) ) ;
#6252 = DIRECTION ( 'NONE',  ( -1.000000000000000000, -4.336808689942028800E-017, 2.465190328815661900E-032 ) ) ;
#6253 = CARTESIAN_POINT ( 'NONE',  ( 2.100000000000004500, 7.999999999999996400, -19.99999999999999300 ) ) ;
#6254 = AXIS2_PLACEMENT_3D ( 'NONE', #6253, #6252, #6251 ) ;
#6255 = LINE ( 'NONE', #6250, #6249 ) ;
#6256 = PLANE ( 'NONE',  #6254 ) ;
#6257 =( GEOMETRIC_REPRESENTATION_CONTEXT ( 3 ) GLOBAL_UNCERTAINTY_ASSIGNED_CONTEXT ( ( #6258 ) ) GLOBAL_UNIT_ASSIGNED_CONTEXT ( ( #6261, #6260, #6259 ) ) REPRESENTATION_CONTEXT ( 'NONE', 'WORKASPACE' ) );
#6258 = UNCERTAINTY_MEASURE_WITH_UNIT (LENGTH_MEASURE( 1.000000000000000100E-005 ), #6261, 'distance_accuracy_value', 'NONE');
#6259 =( NAMED_UNIT ( * ) SI_UNIT ( $, .STERADIAN. ) SOLID_ANGLE_UNIT ( ) );
#6260 =( NAMED_UNIT ( * ) PLANE_ANGLE_UNIT ( ) SI_UNIT ( $, .RADIAN. ) );
#6261 =( LENGTH_UNIT ( ) NAMED_UNIT ( * ) SI_UNIT ( .MILLI., .METRE. ) );
#6262 = MECHANICAL_DESIGN_GEOMETRIC_PRESENTATION_REPRESENTATION (  '', ( #6264 ), #6257 ) ;
#6263 = PRESENTATION_LAYER_ASSIGNMENT (  '', '', ( #6264 ) ) ;
#6264 = STYLED_ITEM ( 'NONE', ( #6007 ), #4690 ) ;
#6265 =( NAMED_UNIT ( * ) PLANE_ANGLE_UNIT ( ) SI_UNIT ( $, .RADIAN. ) );
#6266 =( LENGTH_UNIT ( ) NAMED_UNIT ( * ) SI_UNIT ( .MILLI., .METRE. ) );
#6267 = MECHANICAL_DESIGN_GEOMETRIC_PRESENTATION_REPRESENTATION (  '', ( #6269 ), #6240 ) ;
#6268 = PRESENTATION_LAYER_ASSIGNMENT (  '', '', ( #6269 ) ) ;
#6269 = STYLED_ITEM ( 'NONE', ( #6270 ), #4727 ) ;
#6270 = PRESENTATION_STYLE_ASSIGNMENT (( #6271 ) ) ;
#6271 = SURFACE_STYLE_USAGE ( .BOTH. , #6272 ) ;
#6272 = SURFACE_SIDE_STYLE ('',( #6273 ) ) ;
#6273 = SURFACE_STYLE_FILL_AREA ( #6274 ) ;
#6274 = FILL_AREA_STYLE ('',( #6281 ) ) ;
#6275 = COLOUR_RGB ( '',0.2509803921568627400, 0.2509803921568627400, 0.2509803921568627400 ) ;
#6276 = FACE_OUTER_BOUND ( 'NONE', #4801, .T. ) ;
#6277 = DIRECTION ( 'NONE',  ( -1.000000000000000000, -6.982966722218761000E-015, 4.930380657631323800E-032 ) ) ;
#6278 = VECTOR ( 'NONE', #6277, 1000.000000000000000 ) ;
#6279 = CARTESIAN_POINT ( 'NONE',  ( 8.100000000000010300, 5.290906601729261600E-014, -16.69999999999999200 ) ) ;
#6280 = LINE ( 'NONE', #6279, #6278 ) ;
#6281 = FILL_AREA_STYLE_COLOUR ( '', #6275 ) ;
#6282 = CARTESIAN_POINT ( 'NONE',  ( 6.100000000000009400, 3.903127820947816000E-014, -16.69999999999999200 ) ) ;
#6283 = DIRECTION ( 'NONE',  ( 6.982966722218761000E-015, -1.000000000000000000, -1.483603526480289600E-031 ) ) ;
#6284 = VECTOR ( 'NONE', #6283, 1000.000000000000000 ) ;
#6285 = CARTESIAN_POINT ( 'NONE',  ( 6.100000000000052900, -6.249999999999885400, -16.69999999999999200 ) ) ;
#6286 = LINE ( 'NONE', #6285, #6284 ) ;
#6287 = DIRECTION ( 'NONE',  ( -1.000000000000000000, -6.982966722218762600E-015, 2.465190328815661900E-032 ) ) ;
#6288 = VECTOR ( 'NONE', #6287, 1000.000000000000000 ) ;
#6289 = CARTESIAN_POINT ( 'NONE',  ( 1.099999999999982800, 4.000000000000006200, -16.69999999999999200 ) ) ;
#6290 = DIRECTION ( 'NONE',  ( -2.465190328815662400E-032, -1.483603526480291100E-031, 1.000000000000000000 ) ) ;
#6291 = DIRECTION ( 'NONE',  ( -1.000000000000000000, 9.860761315262649800E-032, -2.465190328815662400E-032 ) ) ;
#6292 = CARTESIAN_POINT ( 'NONE',  ( 7.150000000000003900, 9.599999999999996100, -16.69999999999999600 ) ) ;
#6293 = AXIS2_PLACEMENT_3D ( 'NONE', #6292, #6291, #6290 ) ;
#6294 = LINE ( 'NONE', #6289, #6288 ) ;
#6295 = PLANE ( 'NONE',  #6293 ) ;
#6296 = DIRECTION ( 'NONE',  ( -1.828760838527578000E-016, -1.000000000000000000, 1.562589305603316100E-031 ) ) ;
#6297 = DIRECTION ( 'NONE',  ( -1.000000000000000000, 1.828760838527578000E-016, 2.917038411497410200E-062 ) ) ;
#6298 = CARTESIAN_POINT ( 'NONE',  ( 13.20000000000000300, 3.235786437626876600, -16.69999999999999200 ) ) ;
#6299 = AXIS2_PLACEMENT_3D ( 'NONE', #6298, #6297, #6296 ) ;
#6300 = LINE ( 'NONE', #6412, #6411 ) ;
#6301 = PLANE ( 'NONE',  #6299 ) ;
#6302 =( GEOMETRIC_REPRESENTATION_CONTEXT ( 3 ) GLOBAL_UNCERTAINTY_ASSIGNED_CONTEXT ( ( #6303 ) ) GLOBAL_UNIT_ASSIGNED_CONTEXT ( ( #6306, #6305, #6304 ) ) REPRESENTATION_CONTEXT ( 'NONE', 'WORKASPACE' ) );
#6303 = UNCERTAINTY_MEASURE_WITH_UNIT (LENGTH_MEASURE( 1.000000000000000100E-005 ), #6306, 'distance_accuracy_value', 'NONE');
#6304 =( NAMED_UNIT ( * ) SI_UNIT ( $, .STERADIAN. ) SOLID_ANGLE_UNIT ( ) );
#6305 =( NAMED_UNIT ( * ) PLANE_ANGLE_UNIT ( ) SI_UNIT ( $, .RADIAN. ) );
#6306 =( LENGTH_UNIT ( ) NAMED_UNIT ( * ) SI_UNIT ( .MILLI., .METRE. ) );
#6307 = MECHANICAL_DESIGN_GEOMETRIC_PRESENTATION_REPRESENTATION (  '', ( #6309 ), #6302 ) ;
#6308 = PRESENTATION_LAYER_ASSIGNMENT (  '', '', ( #6309 ) ) ;
#6309 = STYLED_ITEM ( 'NONE', ( #6310 ), #4761 ) ;
#6310 = PRESENTATION_STYLE_ASSIGNMENT (( #6311 ) ) ;
#6311 = SURFACE_STYLE_USAGE ( .BOTH. , #6312 ) ;
#6312 = SURFACE_SIDE_STYLE ('',( #6313 ) ) ;
#6313 = SURFACE_STYLE_FILL_AREA ( #6314 ) ;
#6314 = FILL_AREA_STYLE ('',( #6321 ) ) ;
#6315 = COLOUR_RGB ( '',0.2509803921568627400, 0.2509803921568627400, 0.2509803921568627400 ) ;
#6316 = FACE_OUTER_BOUND ( 'NONE', #4759, .T. ) ;
#6317 = DIRECTION ( 'NONE',  ( 5.319881812040475000E-016, -5.319881812040529200E-016, 1.000000000000000000 ) ) ;
#6318 = VECTOR ( 'NONE', #6317, 1000.000000000000000 ) ;
#6319 = CARTESIAN_POINT ( 'NONE',  ( 7.749999999999992900, 9.100000000000035200, -16.69999999999998900 ) ) ;
#6320 = LINE ( 'NONE', #6319, #6318 ) ;
#6321 = FILL_AREA_STYLE_COLOUR ( '', #6315 ) ;
#6322 =( NAMED_UNIT ( * ) SI_UNIT ( $, .STERADIAN. ) SOLID_ANGLE_UNIT ( ) );
#6323 =( NAMED_UNIT ( * ) PLANE_ANGLE_UNIT ( ) SI_UNIT ( $, .RADIAN. ) );
#6324 =( LENGTH_UNIT ( ) NAMED_UNIT ( * ) SI_UNIT ( .MILLI., .METRE. ) );
#6325 = MECHANICAL_DESIGN_GEOMETRIC_PRESENTATION_REPRESENTATION (  '', ( #6327 ), #6445 ) ;
#6326 = PRESENTATION_LAYER_ASSIGNMENT (  '', '', ( #6327 ) ) ;
#6327 = STYLED_ITEM ( 'NONE', ( #6328 ), #4788 ) ;
#6328 = PRESENTATION_STYLE_ASSIGNMENT (( #6329 ) ) ;
#6329 = SURFACE_STYLE_USAGE ( .BOTH. , #6330 ) ;
#6330 = SURFACE_SIDE_STYLE ('',( #6331 ) ) ;
#6331 = SURFACE_STYLE_FILL_AREA ( #6332 ) ;
#6332 = FILL_AREA_STYLE ('',( #6338 ) ) ;
#6333 = COLOUR_RGB ( '',0.2509803921568627400, 0.2509803921568627400, 0.2509803921568627400 ) ;
#6334 = FACE_OUTER_BOUND ( 'NONE', #4766, .T. ) ;
#6335 = DIRECTION ( 'NONE',  ( -2.465190328815663000E-032, -1.237084493598725400E-031, 1.000000000000000000 ) ) ;
#6336 = VECTOR ( 'NONE', #6335, 1000.000000000000000 ) ;
#6337 = CARTESIAN_POINT ( 'NONE',  ( 7.650000000000011000, 9.200000000000017100, -16.69999999999999600 ) ) ;
#6338 = FILL_AREA_STYLE_COLOUR ( '', #6333 ) ;
#6339 = LINE ( 'NONE', #6337, #6336 ) ;
#6340 = DIRECTION ( 'NONE',  ( 2.465190328815662400E-032, 1.483603526480291300E-031, -1.000000000000000000 ) ) ;
#6341 = VECTOR ( 'NONE', #6340, 1000.000000000000000 ) ;
#6342 = CARTESIAN_POINT ( 'NONE',  ( 13.20000000000000300, 3.199999999999998000, -16.69999999999999200 ) ) ;
#6343 = LINE ( 'NONE', #6342, #6341 ) ;
#6344 = DIRECTION ( 'NONE',  ( -1.828760838527578000E-016, -1.000000000000000000, -1.097256503116541000E-015 ) ) ;
#6345 = VECTOR ( 'NONE', #6344, 1000.000000000000000 ) ;
#6346 = CARTESIAN_POINT ( 'NONE',  ( 13.20000000000000300, 3.235786437626864600, -4.799999999999975800 ) ) ;
#6347 = LINE ( 'NONE', #6346, #6345 ) ;
#6348 = CARTESIAN_POINT ( 'NONE',  ( 13.20000000000000300, 3.199999999999998000, -4.799999999999997200 ) ) ;
#6349 = DIRECTION ( 'NONE',  ( -2.465190328815662400E-032, -1.483603526480291300E-031, 1.000000000000000000 ) ) ;
#6350 = VECTOR ( 'NONE', #6349, 1000.000000000000000 ) ;
#6351 = CARTESIAN_POINT ( 'NONE',  ( 13.20000000000000300, -3.800000000000001200, -16.69999999999999200 ) ) ;
#6352 = DIRECTION ( 'NONE',  ( 5.782411586589075600E-015, 1.000000000000000000, -1.422034582438807200E-031 ) ) ;
#6353 = DIRECTION ( 'NONE',  ( 1.000000000000000000, -5.782411586589075600E-015, -2.465190328815662400E-032 ) ) ;
#6354 = CARTESIAN_POINT ( 'NONE',  ( 7.650000000000011000, 9.200000000000017100, -16.69999999999999600 ) ) ;
#6355 = AXIS2_PLACEMENT_3D ( 'NONE', #6354, #6353, #6352 ) ;
#6356 =( GEOMETRIC_REPRESENTATION_CONTEXT ( 3 ) GLOBAL_UNCERTAINTY_ASSIGNED_CONTEXT ( ( #6357 ) ) GLOBAL_UNIT_ASSIGNED_CONTEXT ( ( #6360, #6359, #6358 ) ) REPRESENTATION_CONTEXT ( 'NONE', 'WORKASPACE' ) );
#6357 = UNCERTAINTY_MEASURE_WITH_UNIT (LENGTH_MEASURE( 1.000000000000000100E-005 ), #6360, 'distance_accuracy_value', 'NONE');
#6358 =( NAMED_UNIT ( * ) SI_UNIT ( $, .STERADIAN. ) SOLID_ANGLE_UNIT ( ) );
#6359 =( NAMED_UNIT ( * ) PLANE_ANGLE_UNIT ( ) SI_UNIT ( $, .RADIAN. ) );
#6360 =( LENGTH_UNIT ( ) NAMED_UNIT ( * ) SI_UNIT ( .MILLI., .METRE. ) );
#6361 = MECHANICAL_DESIGN_GEOMETRIC_PRESENTATION_REPRESENTATION (  '', ( #6363 ), #6356 ) ;
#6362 = PRESENTATION_LAYER_ASSIGNMENT (  '', '', ( #6363 ) ) ;
#6363 = STYLED_ITEM ( 'NONE', ( #6364 ), #4710 ) ;
#6364 = PRESENTATION_STYLE_ASSIGNMENT (( #6365 ) ) ;
#6365 = SURFACE_STYLE_USAGE ( .BOTH. , #6366 ) ;
#6366 = SURFACE_SIDE_STYLE ('',( #6367 ) ) ;
#6367 = SURFACE_STYLE_FILL_AREA ( #6368 ) ;
#6368 = FILL_AREA_STYLE ('',( #6375 ) ) ;
#6369 = COLOUR_RGB ( '',0.2509803921568627400, 0.2509803921568627400, 0.2509803921568627400 ) ;
#6370 = FACE_OUTER_BOUND ( 'NONE', #4814, .T. ) ;
#6371 = DIRECTION ( 'NONE',  ( -2.465190328815663000E-032, -1.237084493598725400E-031, 1.000000000000000000 ) ) ;
#6372 = VECTOR ( 'NONE', #6371, 1000.000000000000000 ) ;
#6373 = CARTESIAN_POINT ( 'NONE',  ( 12.90710678118656100, 3.942893218813421800, -16.69999999999999200 ) ) ;
#6374 = LINE ( 'NONE', #6373, #6372 ) ;
#6375 = FILL_AREA_STYLE_COLOUR ( '', #6369 ) ;
#6376 = CARTESIAN_POINT ( 'NONE',  ( 7.749999999999992900, 9.100000000000028100, -10.87999999999995300 ) ) ;
#6377 = DIRECTION ( 'NONE',  ( -2.465190328815663000E-032, -1.237084493598725400E-031, 1.000000000000000000 ) ) ;
#6378 = VECTOR ( 'NONE', #6377, 1000.000000000000000 ) ;
#6379 = CARTESIAN_POINT ( 'NONE',  ( 13.20000000000000300, 3.235786437626876600, -16.69999999999999200 ) ) ;
#6380 = LINE ( 'NONE', #6379, #6378 ) ;
#6381 = CARTESIAN_POINT ( 'NONE',  ( 13.20000000000000300, 3.235786437626878300, -4.799999999999979400 ) ) ;
#6382 = DIRECTION ( 'NONE',  ( -1.000000000000000000, 0.0000000000000000000, 0.0000000000000000000 ) ) ;
#6383 = DIRECTION ( 'NONE',  ( 2.465190328815662400E-032, 1.483603526480291300E-031, -1.000000000000000000 ) ) ;
#6384 = AXIS2_PLACEMENT_3D ( 'NONE', #6246, #6383, #6382 ) ;
#6385 = CIRCLE ( 'NONE', #6384, 1.000000000000000900 ) ;
#6386 = LINE ( 'NONE', #6351, #6350 ) ;
#6387 = PLANE ( 'NONE',  #6355 ) ;
#6388 =( GEOMETRIC_REPRESENTATION_CONTEXT ( 3 ) GLOBAL_UNCERTAINTY_ASSIGNED_CONTEXT ( ( #6389 ) ) GLOBAL_UNIT_ASSIGNED_CONTEXT ( ( #6392, #6391, #6390 ) ) REPRESENTATION_CONTEXT ( 'NONE', 'WORKASPACE' ) );
#6389 = UNCERTAINTY_MEASURE_WITH_UNIT (LENGTH_MEASURE( 1.000000000000000100E-005 ), #6392, 'distance_accuracy_value', 'NONE');
#6390 =( NAMED_UNIT ( * ) SI_UNIT ( $, .STERADIAN. ) SOLID_ANGLE_UNIT ( ) );
#6391 =( NAMED_UNIT ( * ) PLANE_ANGLE_UNIT ( ) SI_UNIT ( $, .RADIAN. ) );
#6392 =( LENGTH_UNIT ( ) NAMED_UNIT ( * ) SI_UNIT ( .MILLI., .METRE. ) );
#6393 = MECHANICAL_DESIGN_GEOMETRIC_PRESENTATION_REPRESENTATION (  '', ( #6395 ), #6388 ) ;
#6394 = PRESENTATION_LAYER_ASSIGNMENT (  '', '', ( #6395 ) ) ;
#6395 = STYLED_ITEM ( 'NONE', ( #6396 ), #4771 ) ;
#6396 = PRESENTATION_STYLE_ASSIGNMENT (( #6397 ) ) ;
#6397 = SURFACE_STYLE_USAGE ( .BOTH. , #6398 ) ;
#6398 = SURFACE_SIDE_STYLE ('',( #6399 ) ) ;
#6399 = SURFACE_STYLE_FILL_AREA ( #6400 ) ;
#6400 = FILL_AREA_STYLE ('',( #6407 ) ) ;
#6401 = COLOUR_RGB ( '',0.2509803921568627400, 0.2509803921568627400, 0.2509803921568627400 ) ;
#6402 = FACE_OUTER_BOUND ( 'NONE', #4791, .T. ) ;
#6403 = DIRECTION ( 'NONE',  ( 0.0000000000000000000, 5.256737805990326000E-016, -1.000000000000000000 ) ) ;
#6404 = VECTOR ( 'NONE', #6403, 1000.000000000000000 ) ;
#6405 = CARTESIAN_POINT ( 'NONE',  ( -4.249999999999996400, 9.599999999999997900, -6.299999999999996300 ) ) ;
#6406 = LINE ( 'NONE', #6405, #6404 ) ;
#6407 = FILL_AREA_STYLE_COLOUR ( '', #6401 ) ;
#6408 = CARTESIAN_POINT ( 'NONE',  ( 13.20000000000000300, -3.199999999999998000, -4.799999999999998900 ) ) ;
#6409 = CARTESIAN_POINT ( 'NONE',  ( 13.20000000000000300, -3.800000000000001200, -4.799999999999982900 ) ) ;
#6410 = DIRECTION ( 'NONE',  ( -9.860761315262649800E-032, 1.000000000000000000, -1.483603526480291300E-031 ) ) ;
#6411 = VECTOR ( 'NONE', #6410, 1000.000000000000000 ) ;
#6412 = CARTESIAN_POINT ( 'NONE',  ( 13.19999999999999600, -3.800000000000001200, -4.799999999999998900 ) ) ;
#6413 = MECHANICAL_DESIGN_GEOMETRIC_PRESENTATION_REPRESENTATION (  '', ( #6415 ), #6673 ) ;
#6414 = PRESENTATION_LAYER_ASSIGNMENT (  '', '', ( #6415 ) ) ;
#6415 = STYLED_ITEM ( 'NONE', ( #6416 ), #4874 ) ;
#6416 = PRESENTATION_STYLE_ASSIGNMENT (( #6417 ) ) ;
#6417 = SURFACE_STYLE_USAGE ( .BOTH. , #6418 ) ;
#6418 = SURFACE_SIDE_STYLE ('',( #6419 ) ) ;
#6419 = SURFACE_STYLE_FILL_AREA ( #6420 ) ;
#6420 = FILL_AREA_STYLE ('',( #6422 ) ) ;
#6421 = COLOUR_RGB ( '',0.2509803921568627400, 0.2509803921568627400, 0.2509803921568627400 ) ;
#6422 = FILL_AREA_STYLE_COLOUR ( '', #6421 ) ;
#6423 = FACE_OUTER_BOUND ( 'NONE', #4875, .T. ) ;
#6424 = CARTESIAN_POINT ( 'NONE',  ( 1.100000000000003600, -0.5000000000000004400, -19.99999999999999300 ) ) ;
#6425 = DIRECTION ( 'NONE',  ( -1.000000000000000000, 9.860761315262647600E-032, 2.465190328815661900E-032 ) ) ;
#6426 = VECTOR ( 'NONE', #6425, 1000.000000000000000 ) ;
#6427 = CARTESIAN_POINT ( 'NONE',  ( 1.100000000000003600, -0.5000000000000004400, -19.99999999999999300 ) ) ;
#6428 = DIRECTION ( 'NONE',  ( -2.465190328815662400E-032, -1.483603526480291100E-031, 1.000000000000000000 ) ) ;
#6429 = DIRECTION ( 'NONE',  ( -9.860761315262649800E-032, 1.000000000000000000, 1.483603526480291100E-031 ) ) ;
#6430 = CARTESIAN_POINT ( 'NONE',  ( -4.899999999999995000, -8.000000000000000000, -19.99999999999998900 ) ) ;
#6431 = AXIS2_PLACEMENT_3D ( 'NONE', #6430, #6429, #6428 ) ;
#6432 = LINE ( 'NONE', #6427, #6426 ) ;
#6433 = PLANE ( 'NONE',  #6431 ) ;
#6434 =( GEOMETRIC_REPRESENTATION_CONTEXT ( 3 ) GLOBAL_UNCERTAINTY_ASSIGNED_CONTEXT ( ( #6435 ) ) GLOBAL_UNIT_ASSIGNED_CONTEXT ( ( #6438, #6437, #6436 ) ) REPRESENTATION_CONTEXT ( 'NONE', 'WORKASPACE' ) );
#6435 = UNCERTAINTY_MEASURE_WITH_UNIT (LENGTH_MEASURE( 1.000000000000000100E-005 ), #6438, 'distance_accuracy_value', 'NONE');
#6436 =( NAMED_UNIT ( * ) SI_UNIT ( $, .STERADIAN. ) SOLID_ANGLE_UNIT ( ) );
#6437 =( NAMED_UNIT ( * ) PLANE_ANGLE_UNIT ( ) SI_UNIT ( $, .RADIAN. ) );
#6438 =( LENGTH_UNIT ( ) NAMED_UNIT ( * ) SI_UNIT ( .MILLI., .METRE. ) );
#6439 = MECHANICAL_DESIGN_GEOMETRIC_PRESENTATION_REPRESENTATION (  '', ( #6441 ), #6434 ) ;
#6440 = PRESENTATION_LAYER_ASSIGNMENT (  '', '', ( #6441 ) ) ;
#6441 = STYLED_ITEM ( 'NONE', ( #6442 ), #4861 ) ;
#6442 = PRESENTATION_STYLE_ASSIGNMENT (( #6498 ) ) ;
#6443 = CARTESIAN_POINT ( 'NONE',  ( 7.150000000000003900, 9.599999999999996100, -16.69999999999999600 ) ) ;
#6444 = PLANE ( 'NONE',  #6596 ) ;
#6445 =( GEOMETRIC_REPRESENTATION_CONTEXT ( 3 ) GLOBAL_UNCERTAINTY_ASSIGNED_CONTEXT ( ( #6535 ) ) GLOBAL_UNIT_ASSIGNED_CONTEXT ( ( #6324, #6323, #6322 ) ) REPRESENTATION_CONTEXT ( 'NONE', 'WORKASPACE' ) );
#6446 = UNCERTAINTY_MEASURE_WITH_UNIT (LENGTH_MEASURE( 1.000000000000000100E-005 ), #6449, 'distance_accuracy_value', 'NONE');
#6447 =( NAMED_UNIT ( * ) SI_UNIT ( $, .STERADIAN. ) SOLID_ANGLE_UNIT ( ) );
#6448 =( NAMED_UNIT ( * ) PLANE_ANGLE_UNIT ( ) SI_UNIT ( $, .RADIAN. ) );
#6449 =( LENGTH_UNIT ( ) NAMED_UNIT ( * ) SI_UNIT ( .MILLI., .METRE. ) );
#6450 = MECHANICAL_DESIGN_GEOMETRIC_PRESENTATION_REPRESENTATION (  '', ( #6452 ), #6592 ) ;
#6451 = PRESENTATION_LAYER_ASSIGNMENT (  '', '', ( #6452 ) ) ;
#6452 = STYLED_ITEM ( 'NONE', ( #6453 ), #4818 ) ;
#6453 = PRESENTATION_STYLE_ASSIGNMENT (( #6454 ) ) ;
#6454 = SURFACE_STYLE_USAGE ( .BOTH. , #6455 ) ;
#6455 = SURFACE_SIDE_STYLE ('',( #6456 ) ) ;
#6456 = SURFACE_STYLE_FILL_AREA ( #6457 ) ;
#6457 = FILL_AREA_STYLE ('',( #6464 ) ) ;
#6458 = COLOUR_RGB ( '',0.2509803921568627400, 0.2509803921568627400, 0.2509803921568627400 ) ;
#6459 = FACE_OUTER_BOUND ( 'NONE', #4819, .T. ) ;
#6460 = DIRECTION ( 'NONE',  ( -2.465190328815662400E-032, -1.483603526480291300E-031, 1.000000000000000000 ) ) ;
#6461 = VECTOR ( 'NONE', #6460, 1000.000000000000000 ) ;
#6462 = CARTESIAN_POINT ( 'NONE',  ( -2.099999999999990800, 7.999999999999996400, -19.99999999999999300 ) ) ;
#6463 = LINE ( 'NONE', #6462, #6461 ) ;
#6464 = FILL_AREA_STYLE_COLOUR ( '', #6458 ) ;
#6465 = UNCERTAINTY_MEASURE_WITH_UNIT (LENGTH_MEASURE( 1.000000000000000100E-005 ), #6468, 'distance_accuracy_value', 'NONE');
#6466 =( NAMED_UNIT ( * ) SI_UNIT ( $, .STERADIAN. ) SOLID_ANGLE_UNIT ( ) );
#6467 =( NAMED_UNIT ( * ) PLANE_ANGLE_UNIT ( ) SI_UNIT ( $, .RADIAN. ) );
#6468 =( LENGTH_UNIT ( ) NAMED_UNIT ( * ) SI_UNIT ( .MILLI., .METRE. ) );
#6469 = MECHANICAL_DESIGN_GEOMETRIC_PRESENTATION_REPRESENTATION (  '', ( #6471 ), #6534 ) ;
#6470 = PRESENTATION_LAYER_ASSIGNMENT (  '', '', ( #6471 ) ) ;
#6471 = STYLED_ITEM ( 'NONE', ( #6472 ), #4809 ) ;
#6472 = PRESENTATION_STYLE_ASSIGNMENT (( #6473 ) ) ;
#6473 = SURFACE_STYLE_USAGE ( .BOTH. , #6474 ) ;
#6474 = SURFACE_SIDE_STYLE ('',( #6475 ) ) ;
#6475 = SURFACE_STYLE_FILL_AREA ( #6476 ) ;
#6476 = FILL_AREA_STYLE ('',( #6483 ) ) ;
#6477 = COLOUR_RGB ( '',0.2509803921568627400, 0.2509803921568627400, 0.2509803921568627400 ) ;
#6478 = FACE_OUTER_BOUND ( 'NONE', #4810, .T. ) ;
#6479 = DIRECTION ( 'NONE',  ( 2.465190328815662400E-032, 1.483603526480291300E-031, -1.000000000000000000 ) ) ;
#6480 = VECTOR ( 'NONE', #6479, 1000.000000000000000 ) ;
#6481 = CARTESIAN_POINT ( 'NONE',  ( 11.25000000000000400, 5.599999999999992500, -13.39999999999999300 ) ) ;
#6482 = LINE ( 'NONE', #6481, #6480 ) ;
#6483 = FILL_AREA_STYLE_COLOUR ( '', #6477 ) ;
#6484 = CARTESIAN_POINT ( 'NONE',  ( -3.649999999999993700, 9.599999999999997900, -6.299999999999996300 ) ) ;
#6485 = DIRECTION ( 'NONE',  ( 1.000000000000000000, -9.860761315262647600E-032, -2.465190328815661900E-032 ) ) ;
#6486 = VECTOR ( 'NONE', #6485, 1000.000000000000000 ) ;
#6487 = CARTESIAN_POINT ( 'NONE',  ( -4.249999999999996400, 9.599999999999997900, -6.299999999999996300 ) ) ;
#6488 = LINE ( 'NONE', #6487, #6486 ) ;
#6489 = DIRECTION ( 'NONE',  ( -2.465190328815663000E-032, -1.237084493598725400E-031, 1.000000000000000000 ) ) ;
#6490 = VECTOR ( 'NONE', #6489, 1000.000000000000000 ) ;
#6491 = CARTESIAN_POINT ( 'NONE',  ( -7.149999999999982600, 9.599999999999997900, -16.69999999999999200 ) ) ;
#6492 = LINE ( 'NONE', #6491, #6490 ) ;
#6493 = DIRECTION ( 'NONE',  ( -0.3823595564509338900, 0.3823595564509377200, 0.8411910241920602700 ) ) ;
#6494 = VECTOR ( 'NONE', #6493, 1000.000000000000100 ) ;
#6495 = CARTESIAN_POINT ( 'NONE',  ( 11.12985578397268000, 5.720144216027317300, -18.31568272473988700 ) ) ;
#6496 = COLOUR_RGB ( '',0.2509803921568627400, 0.2509803921568627400, 0.2509803921568627400 ) ;
#6497 = FACE_OUTER_BOUND ( 'NONE', #4258, .T. ) ;
#6498 = SURFACE_STYLE_USAGE ( .BOTH. , #6499 ) ;
#6499 = SURFACE_SIDE_STYLE ('',( #6500 ) ) ;
#6500 = SURFACE_STYLE_FILL_AREA ( #6501 ) ;
#6501 = FILL_AREA_STYLE ('',( #6505 ) ) ;
#6502 = DIRECTION ( 'NONE',  ( -2.465190328815662400E-032, -1.483603526480291300E-031, 1.000000000000000000 ) ) ;
#6503 = VECTOR ( 'NONE', #6502, 1000.000000000000000 ) ;
#6504 = CARTESIAN_POINT ( 'NONE',  ( -9.099999999999990800, -7.999999999999996400, -19.99999999999998900 ) ) ;
#6505 = FILL_AREA_STYLE_COLOUR ( '', #6496 ) ;
#6506 = LINE ( 'NONE', #6504, #6503 ) ;
#6507 = DIRECTION ( 'NONE',  ( 9.860761315262649800E-032, -1.000000000000000000, 1.483603526480291300E-031 ) ) ;
#6508 = VECTOR ( 'NONE', #6507, 1000.000000000000000 ) ;
#6509 = CARTESIAN_POINT ( 'NONE',  ( -4.899999999999995000, 1.999999999999998200, -19.99999999999999300 ) ) ;
#6510 = LINE ( 'NONE', #6509, #6508 ) ;
#6511 = DIRECTION ( 'NONE',  ( 1.000000000000000000, -9.860761315262647600E-032, -2.465190328815661900E-032 ) ) ;
#6512 = VECTOR ( 'NONE', #6511, 1000.000000000000000 ) ;
#6513 = CARTESIAN_POINT ( 'NONE',  ( -4.899999999999995000, 1.999999999999998200, -19.99999999999999300 ) ) ;
#6514 = DIRECTION ( 'NONE',  ( -2.465190328815662400E-032, -1.483603526480291100E-031, 1.000000000000000000 ) ) ;
#6515 = DIRECTION ( 'NONE',  ( -1.000000000000000000, 9.860761315262647600E-032, -2.465190328815662400E-032 ) ) ;
#6516 = CARTESIAN_POINT ( 'NONE',  ( -4.899999999999995000, 1.999999999999998200, -19.99999999999999300 ) ) ;
#6517 = AXIS2_PLACEMENT_3D ( 'NONE', #6516, #6515, #6514 ) ;
#6518 = LINE ( 'NONE', #6513, #6512 ) ;
#6519 = PLANE ( 'NONE',  #6517 ) ;
#6520 =( GEOMETRIC_REPRESENTATION_CONTEXT ( 3 ) GLOBAL_UNCERTAINTY_ASSIGNED_CONTEXT ( ( #6521 ) ) GLOBAL_UNIT_ASSIGNED_CONTEXT ( ( #6542, #6523, #6522 ) ) REPRESENTATION_CONTEXT ( 'NONE', 'WORKASPACE' ) );
#6521 = UNCERTAINTY_MEASURE_WITH_UNIT (LENGTH_MEASURE( 1.000000000000000100E-005 ), #6542, 'distance_accuracy_value', 'NONE');
#6522 =( NAMED_UNIT ( * ) SI_UNIT ( $, .STERADIAN. ) SOLID_ANGLE_UNIT ( ) );
#6523 =( NAMED_UNIT ( * ) PLANE_ANGLE_UNIT ( ) SI_UNIT ( $, .RADIAN. ) );
#6524 = DIRECTION ( 'NONE',  ( -2.465190328815663000E-032, -1.237084493598725400E-031, 1.000000000000000000 ) ) ;
#6525 = VECTOR ( 'NONE', #6524, 1000.000000000000000 ) ;
#6526 = CARTESIAN_POINT ( 'NONE',  ( 7.150000000000003900, 8.599999999999996100, -16.69999999999999600 ) ) ;
#6527 = LINE ( 'NONE', #6526, #6525 ) ;
#6528 = DIRECTION ( 'NONE',  ( 1.000000000000000000, 0.0000000000000000000, 0.0000000000000000000 ) ) ;
#6529 = DIRECTION ( 'NONE',  ( -2.465190328815663000E-032, -1.237084493598725400E-031, 1.000000000000000000 ) ) ;
#6530 = AXIS2_PLACEMENT_3D ( 'NONE', #6533, #6529, #6528 ) ;
#6531 = CYLINDRICAL_SURFACE ( 'NONE', #6530, 1.000000000000000900 ) ;
#6532 = CARTESIAN_POINT ( 'NONE',  ( 13.02562888517434700, 3.799999999999998000, -4.799999999999997200 ) ) ;
#6533 = CARTESIAN_POINT ( 'NONE',  ( 12.20000000000000300, 3.235786437626876600, -16.69999999999999200 ) ) ;
#6534 =( GEOMETRIC_REPRESENTATION_CONTEXT ( 3 ) GLOBAL_UNCERTAINTY_ASSIGNED_CONTEXT ( ( #6465 ) ) GLOBAL_UNIT_ASSIGNED_CONTEXT ( ( #6468, #6467, #6466 ) ) REPRESENTATION_CONTEXT ( 'NONE', 'WORKASPACE' ) );
#6535 = UNCERTAINTY_MEASURE_WITH_UNIT (LENGTH_MEASURE( 1.000000000000000100E-005 ), #6324, 'distance_accuracy_value', 'NONE');
#6536 = LINE ( 'NONE', #6495, #6494 ) ;
#6537 = DIRECTION ( 'NONE',  ( -2.465190328815662400E-032, -1.483603526480291300E-031, 1.000000000000000000 ) ) ;
#6538 = VECTOR ( 'NONE', #6537, 1000.000000000000000 ) ;
#6539 = CARTESIAN_POINT ( 'NONE',  ( 13.20000000000000300, -3.200000000000001500, -16.69999999999999200 ) ) ;
#6540 = LINE ( 'NONE', #6539, #6538 ) ;
#6541 = CARTESIAN_POINT ( 'NONE',  ( 4.250000000000003600, 9.599999999999996100, -6.300000000000012300 ) ) ;
#6542 =( LENGTH_UNIT ( ) NAMED_UNIT ( * ) SI_UNIT ( .MILLI., .METRE. ) );
#6543 = MECHANICAL_DESIGN_GEOMETRIC_PRESENTATION_REPRESENTATION (  '', ( #6545 ), #6520 ) ;
#6544 = PRESENTATION_LAYER_ASSIGNMENT (  '', '', ( #6545 ) ) ;
#6545 = STYLED_ITEM ( 'NONE', ( #6546 ), #4838 ) ;
#6546 = PRESENTATION_STYLE_ASSIGNMENT (( #6547 ) ) ;
#6547 = SURFACE_STYLE_USAGE ( .BOTH. , #6548 ) ;
#6548 = SURFACE_SIDE_STYLE ('',( #6549 ) ) ;
#6549 = SURFACE_STYLE_FILL_AREA ( #6550 ) ;
#6550 = FILL_AREA_STYLE ('',( #6551 ) ) ;
#6551 = FILL_AREA_STYLE_COLOUR ( '', #6552 ) ;
#6552 = COLOUR_RGB ( '',0.2509803921568627400, 0.2509803921568627400, 0.2509803921568627400 ) ;
#6553 = FACE_OUTER_BOUND ( 'NONE', #4912, .T. ) ;
#6554 = CARTESIAN_POINT ( 'NONE',  ( -9.099999999999990800, 1.999999999999998200, -19.99999999999999300 ) ) ;
#6555 = CARTESIAN_POINT ( 'NONE',  ( -0.09999999999999592500, -0.5000000000000004400, -19.99999999999999300 ) ) ;
#6556 = CARTESIAN_POINT ( 'NONE',  ( -0.09999999999998898700, 6.499999999999997300, -19.99999999999999300 ) ) ;
#6557 = DIRECTION ( 'NONE',  ( 4.336808689942009100E-017, 1.000000000000000000, -1.560795254757677200E-031 ) ) ;
#6558 = VECTOR ( 'NONE', #6557, 1000.000000000000000 ) ;
#6559 = CARTESIAN_POINT ( 'NONE',  ( -2.099999999999990800, 7.999999999999996400, -19.99999999999999300 ) ) ;
#6560 = DIRECTION ( 'NONE',  ( 2.465190328815662400E-032, 1.483603526480291100E-031, -1.000000000000000000 ) ) ;
#6561 = DIRECTION ( 'NONE',  ( 9.860761315262649800E-032, -1.000000000000000000, -1.483603526480291100E-031 ) ) ;
#6562 = CARTESIAN_POINT ( 'NONE',  ( -4.899999999999995000, 1.999999999999998200, -19.99999999999999300 ) ) ;
#6563 = AXIS2_PLACEMENT_3D ( 'NONE', #6562, #6561, #6560 ) ;
#6564 = LINE ( 'NONE', #6559, #6558 ) ;
#6565 = PLANE ( 'NONE',  #6563 ) ;
#6566 =( GEOMETRIC_REPRESENTATION_CONTEXT ( 3 ) GLOBAL_UNCERTAINTY_ASSIGNED_CONTEXT ( ( #6567 ) ) GLOBAL_UNIT_ASSIGNED_CONTEXT ( ( #6570, #6569, #6568 ) ) REPRESENTATION_CONTEXT ( 'NONE', 'WORKASPACE' ) );
#6567 = UNCERTAINTY_MEASURE_WITH_UNIT (LENGTH_MEASURE( 1.000000000000000100E-005 ), #6570, 'distance_accuracy_value', 'NONE');
#6568 =( NAMED_UNIT ( * ) SI_UNIT ( $, .STERADIAN. ) SOLID_ANGLE_UNIT ( ) );
#6569 =( NAMED_UNIT ( * ) PLANE_ANGLE_UNIT ( ) SI_UNIT ( $, .RADIAN. ) );
#6570 =( LENGTH_UNIT ( ) NAMED_UNIT ( * ) SI_UNIT ( .MILLI., .METRE. ) );
#6571 = MECHANICAL_DESIGN_GEOMETRIC_PRESENTATION_REPRESENTATION (  '', ( #6573 ), #6566 ) ;
#6572 = PRESENTATION_LAYER_ASSIGNMENT (  '', '', ( #6573 ) ) ;
#6573 = STYLED_ITEM ( 'NONE', ( #6574 ), #4827 ) ;
#6574 = PRESENTATION_STYLE_ASSIGNMENT (( #6575 ) ) ;
#6575 = SURFACE_STYLE_USAGE ( .BOTH. , #6576 ) ;
#6576 = SURFACE_SIDE_STYLE ('',( #6577 ) ) ;
#6577 = SURFACE_STYLE_FILL_AREA ( #6578 ) ;
#6578 = FILL_AREA_STYLE ('',( #6580 ) ) ;
#6579 = COLOUR_RGB ( '',0.2509803921568627400, 0.2509803921568627400, 0.2509803921568627400 ) ;
#6580 = FILL_AREA_STYLE_COLOUR ( '', #6579 ) ;
#6581 = FACE_OUTER_BOUND ( 'NONE', #4915, .T. ) ;
#6582 = CARTESIAN_POINT ( 'NONE',  ( 2.100000000000004500, 7.999999999999996400, -19.99999999999999300 ) ) ;
#6583 = DIRECTION ( 'NONE',  ( -2.465190328815662400E-032, -1.483603526480291300E-031, 1.000000000000000000 ) ) ;
#6584 = VECTOR ( 'NONE', #6583, 1000.000000000000000 ) ;
#6585 = CARTESIAN_POINT ( 'NONE',  ( 2.100000000000004500, 7.999999999999996400, -19.99999999999999300 ) ) ;
#6586 = DIRECTION ( 'NONE',  ( 2.465190328815662400E-032, 1.483603526480291100E-031, -1.000000000000000000 ) ) ;
#6587 = DIRECTION ( 'NONE',  ( 9.860761315262649800E-032, -1.000000000000000000, -1.483603526480291100E-031 ) ) ;
#6588 = CARTESIAN_POINT ( 'NONE',  ( 2.100000000000004500, 7.999999999999996400, -19.99999999999999300 ) ) ;
#6589 = AXIS2_PLACEMENT_3D ( 'NONE', #6588, #6587, #6586 ) ;
#6590 = LINE ( 'NONE', #6585, #6584 ) ;
#6591 = PLANE ( 'NONE',  #6589 ) ;
#6592 =( GEOMETRIC_REPRESENTATION_CONTEXT ( 3 ) GLOBAL_UNCERTAINTY_ASSIGNED_CONTEXT ( ( #6446 ) ) GLOBAL_UNIT_ASSIGNED_CONTEXT ( ( #6449, #6448, #6447 ) ) REPRESENTATION_CONTEXT ( 'NONE', 'WORKASPACE' ) );
#6593 = CARTESIAN_POINT ( 'NONE',  ( -4.249999999999996400, 9.599999999999997900, -6.299999999999999800 ) ) ;
#6594 = DIRECTION ( 'NONE',  ( 1.000000000000000000, -1.213093339843922800E-016, -2.465190328815661900E-032 ) ) ;
#6595 = DIRECTION ( 'NONE',  ( -1.213093339843922800E-016, -1.000000000000000000, 1.453005411857147400E-031 ) ) ;
#6596 = AXIS2_PLACEMENT_3D ( 'NONE', #6443, #6595, #6594 ) ;
#6597 =( LENGTH_UNIT ( ) NAMED_UNIT ( * ) SI_UNIT ( .MILLI., .METRE. ) );
#6598 = DIRECTION ( 'NONE',  ( 1.000000000000000000, 0.0000000000000000000, 0.0000000000000000000 ) ) ;
#6599 = DIRECTION ( 'NONE',  ( 0.0000000000000000000, 0.0000000000000000000, 1.000000000000000000 ) ) ;
#6600 = CARTESIAN_POINT ( 'NONE',  ( 0.0000000000000000000, 0.0000000000000000000, 0.0000000000000000000 ) ) ;
#6601 = APPLICATION_CONTEXT ( 'automotive_design' ) ;
#6602 = SHAPE_DEFINITION_REPRESENTATION ( #6698, #6603 ) ;
#6603 = ADVANCED_BREP_SHAPE_REPRESENTATION ( 'IO-C14PP-48', ( #3791, #6629 ), #6604 ) ;
#6604 =( GEOMETRIC_REPRESENTATION_CONTEXT ( 3 ) GLOBAL_UNCERTAINTY_ASSIGNED_CONTEXT ( ( #6605 ) ) GLOBAL_UNIT_ASSIGNED_CONTEXT ( ( #6628, #6627, #6606 ) ) REPRESENTATION_CONTEXT ( 'NONE', 'WORKASPACE' ) );
#6605 = UNCERTAINTY_MEASURE_WITH_UNIT (LENGTH_MEASURE( 1.000000000000000100E-005 ), #6628, 'distance_accuracy_value', 'NONE');
#6606 =( NAMED_UNIT ( * ) SI_UNIT ( $, .STERADIAN. ) SOLID_ANGLE_UNIT ( ) );
#6607 =( LENGTH_UNIT ( ) NAMED_UNIT ( * ) SI_UNIT ( .MILLI., .METRE. ) );
#6608 = MECHANICAL_DESIGN_GEOMETRIC_PRESENTATION_REPRESENTATION (  '', ( #6610 ), #6694 ) ;
#6609 = PRESENTATION_LAYER_ASSIGNMENT (  '', '', ( #6610 ) ) ;
#6610 = STYLED_ITEM ( 'NONE', ( #6611 ), #4903 ) ;
#6611 = PRESENTATION_STYLE_ASSIGNMENT (( #6612 ) ) ;
#6612 = SURFACE_STYLE_USAGE ( .BOTH. , #6613 ) ;
#6613 = SURFACE_SIDE_STYLE ('',( #6614 ) ) ;
#6614 = SURFACE_STYLE_FILL_AREA ( #6615 ) ;
#6615 = FILL_AREA_STYLE ('',( #6616 ) ) ;
#6616 = FILL_AREA_STYLE_COLOUR ( '', #6617 ) ;
#6617 = COLOUR_RGB ( '',0.2509803921568627400, 0.2509803921568627400, 0.2509803921568627400 ) ;
#6618 = FACE_OUTER_BOUND ( 'NONE', #4828, .T. ) ;
#6619 = CARTESIAN_POINT ( 'NONE',  ( 1.099999999999965400, 6.500000000000005300, -19.99999999999998900 ) ) ;
#6620 = CARTESIAN_POINT ( 'NONE',  ( -9.099999999999990800, -7.999999999999996400, -19.99999999999998900 ) ) ;
#6621 = DIRECTION ( 'NONE',  ( 1.734723475976806600E-016, 1.000000000000000000, -1.545851406708269000E-031 ) ) ;
#6622 = VECTOR ( 'NONE', #6621, 1000.000000000000000 ) ;
#6623 = CARTESIAN_POINT ( 'NONE',  ( -9.099999999999990800, 1.999999999999998200, -19.99999999999999300 ) ) ;
#6624 = LINE ( 'NONE', #6623, #6622 ) ;
#6625 = DIRECTION ( 'NONE',  ( 1.000000000000000000, -9.860761315262647600E-032, -2.465190328815661900E-032 ) ) ;
#6626 = VECTOR ( 'NONE', #6625, 1000.000000000000000 ) ;
#6627 =( NAMED_UNIT ( * ) PLANE_ANGLE_UNIT ( ) SI_UNIT ( $, .RADIAN. ) );
#6628 =( LENGTH_UNIT ( ) NAMED_UNIT ( * ) SI_UNIT ( .MILLI., .METRE. ) );
#6629 = AXIS2_PLACEMENT_3D ( 'NONE', #6600, #6599, #6598 ) ;
#6630 = DIRECTION ( 'NONE',  ( -2.465190328815662400E-032, -1.483603526480291300E-031, 1.000000000000000000 ) ) ;
#6631 = VECTOR ( 'NONE', #6630, 1000.000000000000000 ) ;
#6632 = CARTESIAN_POINT ( 'NONE',  ( -4.899999999999995000, 1.999999999999998200, -19.99999999999999300 ) ) ;
#6633 = LINE ( 'NONE', #6632, #6631 ) ;
#6634 = CARTESIAN_POINT ( 'NONE',  ( -4.899999999999995000, 1.999999999999998200, -19.99999999999999300 ) ) ;
#6635 = DIRECTION ( 'NONE',  ( -9.860761315262649800E-032, 1.000000000000000000, -1.483603526480291300E-031 ) ) ;
#6636 = VECTOR ( 'NONE', #6635, 1000.000000000000000 ) ;
#6637 = CARTESIAN_POINT ( 'NONE',  ( -0.09999999999998898700, 6.499999999999997300, -19.99999999999999300 ) ) ;
#6638 = LINE ( 'NONE', #6637, #6636 ) ;
#6639 = DIRECTION ( 'NONE',  ( 1.000000000000000000, -9.860761315262647600E-032, -2.465190328815661900E-032 ) ) ;
#6640 = DIRECTION ( 'NONE',  ( 2.465190328815661900E-032, -1.483603526480291100E-031, 1.000000000000000000 ) ) ;
#6641 = CARTESIAN_POINT ( 'NONE',  ( 2.100000000000004500, 7.999999999999996400, -19.99999999999999300 ) ) ;
#6642 = AXIS2_PLACEMENT_3D ( 'NONE', #6641, #6640, #6639 ) ;
#6643 = PLANE ( 'NONE',  #6642 ) ;
#6644 =( GEOMETRIC_REPRESENTATION_CONTEXT ( 3 ) GLOBAL_UNCERTAINTY_ASSIGNED_CONTEXT ( ( #6648 ) ) GLOBAL_UNIT_ASSIGNED_CONTEXT ( ( #6651, #6650, #6649 ) ) REPRESENTATION_CONTEXT ( 'NONE', 'WORKASPACE' ) );
#6645 = UNCERTAINTY_MEASURE_WITH_UNIT (LENGTH_MEASURE( 1.000000000000000100E-005 ), #6597, 'distance_accuracy_value', 'NONE');
#6646 =( NAMED_UNIT ( * ) SI_UNIT ( $, .STERADIAN. ) SOLID_ANGLE_UNIT ( ) );
#6647 =( NAMED_UNIT ( * ) PLANE_ANGLE_UNIT ( ) SI_UNIT ( $, .RADIAN. ) );
#6648 = UNCERTAINTY_MEASURE_WITH_UNIT (LENGTH_MEASURE( 1.000000000000000100E-005 ), #6651, 'distance_accuracy_value', 'NONE');
#6649 =( NAMED_UNIT ( * ) SI_UNIT ( $, .STERADIAN. ) SOLID_ANGLE_UNIT ( ) );
#6650 =( NAMED_UNIT ( * ) PLANE_ANGLE_UNIT ( ) SI_UNIT ( $, .RADIAN. ) );
#6651 =( LENGTH_UNIT ( ) NAMED_UNIT ( * ) SI_UNIT ( .MILLI., .METRE. ) );
#6652 = MECHANICAL_DESIGN_GEOMETRIC_PRESENTATION_REPRESENTATION (  '', ( #6654 ), #6644 ) ;
#6653 = PRESENTATION_LAYER_ASSIGNMENT (  '', '', ( #6654 ) ) ;
#6654 = STYLED_ITEM ( 'NONE', ( #6655 ), #4913 ) ;
#6655 = PRESENTATION_STYLE_ASSIGNMENT (( #6656 ) ) ;
#6656 = SURFACE_STYLE_USAGE ( .BOTH. , #6657 ) ;
#6657 = SURFACE_SIDE_STYLE ('',( #6674 ) ) ;
#6658 = CARTESIAN_POINT ( 'NONE',  ( -0.09999999999998898700, 6.499999999999997300, -19.99999999999999300 ) ) ;
#6659 = LINE ( 'NONE', #6658, #6626 ) ;
#6660 = DIRECTION ( 'NONE',  ( 9.860761315262649800E-032, -1.000000000000000000, 1.483603526480291300E-031 ) ) ;
#6661 = VECTOR ( 'NONE', #6660, 1000.000000000000000 ) ;
#6662 = CARTESIAN_POINT ( 'NONE',  ( 1.100000000000010700, 6.499999999999997300, -19.99999999999999300 ) ) ;
#6663 = LINE ( 'NONE', #6662, #6661 ) ;
#6664 = DIRECTION ( 'NONE',  ( -2.465190328815662400E-032, -1.483603526480291300E-031, 1.000000000000000000 ) ) ;
#6665 = VECTOR ( 'NONE', #6664, 1000.000000000000000 ) ;
#6666 = CARTESIAN_POINT ( 'NONE',  ( -9.099999999999990800, 1.999999999999998200, -19.99999999999999300 ) ) ;
#6667 = DIRECTION ( 'NONE',  ( 1.734723475976806600E-016, 1.000000000000000000, -1.545851406708269000E-031 ) ) ;
#6668 = DIRECTION ( 'NONE',  ( 1.000000000000000000, -1.734723475976806600E-016, -1.944692274331606800E-062 ) ) ;
#6669 = CARTESIAN_POINT ( 'NONE',  ( -9.099999999999990800, 1.999999999999998200, -19.99999999999999300 ) ) ;
#6670 = AXIS2_PLACEMENT_3D ( 'NONE', #6669, #6668, #6667 ) ;
#6671 = LINE ( 'NONE', #6666, #6665 ) ;
#6672 = PLANE ( 'NONE',  #6670 ) ;
#6673 =( GEOMETRIC_REPRESENTATION_CONTEXT ( 3 ) GLOBAL_UNCERTAINTY_ASSIGNED_CONTEXT ( ( #6645 ) ) GLOBAL_UNIT_ASSIGNED_CONTEXT ( ( #6597, #6647, #6646 ) ) REPRESENTATION_CONTEXT ( 'NONE', 'WORKASPACE' ) );
#6674 = SURFACE_STYLE_FILL_AREA ( #6675 ) ;
#6675 = FILL_AREA_STYLE ('',( #6678 ) ) ;
#6676 = COLOUR_RGB ( '',0.2509803921568627400, 0.2509803921568627400, 0.2509803921568627400 ) ;
#6677 = FACE_OUTER_BOUND ( 'NONE', #4897, .T. ) ;
#6678 = FILL_AREA_STYLE_COLOUR ( '', #6676 ) ;
#6679 = FACE_BOUND ( 'NONE', #4835, .T. ) ;
#6680 = CARTESIAN_POINT ( 'NONE',  ( -4.899999999999995000, -8.000000000000000000, -19.99999999999998900 ) ) ;
#6681 = DIRECTION ( 'NONE',  ( -2.465190328815662400E-032, -1.483603526480291300E-031, 1.000000000000000000 ) ) ;
#6682 = VECTOR ( 'NONE', #6681, 1000.000000000000000 ) ;
#6683 = CARTESIAN_POINT ( 'NONE',  ( -4.899999999999995000, -8.000000000000000000, -19.99999999999998900 ) ) ;
#6684 = LINE ( 'NONE', #6683, #6682 ) ;
#6685 = DIRECTION ( 'NONE',  ( -1.000000000000000000, 2.065146995210484400E-016, 0.0000000000000000000 ) ) ;
#6686 = VECTOR ( 'NONE', #6685, 1000.000000000000000 ) ;
#6687 = CARTESIAN_POINT ( 'NONE',  ( 2.100000000000004500, -1.999999999999998200, -19.99999999999999300 ) ) ;
#6688 = DIRECTION ( 'NONE',  ( 4.336808689942008500E-017, 1.000000000000000000, -1.560795254757677000E-031 ) ) ;
#6689 = DIRECTION ( 'NONE',  ( 1.000000000000000000, -4.336808689942008500E-017, -3.038581678643135600E-062 ) ) ;
#6690 = CARTESIAN_POINT ( 'NONE',  ( -2.099999999999990800, 7.999999999999996400, -19.99999999999999300 ) ) ;
#6691 = AXIS2_PLACEMENT_3D ( 'NONE', #6690, #6689, #6688 ) ;
#6692 = LINE ( 'NONE', #6687, #6686 ) ;
#6693 = PLANE ( 'NONE',  #6691 ) ;
#6694 =( GEOMETRIC_REPRESENTATION_CONTEXT ( 3 ) GLOBAL_UNCERTAINTY_ASSIGNED_CONTEXT ( ( #6695 ) ) GLOBAL_UNIT_ASSIGNED_CONTEXT ( ( #6607, #6697, #6696 ) ) REPRESENTATION_CONTEXT ( 'NONE', 'WORKASPACE' ) );
#6695 = UNCERTAINTY_MEASURE_WITH_UNIT (LENGTH_MEASURE( 1.000000000000000100E-005 ), #6607, 'distance_accuracy_value', 'NONE');
#6696 =( NAMED_UNIT ( * ) SI_UNIT ( $, .STERADIAN. ) SOLID_ANGLE_UNIT ( ) );
#6697 =( NAMED_UNIT ( * ) PLANE_ANGLE_UNIT ( ) SI_UNIT ( $, .RADIAN. ) );
#6698 = PRODUCT_DEFINITION_SHAPE ( 'NONE', 'NONE',  #6701 ) ;
#6699 = PRODUCT_RELATED_PRODUCT_CATEGORY ( 'part', '', ( #6705 ) ) ;
#6700 = PRODUCT_DEFINITION_FORMATION_WITH_SPECIFIED_SOURCE ( 'ANY', '', #6705, .NOT_KNOWN. ) ;
#6701 = PRODUCT_DEFINITION ( 'UNKNOWN', '', #6700, #6702 ) ;
#6702 = PRODUCT_DEFINITION_CONTEXT ( 'detailed design', #6704, 'design' ) ;
#6703 = APPLICATION_PROTOCOL_DEFINITION ( 'draft international standard', 'automotive_design', 1998, #6704 ) ;
#6704 = APPLICATION_CONTEXT ( 'automotive_design' ) ;
#6705 = PRODUCT ( 'IO-C14PP-48', 'IO-C14PP-48', '', ( #6706 ) ) ;
#6706 = PRODUCT_CONTEXT ( 'NONE', #6601, 'mechanical' ) ;
#6707 = APPLICATION_PROTOCOL_DEFINITION ( 'draft international standard', 'automotive_design', 1998, #6601 ) ;
#6708 = DIRECTION ( 'NONE',  ( 2.465190328815661900E-032, -1.483603526480291100E-031, 1.000000000000000000 ) ) ;
#6709 =( NAMED_UNIT ( * ) PLANE_ANGLE_UNIT ( ) SI_UNIT ( $, .RADIAN. ) );
#6710 =( LENGTH_UNIT ( ) NAMED_UNIT ( * ) SI_UNIT ( .MILLI., .METRE. ) );
#6711 = UNCERTAINTY_MEASURE_WITH_UNIT (LENGTH_MEASURE( 1.000000000000000100E-005 ), #5875, 'distance_accuracy_value', 'NONE');
#6712 =( LENGTH_UNIT ( ) NAMED_UNIT ( * ) SI_UNIT ( .MILLI., .METRE. ) );
#6713 = MECHANICAL_DESIGN_GEOMETRIC_PRESENTATION_REPRESENTATION (  '', ( #6715 ), #6749 ) ;
#6714 = PRESENTATION_LAYER_ASSIGNMENT (  '', '', ( #6715 ) ) ;
#6715 = STYLED_ITEM ( 'NONE', ( #6716 ), #3715 ) ;
#6716 = PRESENTATION_STYLE_ASSIGNMENT (( #6717 ) ) ;
#6717 = SURFACE_STYLE_USAGE ( .BOTH. , #6718 ) ;
#6718 = SURFACE_SIDE_STYLE ('',( #6719 ) ) ;
#6719 = SURFACE_STYLE_FILL_AREA ( #6720 ) ;
#6720 = FILL_AREA_STYLE ('',( #6721 ) ) ;
#6721 = FILL_AREA_STYLE_COLOUR ( '', #6722 ) ;
#6722 = COLOUR_RGB ( '',0.2509803921568627400, 0.2509803921568627400, 0.2509803921568627400 ) ;
#6723 = FACE_OUTER_BOUND ( 'NONE', #3753, .T. ) ;
#6724 = CARTESIAN_POINT ( 'NONE',  ( -12.70710678117888800, 4.142893218821030600, -18.49999999999999600 ) ) ;
#6725 = DIRECTION ( 'NONE',  ( -1.000000000000000000, 0.0000000000000000000, 0.0000000000000000000 ) ) ;
#6726 = UNCERTAINTY_MEASURE_WITH_UNIT (LENGTH_MEASURE( 1.000000000000000100E-005 ), #6710, 'distance_accuracy_value', 'NONE');
#6727 =( NAMED_UNIT ( * ) SI_UNIT ( $, .STERADIAN. ) SOLID_ANGLE_UNIT ( ) );
#6728 = DIRECTION ( 'NONE',  ( -2.465190328815662400E-032, -1.483603526480291300E-031, 1.000000000000000000 ) ) ;
#6729 = CARTESIAN_POINT ( 'NONE',  ( -13.05637845234521800, 3.799999999999996300, -4.800000000000000700 ) ) ;
#6730 = DIRECTION ( 'NONE',  ( 0.3823595564509299500, 0.3823595564509382800, 0.8411910241920617100 ) ) ;
#6731 = VECTOR ( 'NONE', #6730, 1000.000000000000100 ) ;
#6732 = CARTESIAN_POINT ( 'NONE',  ( -11.07137625180666000, 5.778623748193290100, -18.18702775397475000 ) ) ;
#6733 = LINE ( 'NONE', #6732, #6731 ) ;
#6734 = MECHANICAL_DESIGN_GEOMETRIC_PRESENTATION_REPRESENTATION (  '', ( #6736 ), #6804 ) ;
#6735 = PRESENTATION_LAYER_ASSIGNMENT (  '', '', ( #6736 ) ) ;
#6736 = STYLED_ITEM ( 'NONE', ( #6737 ), #3694 ) ;
#6737 = PRESENTATION_STYLE_ASSIGNMENT (( #6738 ) ) ;
#6738 = SURFACE_STYLE_USAGE ( .BOTH. , #6739 ) ;
#6739 = SURFACE_SIDE_STYLE ('',( #6740 ) ) ;
#6740 = SURFACE_STYLE_FILL_AREA ( #6741 ) ;
#6741 = FILL_AREA_STYLE ('',( #6742 ) ) ;
#6742 = FILL_AREA_STYLE_COLOUR ( '', #6781 ) ;
#6743 = CARTESIAN_POINT ( 'NONE',  ( -12.70710678117888800, 4.142893218821035900, -2.999999999999999100 ) ) ;
#6744 = DIRECTION ( 'NONE',  ( 9.860761315262649800E-032, -1.000000000000000000, 1.483603526480291300E-031 ) ) ;
#6745 = VECTOR ( 'NONE', #6744, 1000.000000000000000 ) ;
#6746 = CARTESIAN_POINT ( 'NONE',  ( -13.19999999999999600, 3.799999999999996300, -4.799999999999998900 ) ) ;
#6747 = LINE ( 'NONE', #6746, #6745 ) ;
#6748 = DIRECTION ( 'NONE',  ( 1.000000000000000000, 0.0000000000000000000, 0.0000000000000000000 ) ) ;
#6749 =( GEOMETRIC_REPRESENTATION_CONTEXT ( 3 ) GLOBAL_UNCERTAINTY_ASSIGNED_CONTEXT ( ( #6750 ) ) GLOBAL_UNIT_ASSIGNED_CONTEXT ( ( #6712, #6752, #6751 ) ) REPRESENTATION_CONTEXT ( 'NONE', 'WORKASPACE' ) );
#6750 = UNCERTAINTY_MEASURE_WITH_UNIT (LENGTH_MEASURE( 1.000000000000000100E-005 ), #6712, 'distance_accuracy_value', 'NONE');
#6751 =( NAMED_UNIT ( * ) SI_UNIT ( $, .STERADIAN. ) SOLID_ANGLE_UNIT ( ) );
#6752 =( NAMED_UNIT ( * ) PLANE_ANGLE_UNIT ( ) SI_UNIT ( $, .RADIAN. ) );
#6753 = DIRECTION ( 'NONE',  ( 1.000000000000000000, -9.860761315262647600E-032, -2.465190328815661900E-032 ) ) ;
#6754 = CARTESIAN_POINT ( 'NONE',  ( -7.649999999999996800, 9.600000000000022700, -13.39999999999999500 ) ) ;
#6755 = DIRECTION ( 'NONE',  ( 0.0000000000000000000, 0.0000000000000000000, 1.000000000000000000 ) ) ;
#6756 = DIRECTION ( 'NONE',  ( 1.000000000000000000, 6.982966722218761000E-015, -4.930380657631323800E-032 ) ) ;
#6757 = CARTESIAN_POINT ( 'NONE',  ( 7.300000000000022900, -2.999854363543709800, -25.10017653391665600 ) ) ;
#6758 = AXIS2_PLACEMENT_3D ( 'NONE', #6757, #6756, #6755 ) ;
#6759 = CIRCLE ( 'NONE', #6758, 0.2999999999999981600 ) ;
#6760 = CARTESIAN_POINT ( 'NONE',  ( 7.300000000000030900, -3.231341738560028700, -25.29099999999998600 ) ) ;
#6761 = DIRECTION ( 'NONE',  ( -2.465190328815663000E-032, -1.237084493598725400E-031, 1.000000000000000000 ) ) ;
#6762 = VECTOR ( 'NONE', #6761, 1000.000000000000000 ) ;
#6763 = CARTESIAN_POINT ( 'NONE',  ( -13.19999999999999600, -6.249999999999998200, -16.69999999999999200 ) ) ;
#6764 = LINE ( 'NONE', #6763, #6762 ) ;
#6765 = DIRECTION ( 'NONE',  ( -2.465190328815663000E-032, -1.237084493598725400E-031, 1.000000000000000000 ) ) ;
#6766 = VECTOR ( 'NONE', #6765, 1000.000000000000000 ) ;
#6767 = CARTESIAN_POINT ( 'NONE',  ( -12.70710678117888800, 4.142893218821028800, -16.69999999999999600 ) ) ;
#6768 = LINE ( 'NONE', #6767, #6766 ) ;
#6769 = CARTESIAN_POINT ( 'NONE',  ( -12.20248447604060300, 3.279553002477024700, -4.800000000000000700 ) ) ;
#6770 = AXIS2_PLACEMENT_3D ( 'NONE', #6769, #6728, #6748 ) ;
#6771 = AXIS2_PLACEMENT_3D ( 'NONE', #6754, #6708, #6753 ) ;
#6772 = CARTESIAN_POINT ( 'NONE',  ( -7.649999999999996800, 9.200000000000022400, -13.39999999999999500 ) ) ;
#6773 = LINE ( 'NONE', #6772, #6776 ) ;
#6774 = CARTESIAN_POINT ( 'NONE',  ( -11.25000000000000400, 5.599999999999994300, -13.39999999999999100 ) ) ;
#6775 = DIRECTION ( 'NONE',  ( -0.7071067811865441300, -0.7071067811865507900, 1.479114197289397600E-031 ) ) ;
#6776 = VECTOR ( 'NONE', #6775, 1000.000000000000000 ) ;
#6777 = DIRECTION ( 'NONE',  ( -4.441713044927736800E-015, 0.6360782202777600600, -0.7716245833877231100 ) ) ;
#6778 = VECTOR ( 'NONE', #6777, 1000.000000000000100 ) ;
#6779 = CARTESIAN_POINT ( 'NONE',  ( 7.300000000000030900, -3.231341738560028700, -25.29099999999998600 ) ) ;
#6780 = LINE ( 'NONE', #6779, #6778 ) ;
#6781 = COLOUR_RGB ( '',0.7529411764705882200, 0.7529411764705882200, 0.7529411764705882200 ) ;
#6782 = FACE_OUTER_BOUND ( 'NONE', #3844, .T. ) ;
#6783 = CARTESIAN_POINT ( 'NONE',  ( -7.749999999999985800, 9.100000000000028100, -10.87999999999995300 ) ) ;
#6784 = CARTESIAN_POINT ( 'NONE',  ( -8.895454545454546400, 7.954545454545455000, -13.39999999999999900 ) ) ;
#6785 = DIRECTION ( 'NONE',  ( 2.465190328815662400E-032, 1.483603526480291300E-031, -1.000000000000000000 ) ) ;
#6786 = CARTESIAN_POINT ( 'NONE',  ( -12.20248447604060300, 3.279553002477026500, -2.999999999999999100 ) ) ;
#6787 = AXIS2_PLACEMENT_3D ( 'NONE', #6786, #6785, #6725 ) ;
#6788 = CIRCLE ( 'NONE', #6787, 0.9999999999999991100 ) ;
#6789 = CARTESIAN_POINT ( 'NONE',  ( -13.19999999999999600, 3.349999999999933000, -18.49999999999999600 ) ) ;
#6790 = CARTESIAN_POINT ( 'NONE',  ( -13.05637845234521800, 3.799999999999998000, -2.999999999999999100 ) ) ;
#6791 = CARTESIAN_POINT ( 'NONE',  ( -6.499999999999987600, -1.600000000000049200, -27.49999999999998600 ) ) ;
#6792 = DIRECTION ( 'NONE',  ( 1.000000000000000000, 6.982966722218761000E-015, -4.930380657631323800E-032 ) ) ;
#6793 = VECTOR ( 'NONE', #6792, 1000.000000000000000 ) ;
#6794 = CARTESIAN_POINT ( 'NONE',  ( -6.699999999999993100, -1.600000000000046900, -27.49999999999998600 ) ) ;
#6795 = LINE ( 'NONE', #6794, #6793 ) ;
#6796 = CARTESIAN_POINT ( 'NONE',  ( -6.700000000000000200, -0.6000000000000460500, -26.49999999999998900 ) ) ;
#6797 = DIRECTION ( 'NONE',  ( -2.465190328815480400E-032, -2.613027716722784600E-031, 1.000000000000000000 ) ) ;
#6798 = DIRECTION ( 'NONE',  ( 6.982966722218767300E-015, -1.000000000000000000, -2.613027716722782900E-031 ) ) ;
#6799 = CARTESIAN_POINT ( 'NONE',  ( 8.100000000000006800, 0.5000000000000568400, -20.69999999999998900 ) ) ;
#6800 = CIRCLE ( 'NONE', #6770, 0.9999999999999991100 ) ;
#6801 = PLANE ( 'NONE',  #6771 ) ;
#6802 = AXIS2_PLACEMENT_3D ( 'NONE', #6799, #6798, #6797 ) ;
#6803 = PLANE ( 'NONE',  #6802 ) ;
#6804 =( GEOMETRIC_REPRESENTATION_CONTEXT ( 3 ) GLOBAL_UNCERTAINTY_ASSIGNED_CONTEXT ( ( #6726 ) ) GLOBAL_UNIT_ASSIGNED_CONTEXT ( ( #6710, #6709, #6727 ) ) REPRESENTATION_CONTEXT ( 'NONE', 'WORKASPACE' ) );
#6805 =( GEOMETRIC_REPRESENTATION_CONTEXT ( 3 ) GLOBAL_UNCERTAINTY_ASSIGNED_CONTEXT ( ( #6711 ) ) GLOBAL_UNIT_ASSIGNED_CONTEXT ( ( #5875, #5874, #5849 ) ) REPRESENTATION_CONTEXT ( 'NONE', 'WORKASPACE' ) );
#6806 = DIRECTION ( 'NONE',  ( -0.1400280084028057100, 0.7001400420140048200, 0.7001400420140040400 ) ) ;
#6807 = VECTOR ( 'NONE', #6806, 1000.000000000000100 ) ;
#6808 = CARTESIAN_POINT ( 'NONE',  ( -6.503921568627443000, -1.580392156862793200, -27.48039215686273100 ) ) ;
#6809 = LINE ( 'NONE', #6808, #6807 ) ;
#6810 = CARTESIAN_POINT ( 'NONE',  ( 8.100000000000017400, -2.761155288377190600, -25.28189816585586800 ) ) ;
#6811 = DIRECTION ( 'NONE',  ( -4.441713044927736800E-015, 0.6360782202777600600, 0.7716245833877232200 ) ) ;
#6812 = VECTOR ( 'NONE', #6811, 1000.000000000000000 ) ;
#6813 = CARTESIAN_POINT ( 'NONE',  ( 8.100000000000017400, -2.761155288377190600, -25.28189816585586800 ) ) ;
#6814 = LINE ( 'NONE', #6813, #6812 ) ;
#6815 = CARTESIAN_POINT ( 'NONE',  ( 7.300000000000021100, -2.761155288377196400, -25.28189816585586800 ) ) ;
#6816 = DIRECTION ( 'NONE',  ( 0.7071067811865398000, 0.7071067811865553400, -9.860761315262649800E-032 ) ) ;
#6817 = DIRECTION ( 'NONE',  ( 0.7071067811865553400, -0.7071067811865398000, 9.860761315262651900E-032 ) ) ;
#6818 = CARTESIAN_POINT ( 'NONE',  ( -12.70710678117888800, 4.142893218821028800, -16.69999999999999600 ) ) ;
#6819 = CARTESIAN_POINT ( 'NONE',  ( -13.19999999999999600, 3.349999999999976100, -4.799999999999998900 ) ) ;
#6820 = AXIS2_PLACEMENT_3D ( 'NONE', #6818, #6817, #6816 ) ;
#6821 = PLANE ( 'NONE',  #6820 ) ;
#6822 = UNCERTAINTY_MEASURE_WITH_UNIT (LENGTH_MEASURE( 1.000000000000000100E-005 ), #6825, 'distance_accuracy_value', 'NONE');
#6823 =( NAMED_UNIT ( * ) SI_UNIT ( $, .STERADIAN. ) SOLID_ANGLE_UNIT ( ) );
#6824 =( NAMED_UNIT ( * ) PLANE_ANGLE_UNIT ( ) SI_UNIT ( $, .RADIAN. ) );
#6825 =( LENGTH_UNIT ( ) NAMED_UNIT ( * ) SI_UNIT ( .MILLI., .METRE. ) );
#6826 = MECHANICAL_DESIGN_GEOMETRIC_PRESENTATION_REPRESENTATION (  '', ( #6828 ), #6876 ) ;
#6827 = PRESENTATION_LAYER_ASSIGNMENT (  '', '', ( #6828 ) ) ;
#6828 = STYLED_ITEM ( 'NONE', ( #6829 ), #3717 ) ;
#6829 = PRESENTATION_STYLE_ASSIGNMENT (( #6830 ) ) ;
#6830 = SURFACE_STYLE_USAGE ( .BOTH. , #6831 ) ;
#6831 = SURFACE_SIDE_STYLE ('',( #6832 ) ) ;
#6832 = SURFACE_STYLE_FILL_AREA ( #6833 ) ;
#6833 = FILL_AREA_STYLE ('',( #6834 ) ) ;
#6834 = FILL_AREA_STYLE_COLOUR ( '', #6835 ) ;
#6835 = COLOUR_RGB ( '',0.2509803921568627400, 0.2509803921568627400, 0.2509803921568627400 ) ;
#6836 = FACE_OUTER_BOUND ( 'NONE', #3683, .T. ) ;
#6837 = CARTESIAN_POINT ( 'NONE',  ( 7.300000000000022900, -2.999999999999948000, -23.44999999999999200 ) ) ;
#6838 = AXIS2_PLACEMENT_3D ( 'NONE', #6837, #6959, #6958 ) ;
#6839 = CIRCLE ( 'NONE', #6838, 1.350000000000000500 ) ;
#6840 =( NAMED_UNIT ( * ) PLANE_ANGLE_UNIT ( ) SI_UNIT ( $, .RADIAN. ) );
#6841 =( LENGTH_UNIT ( ) NAMED_UNIT ( * ) SI_UNIT ( .MILLI., .METRE. ) );
#6842 = MECHANICAL_DESIGN_GEOMETRIC_PRESENTATION_REPRESENTATION (  '', ( #6844 ), #6939 ) ;
#6843 = PRESENTATION_LAYER_ASSIGNMENT (  '', '', ( #6844 ) ) ;
#6844 = STYLED_ITEM ( 'NONE', ( #6845 ), #3751 ) ;
#6845 = PRESENTATION_STYLE_ASSIGNMENT (( #6846 ) ) ;
#6846 = SURFACE_STYLE_USAGE ( .BOTH. , #6847 ) ;
#6847 = SURFACE_SIDE_STYLE ('',( #6848 ) ) ;
#6848 = SURFACE_STYLE_FILL_AREA ( #6849 ) ;
#6849 = FILL_AREA_STYLE ('',( #6850 ) ) ;
#6850 = FILL_AREA_STYLE_COLOUR ( '', #6851 ) ;
#6851 = COLOUR_RGB ( '',0.7529411764705882200, 0.7529411764705882200, 0.7529411764705882200 ) ;
#6852 = FACE_OUTER_BOUND ( 'NONE', #3767, .T. ) ;
#6853 = CARTESIAN_POINT ( 'NONE',  ( -12.20248447604058800, 3.279553002477024700, -16.69999999999999600 ) ) ;
#6854 = LINE ( 'NONE', #6886, #6885 ) ;
#6855 =( NAMED_UNIT ( * ) PLANE_ANGLE_UNIT ( ) SI_UNIT ( $, .RADIAN. ) );
#6856 = PLANE ( 'NONE',  #6954 ) ;
#6857 =( NAMED_UNIT ( * ) SI_UNIT ( $, .STERADIAN. ) SOLID_ANGLE_UNIT ( ) );
#6858 =( NAMED_UNIT ( * ) PLANE_ANGLE_UNIT ( ) SI_UNIT ( $, .RADIAN. ) );
#6859 =( LENGTH_UNIT ( ) NAMED_UNIT ( * ) SI_UNIT ( .MILLI., .METRE. ) );
#6860 =( LENGTH_UNIT ( ) NAMED_UNIT ( * ) SI_UNIT ( .MILLI., .METRE. ) );
#6861 = MECHANICAL_DESIGN_GEOMETRIC_PRESENTATION_REPRESENTATION (  '', ( #6960 ), #6949 ) ;
#6862 = PRESENTATION_LAYER_ASSIGNMENT (  '', '', ( #6960 ) ) ;
#6863 = CARTESIAN_POINT ( 'NONE',  ( 7.300000000000006000, -0.5999999999999454700, -26.49999999999998900 ) ) ;
#6864 = DIRECTION ( 'NONE',  ( -0.1400280084028057100, 0.7001400420140048200, 0.7001400420140040400 ) ) ;
#6865 = VECTOR ( 'NONE', #6864, 1000.000000000000100 ) ;
#6866 = CARTESIAN_POINT ( 'NONE',  ( 7.496078431372564100, -1.580392156862692600, -27.48039215686273100 ) ) ;
#6867 = LINE ( 'NONE', #6866, #6865 ) ;
#6868 = VECTOR ( 'NONE', #6895, 1000.000000000000000 ) ;
#6869 = CARTESIAN_POINT ( 'NONE',  ( 7.300000000000006000, -0.5999999999999454700, -26.49999999999998900 ) ) ;
#6870 = LINE ( 'NONE', #6869, #6868 ) ;
#6871 = CARTESIAN_POINT ( 'NONE',  ( 7.900000000000016300, -1.599999999999949000, -27.49999999999998600 ) ) ;
#6872 = CARTESIAN_POINT ( 'NONE',  ( 7.500000000000018700, -1.599999999999948600, -27.49999999999998600 ) ) ;
#6873 = DIRECTION ( 'NONE',  ( 1.000000000000000000, 6.982966722218761000E-015, -4.930380657631323800E-032 ) ) ;
#6874 = VECTOR ( 'NONE', #6873, 1000.000000000000000 ) ;
#6875 = CARTESIAN_POINT ( 'NONE',  ( 7.300000000000013100, -1.599999999999946400, -27.49999999999998600 ) ) ;
#6876 =( GEOMETRIC_REPRESENTATION_CONTEXT ( 3 ) GLOBAL_UNCERTAINTY_ASSIGNED_CONTEXT ( ( #6822 ) ) GLOBAL_UNIT_ASSIGNED_CONTEXT ( ( #6825, #6824, #6823 ) ) REPRESENTATION_CONTEXT ( 'NONE', 'WORKASPACE' ) );
#6877 = FILL_AREA_STYLE ('',( #6884 ) ) ;
#6878 = COLOUR_RGB ( '',0.7529411764705882200, 0.7529411764705882200, 0.7529411764705882200 ) ;
#6879 = FACE_OUTER_BOUND ( 'NONE', #3628, .T. ) ;
#6880 = DIRECTION ( 'NONE',  ( 2.465190328815480400E-032, 2.613027716722784600E-031, -1.000000000000000000 ) ) ;
#6881 = VECTOR ( 'NONE', #6880, 1000.000000000000000 ) ;
#6882 = CARTESIAN_POINT ( 'NONE',  ( 6.900000000000049200, -6.499999999999958300, -18.19999999999999200 ) ) ;
#6883 = LINE ( 'NONE', #6882, #6881 ) ;
#6884 = FILL_AREA_STYLE_COLOUR ( '', #6878 ) ;
#6885 = VECTOR ( 'NONE', #6890, 1000.000000000000000 ) ;
#6886 = CARTESIAN_POINT ( 'NONE',  ( -13.19999999999999600, -6.249999999999995600, -18.49999999999999300 ) ) ;
#6887 = DIRECTION ( 'NONE',  ( 1.000000000000000000, 0.0000000000000000000, 0.0000000000000000000 ) ) ;
#6888 = AXIS2_PLACEMENT_3D ( 'NONE', #6853, #6967, #6887 ) ;
#6889 = CYLINDRICAL_SURFACE ( 'NONE', #6888, 0.9999999999999991100 ) ;
#6890 = DIRECTION ( 'NONE',  ( 1.807003620809185700E-016, 1.000000000000000000, -1.558716694754502100E-031 ) ) ;
#6891 = DIRECTION ( 'NONE',  ( 2.465190328815480400E-032, 2.613027716722784600E-031, -1.000000000000000000 ) ) ;
#6892 = VECTOR ( 'NONE', #6891, 1000.000000000000000 ) ;
#6893 = CARTESIAN_POINT ( 'NONE',  ( 6.900000000000000400, 0.5000000000000416300, -18.19999999999999200 ) ) ;
#6894 = LINE ( 'NONE', #6893, #6892 ) ;
#6895 = DIRECTION ( 'NONE',  ( 1.000000000000000000, 6.982966722218761000E-015, -4.930380657631323800E-032 ) ) ;
#6896 = DIRECTION ( 'NONE',  ( -1.068920550270718300E-030, 1.495451272393800800E-016, -1.000000000000000000 ) ) ;
#6897 = DIRECTION ( 'NONE',  ( -6.982966722218764100E-015, 1.000000000000000000, 1.495451272393800800E-016 ) ) ;
#6898 = CARTESIAN_POINT ( 'NONE',  ( -6.699999999999993100, -0.6000000000000494900, -20.69999999999998900 ) ) ;
#6899 = AXIS2_PLACEMENT_3D ( 'NONE', #6898, #6897, #6896 ) ;
#6900 = PLANE ( 'NONE',  #6899 ) ;
#6901 =( GEOMETRIC_REPRESENTATION_CONTEXT ( 3 ) GLOBAL_UNCERTAINTY_ASSIGNED_CONTEXT ( ( #6902 ) ) GLOBAL_UNIT_ASSIGNED_CONTEXT ( ( #6907, #6906, #6903 ) ) REPRESENTATION_CONTEXT ( 'NONE', 'WORKASPACE' ) );
#6902 = UNCERTAINTY_MEASURE_WITH_UNIT (LENGTH_MEASURE( 1.000000000000000100E-005 ), #6907, 'distance_accuracy_value', 'NONE');
#6903 =( NAMED_UNIT ( * ) SI_UNIT ( $, .STERADIAN. ) SOLID_ANGLE_UNIT ( ) );
#6904 = UNCERTAINTY_MEASURE_WITH_UNIT (LENGTH_MEASURE( 1.000000000000000100E-005 ), #6860, 'distance_accuracy_value', 'NONE');
#6905 =( NAMED_UNIT ( * ) SI_UNIT ( $, .STERADIAN. ) SOLID_ANGLE_UNIT ( ) );
#6906 =( NAMED_UNIT ( * ) PLANE_ANGLE_UNIT ( ) SI_UNIT ( $, .RADIAN. ) );
#6907 =( LENGTH_UNIT ( ) NAMED_UNIT ( * ) SI_UNIT ( .MILLI., .METRE. ) );
#6908 = MECHANICAL_DESIGN_GEOMETRIC_PRESENTATION_REPRESENTATION (  '', ( #6910 ), #6901 ) ;
#6909 = PRESENTATION_LAYER_ASSIGNMENT (  '', '', ( #6910 ) ) ;
#6910 = STYLED_ITEM ( 'NONE', ( #6911 ), #3744 ) ;
#6911 = PRESENTATION_STYLE_ASSIGNMENT (( #6912 ) ) ;
#6912 = SURFACE_STYLE_USAGE ( .BOTH. , #6913 ) ;
#6913 = SURFACE_SIDE_STYLE ('',( #6914 ) ) ;
#6914 = SURFACE_STYLE_FILL_AREA ( #6921 ) ;
#6915 = COLOUR_RGB ( '',0.7529411764705882200, 0.7529411764705882200, 0.7529411764705882200 ) ;
#6916 = FACE_OUTER_BOUND ( 'NONE', #3310, .T. ) ;
#6917 = DIRECTION ( 'NONE',  ( -2.465190328815480400E-032, -2.613027716722784600E-031, 1.000000000000000000 ) ) ;
#6918 = DIRECTION ( 'NONE',  ( 6.982966722218767300E-015, -1.000000000000000000, -2.613027716722782900E-031 ) ) ;
#6919 = CARTESIAN_POINT ( 'NONE',  ( 8.100000000000040500, -6.499999999999942300, -20.69999999999998900 ) ) ;
#6920 = AXIS2_PLACEMENT_3D ( 'NONE', #6919, #6918, #6917 ) ;
#6921 = FILL_AREA_STYLE ('',( #6922 ) ) ;
#6922 = FILL_AREA_STYLE_COLOUR ( '', #6915 ) ;
#6923 = PLANE ( 'NONE',  #6920 ) ;
#6924 =( GEOMETRIC_REPRESENTATION_CONTEXT ( 3 ) GLOBAL_UNCERTAINTY_ASSIGNED_CONTEXT ( ( #6925 ) ) GLOBAL_UNIT_ASSIGNED_CONTEXT ( ( #6859, #6858, #6857 ) ) REPRESENTATION_CONTEXT ( 'NONE', 'WORKASPACE' ) );
#6925 = UNCERTAINTY_MEASURE_WITH_UNIT (LENGTH_MEASURE( 1.000000000000000100E-005 ), #6859, 'distance_accuracy_value', 'NONE');
#6926 = LINE ( 'NONE', #7036, #7013 ) ;
#6927 = CARTESIAN_POINT ( 'NONE',  ( 7.888235294117666100, -1.658823529411713100, -27.55882352941175000 ) ) ;
#6928 = CARTESIAN_POINT ( 'NONE',  ( -13.19999999999999600, -6.249999999999995600, -18.49999999999999300 ) ) ;
#6929 = DIRECTION ( 'NONE',  ( -1.000000000000000000, 0.0000000000000000000, 0.0000000000000000000 ) ) ;
#6930 = DIRECTION ( 'NONE',  ( 2.465190328815662400E-032, 1.483603526480291300E-031, -1.000000000000000000 ) ) ;
#6931 = CARTESIAN_POINT ( 'NONE',  ( -12.20248447604058800, 3.279553002477024700, -18.49999999999999600 ) ) ;
#6932 = AXIS2_PLACEMENT_3D ( 'NONE', #6931, #6930, #6929 ) ;
#6933 = DIRECTION ( 'NONE',  ( 0.0000000000000000000, 0.0000000000000000000, 1.000000000000000000 ) ) ;
#6934 = DIRECTION ( 'NONE',  ( 1.000000000000000000, 6.982966722218761000E-015, -4.930380657631323800E-032 ) ) ;
#6935 = AXIS2_PLACEMENT_3D ( 'NONE', #6938, #6934, #6933 ) ;
#6936 = CYLINDRICAL_SURFACE ( 'NONE', #6935, 0.2999999999999981600 ) ;
#6937 = CIRCLE ( 'NONE', #6932, 1.000000000000000900 ) ;
#6938 = CARTESIAN_POINT ( 'NONE',  ( -6.699999999999983300, -2.999854363543810200, -25.10017653391665600 ) ) ;
#6939 =( GEOMETRIC_REPRESENTATION_CONTEXT ( 3 ) GLOBAL_UNCERTAINTY_ASSIGNED_CONTEXT ( ( #6940 ) ) GLOBAL_UNIT_ASSIGNED_CONTEXT ( ( #6841, #6840, #6941 ) ) REPRESENTATION_CONTEXT ( 'NONE', 'WORKASPACE' ) );
#6940 = UNCERTAINTY_MEASURE_WITH_UNIT (LENGTH_MEASURE( 1.000000000000000100E-005 ), #6841, 'distance_accuracy_value', 'NONE');
#6941 =( NAMED_UNIT ( * ) SI_UNIT ( $, .STERADIAN. ) SOLID_ANGLE_UNIT ( ) );
#6942 = MECHANICAL_DESIGN_GEOMETRIC_PRESENTATION_REPRESENTATION (  '', ( #6944 ), #6924 ) ;
#6943 = PRESENTATION_LAYER_ASSIGNMENT (  '', '', ( #6944 ) ) ;
#6944 = STYLED_ITEM ( 'NONE', ( #6945 ), #3743 ) ;
#6945 = PRESENTATION_STYLE_ASSIGNMENT (( #6946 ) ) ;
#6946 = SURFACE_STYLE_USAGE ( .BOTH. , #6947 ) ;
#6947 = SURFACE_SIDE_STYLE ('',( #6948 ) ) ;
#6948 = SURFACE_STYLE_FILL_AREA ( #6877 ) ;
#6949 =( GEOMETRIC_REPRESENTATION_CONTEXT ( 3 ) GLOBAL_UNCERTAINTY_ASSIGNED_CONTEXT ( ( #6904 ) ) GLOBAL_UNIT_ASSIGNED_CONTEXT ( ( #6860, #6855, #6905 ) ) REPRESENTATION_CONTEXT ( 'NONE', 'WORKASPACE' ) );
#6950 = LINE ( 'NONE', #6875, #6874 ) ;
#6951 = DIRECTION ( 'NONE',  ( 4.937703122080894400E-015, -0.7071067811865484600, -0.7071067811865465700 ) ) ;
#6952 = DIRECTION ( 'NONE',  ( -4.937703122080882500E-015, 0.7071067811865465700, -0.7071067811865484600 ) ) ;
#6953 = CARTESIAN_POINT ( 'NONE',  ( 7.300000000000013100, -1.599999999999946400, -27.49999999999998600 ) ) ;
#6954 = AXIS2_PLACEMENT_3D ( 'NONE', #6953, #6952, #6951 ) ;
#6955 = COLOUR_RGB ( '',0.7529411764705882200, 0.7529411764705882200, 0.7529411764705882200 ) ;
#6956 = FACE_OUTER_BOUND ( 'NONE', #3729, .T. ) ;
#6957 = CARTESIAN_POINT ( 'NONE',  ( 7.300000000000014900, -1.935988547152525300, -24.28089086419908700 ) ) ;
#6958 = DIRECTION ( 'NONE',  ( 0.0000000000000000000, 0.0000000000000000000, 1.000000000000000000 ) ) ;
#6959 = DIRECTION ( 'NONE',  ( 1.000000000000000000, 6.982966722218761000E-015, -4.930380657631323800E-032 ) ) ;
#6960 = STYLED_ITEM ( 'NONE', ( #6961 ), #3728 ) ;
#6961 = PRESENTATION_STYLE_ASSIGNMENT (( #6962 ) ) ;
#6962 = SURFACE_STYLE_USAGE ( .BOTH. , #6963 ) ;
#6963 = SURFACE_SIDE_STYLE ('',( #6964 ) ) ;
#6964 = SURFACE_STYLE_FILL_AREA ( #6965 ) ;
#6965 = FILL_AREA_STYLE ('',( #6966 ) ) ;
#6966 = FILL_AREA_STYLE_COLOUR ( '', #6955 ) ;
#6967 = DIRECTION ( 'NONE',  ( -2.465190328815663000E-032, -1.237084493598725400E-031, 1.000000000000000000 ) ) ;
#6968 = LINE ( 'NONE', #7080, #7079 ) ;
#6969 = FILL_AREA_STYLE_COLOUR ( '', #7076 ) ;
#6970 = DIRECTION ( 'NONE',  ( 0.1400280084028036600, -0.7001400420140034800, 0.7001400420140057000 ) ) ;
#6971 = VECTOR ( 'NONE', #6970, 1000.000000000000100 ) ;
#6972 = CARTESIAN_POINT ( 'NONE',  ( 8.084313725490243700, -5.321568627450922400, -26.57843137254900500 ) ) ;
#6973 = LINE ( 'NONE', #6972, #6971 ) ;
#6974 = DIRECTION ( 'NONE',  ( 0.1400280084027962200, 0.7001400420140052600, -0.7001400420140055900 ) ) ;
#6975 = VECTOR ( 'NONE', #6974, 1000.000000000000100 ) ;
#6976 = CARTESIAN_POINT ( 'NONE',  ( 7.300000000000053100, -5.399999999999944400, -26.49999999999998600 ) ) ;
#6977 = CARTESIAN_POINT ( 'NONE',  ( 7.300000000000053100, -5.399999999999944400, -26.49999999999998600 ) ) ;
#6978 = LINE ( 'NONE', #6976, #6975 ) ;
#6979 = DIRECTION ( 'NONE',  ( 1.000000000000000000, 6.982966722218761000E-015, -4.930380657631323800E-032 ) ) ;
#6980 = VECTOR ( 'NONE', #6979, 1000.000000000000000 ) ;
#6981 = CARTESIAN_POINT ( 'NONE',  ( 7.300000000000053100, -5.399999999999944400, -26.49999999999998600 ) ) ;
#6982 = DIRECTION ( 'NONE',  ( 4.937703122080884100E-015, -0.7071067811865468000, 0.7071067811865481300 ) ) ;
#6983 = DIRECTION ( 'NONE',  ( 4.937703122080893600E-015, -0.7071067811865482400, -0.7071067811865469100 ) ) ;
#6984 = CARTESIAN_POINT ( 'NONE',  ( 7.300000000000053100, -5.399999999999944400, -26.49999999999998600 ) ) ;
#6985 = AXIS2_PLACEMENT_3D ( 'NONE', #6984, #6983, #6982 ) ;
#6986 = LINE ( 'NONE', #6981, #6980 ) ;
#6987 = PLANE ( 'NONE',  #6985 ) ;
#6988 =( GEOMETRIC_REPRESENTATION_CONTEXT ( 3 ) GLOBAL_UNCERTAINTY_ASSIGNED_CONTEXT ( ( #6989 ) ) GLOBAL_UNIT_ASSIGNED_CONTEXT ( ( #7096, #7095, #6990 ) ) REPRESENTATION_CONTEXT ( 'NONE', 'WORKASPACE' ) );
#6989 = UNCERTAINTY_MEASURE_WITH_UNIT (LENGTH_MEASURE( 1.000000000000000100E-005 ), #7096, 'distance_accuracy_value', 'NONE');
#6990 =( NAMED_UNIT ( * ) SI_UNIT ( $, .STERADIAN. ) SOLID_ANGLE_UNIT ( ) );
#6991 = DIRECTION ( 'NONE',  ( 1.000000000000000000, 6.982966722218762600E-015, -2.465190328815661900E-032 ) ) ;
#6992 = SURFACE_STYLE_FILL_AREA ( #6993 ) ;
#6993 = FILL_AREA_STYLE ('',( #6994 ) ) ;
#6994 = FILL_AREA_STYLE_COLOUR ( '', #6995 ) ;
#6995 = COLOUR_RGB ( '',0.7529411764705882200, 0.7529411764705882200, 0.7529411764705882200 ) ;
#6996 = FACE_OUTER_BOUND ( 'NONE', #3793, .T. ) ;
#6997 =( GEOMETRIC_REPRESENTATION_CONTEXT ( 3 ) GLOBAL_UNCERTAINTY_ASSIGNED_CONTEXT ( ( #7041 ) ) GLOBAL_UNIT_ASSIGNED_CONTEXT ( ( #7112, #7111, #7042 ) ) REPRESENTATION_CONTEXT ( 'NONE', 'WORKASPACE' ) );
#6998 = FILL_AREA_STYLE_COLOUR ( '', #6999 ) ;
#6999 = COLOUR_RGB ( '',0.7529411764705882200, 0.7529411764705882200, 0.7529411764705882200 ) ;
#7000 = DIRECTION ( 'NONE',  ( 0.0000000000000000000, 0.0000000000000000000, 1.000000000000000000 ) ) ;
#7001 = DIRECTION ( 'NONE',  ( 1.000000000000000000, 6.982966722218761000E-015, -4.930380657631323800E-032 ) ) ;
#7002 = CARTESIAN_POINT ( 'NONE',  ( -6.699999999999983300, -3.000000000000048800, -23.44999999999999200 ) ) ;
#7003 = AXIS2_PLACEMENT_3D ( 'NONE', #7002, #7001, #7000 ) ;
#7004 = CIRCLE ( 'NONE', #7003, 1.350000000000000500 ) ;
#7005 = FACE_OUTER_BOUND ( 'NONE', #3664, .T. ) ;
#7006 = CARTESIAN_POINT ( 'NONE',  ( -6.699999999999983300, -3.000000000000046200, -22.09999999999999100 ) ) ;
#7007 = DIRECTION ( 'NONE',  ( 0.0000000000000000000, 0.0000000000000000000, 1.000000000000000000 ) ) ;
#7008 = DIRECTION ( 'NONE',  ( 1.000000000000000000, 6.982966722218761000E-015, -4.930380657631323800E-032 ) ) ;
#7009 = VECTOR ( 'NONE', #7008, 1000.000000000000000 ) ;
#7010 = CARTESIAN_POINT ( 'NONE',  ( -6.700000000000000200, -0.6000000000000460500, -26.49999999999998900 ) ) ;
#7011 = CARTESIAN_POINT ( 'NONE',  ( -6.699999999999953100, -5.400000000000045700, -26.49999999999998600 ) ) ;
#7012 = LINE ( 'NONE', #7011, #7018 ) ;
#7013 = VECTOR ( 'NONE', #7037, 1000.000000000000000 ) ;
#7014 = DIRECTION ( 'NONE',  ( -2.465190328815663000E-032, -1.237084493598725400E-031, 1.000000000000000000 ) ) ;
#7015 = CARTESIAN_POINT ( 'NONE',  ( -6.699999999999993100, -0.6000000000000494900, -20.69999999999998900 ) ) ;
#7016 = LINE ( 'NONE', #7015, #7054 ) ;
#7017 = DIRECTION ( 'NONE',  ( 1.000000000000000000, 6.982966722218761000E-015, -4.930380657631323800E-032 ) ) ;
#7018 = VECTOR ( 'NONE', #7017, 1000.000000000000000 ) ;
#7019 =( LENGTH_UNIT ( ) NAMED_UNIT ( * ) SI_UNIT ( .MILLI., .METRE. ) );
#7020 = MECHANICAL_DESIGN_GEOMETRIC_PRESENTATION_REPRESENTATION (  '', ( #7022 ), #7032 ) ;
#7021 = PRESENTATION_LAYER_ASSIGNMENT (  '', '', ( #7022 ) ) ;
#7022 = STYLED_ITEM ( 'NONE', ( #7023 ), #3792 ) ;
#7023 = PRESENTATION_STYLE_ASSIGNMENT (( #7024 ) ) ;
#7024 = SURFACE_STYLE_USAGE ( .BOTH. , #7025 ) ;
#7025 = SURFACE_SIDE_STYLE ('',( #6992 ) ) ;
#7026 = VECTOR ( 'NONE', #6991, 1000.000000000000000 ) ;
#7027 = CARTESIAN_POINT ( 'NONE',  ( 0.2999999999999880000, 1.935988547152566600, -24.28089086419906900 ) ) ;
#7028 = LINE ( 'NONE', #7027, #7026 ) ;
#7029 = LINE ( 'NONE', #7010, #7009 ) ;
#7030 = CARTESIAN_POINT ( 'NONE',  ( -6.699999999999953100, -5.400000000000045700, -26.49999999999998600 ) ) ;
#7031 = CARTESIAN_POINT ( 'NONE',  ( 1.099999999999982800, 3.000000000000002700, -22.09999999999999100 ) ) ;
#7032 =( GEOMETRIC_REPRESENTATION_CONTEXT ( 3 ) GLOBAL_UNCERTAINTY_ASSIGNED_CONTEXT ( ( #7033 ) ) GLOBAL_UNIT_ASSIGNED_CONTEXT ( ( #7019, #7035, #7034 ) ) REPRESENTATION_CONTEXT ( 'NONE', 'WORKASPACE' ) );
#7033 = UNCERTAINTY_MEASURE_WITH_UNIT (LENGTH_MEASURE( 1.000000000000000100E-005 ), #7019, 'distance_accuracy_value', 'NONE');
#7034 =( NAMED_UNIT ( * ) SI_UNIT ( $, .STERADIAN. ) SOLID_ANGLE_UNIT ( ) );
#7035 =( NAMED_UNIT ( * ) PLANE_ANGLE_UNIT ( ) SI_UNIT ( $, .RADIAN. ) );
#7036 = CARTESIAN_POINT ( 'NONE',  ( -13.05637845234521800, 3.799999999999996300, -16.69999999999999600 ) ) ;
#7037 = DIRECTION ( 'NONE',  ( -2.465190328815663000E-032, -1.237084493598725400E-031, 1.000000000000000000 ) ) ;
#7038 = VECTOR ( 'NONE', #7014, 1000.000000000000000 ) ;
#7039 = LINE ( 'NONE', #7057, #7056 ) ;
#7040 = CARTESIAN_POINT ( 'NONE',  ( -6.099999999999989900, -1.600000000000049800, -27.49999999999998600 ) ) ;
#7041 = UNCERTAINTY_MEASURE_WITH_UNIT (LENGTH_MEASURE( 1.000000000000000100E-005 ), #7112, 'distance_accuracy_value', 'NONE');
#7042 =( NAMED_UNIT ( * ) SI_UNIT ( $, .STERADIAN. ) SOLID_ANGLE_UNIT ( ) );
#7043 = DIRECTION ( 'NONE',  ( 1.000000000000000000, 6.982966722218761000E-015, -4.930380657631323800E-032 ) ) ;
#7044 = AXIS2_PLACEMENT_3D ( 'NONE', #7047, #7043, #7007 ) ;
#7045 = CYLINDRICAL_SURFACE ( 'NONE', #7044, 1.350000000000000500 ) ;
#7046 = CARTESIAN_POINT ( 'NONE',  ( 3.650000000000000400, 9.599999999999994300, -2.999999999999999100 ) ) ;
#7047 = CARTESIAN_POINT ( 'NONE',  ( -6.699999999999983300, -3.000000000000048800, -23.44999999999999200 ) ) ;
#7048 = CARTESIAN_POINT ( 'NONE',  ( -5.899999999999988800, -3.000000000000046200, -22.09999999999999100 ) ) ;
#7049 = DIRECTION ( 'NONE',  ( 1.000000000000000000, 6.982966722218761000E-015, -4.930380657631323800E-032 ) ) ;
#7050 = VECTOR ( 'NONE', #7049, 1000.000000000000000 ) ;
#7051 = CARTESIAN_POINT ( 'NONE',  ( -6.699999999999983300, -3.000000000000048800, -22.09999999999999100 ) ) ;
#7052 = LINE ( 'NONE', #7051, #7050 ) ;
#7053 = DIRECTION ( 'NONE',  ( 1.044268646982562200E-030, -1.495451272393801300E-016, 1.000000000000000000 ) ) ;
#7054 = VECTOR ( 'NONE', #7053, 1000.000000000000000 ) ;
#7055 = DIRECTION ( 'NONE',  ( 2.465190328815480400E-032, 2.613027716722784600E-031, -1.000000000000000000 ) ) ;
#7056 = VECTOR ( 'NONE', #7055, 1000.000000000000000 ) ;
#7057 = CARTESIAN_POINT ( 'NONE',  ( -7.099999999999957000, -6.500000000000058600, -18.19999999999999200 ) ) ;
#7058 = MECHANICAL_DESIGN_GEOMETRIC_PRESENTATION_REPRESENTATION (  '', ( #7060 ), #6997 ) ;
#7059 = PRESENTATION_LAYER_ASSIGNMENT (  '', '', ( #7060 ) ) ;
#7060 = STYLED_ITEM ( 'NONE', ( #7061 ), #3791 ) ;
#7061 = PRESENTATION_STYLE_ASSIGNMENT (( #7062 ) ) ;
#7062 = SURFACE_STYLE_USAGE ( .BOTH. , #7063 ) ;
#7063 = SURFACE_SIDE_STYLE ('',( #7064 ) ) ;
#7064 = SURFACE_STYLE_FILL_AREA ( #7065 ) ;
#7065 = FILL_AREA_STYLE ('',( #7066 ) ) ;
#7066 = FILL_AREA_STYLE_COLOUR ( '', #7067 ) ;
#7067 = COLOUR_RGB ( '',0.7960784313725489700, 0.8235294117647058400, 0.9372549019607843100 ) ;
#7068 = MECHANICAL_DESIGN_GEOMETRIC_PRESENTATION_REPRESENTATION (  '', ( #7070 ), #7089 ) ;
#7069 = PRESENTATION_LAYER_ASSIGNMENT (  '', '', ( #7070 ) ) ;
#7070 = STYLED_ITEM ( 'NONE', ( #7071 ), #3813 ) ;
#7071 = PRESENTATION_STYLE_ASSIGNMENT (( #7072 ) ) ;
#7072 = SURFACE_STYLE_USAGE ( .BOTH. , #7073 ) ;
#7073 = SURFACE_SIDE_STYLE ('',( #7074 ) ) ;
#7074 = SURFACE_STYLE_FILL_AREA ( #7075 ) ;
#7075 = FILL_AREA_STYLE ('',( #6969 ) ) ;
#7076 = COLOUR_RGB ( '',0.7529411764705882200, 0.7529411764705882200, 0.7529411764705882200 ) ;
#7077 = FACE_OUTER_BOUND ( 'NONE', #3318, .T. ) ;
#7078 = DIRECTION ( 'NONE',  ( 2.465190328815480400E-032, 2.613027716722784600E-031, -1.000000000000000000 ) ) ;
#7079 = VECTOR ( 'NONE', #7078, 1000.000000000000000 ) ;
#7080 = CARTESIAN_POINT ( 'NONE',  ( -7.100000000000005900, 0.4999999999999410500, -18.19999999999999200 ) ) ;
#7081 = CARTESIAN_POINT ( 'NONE',  ( -13.19999999999999600, 3.349999999999933000, -16.69999999999999600 ) ) ;
#7082 = LINE ( 'NONE', #7081, #7038 ) ;
#7083 = LINE ( 'NONE', #6927, #7226 ) ;
#7084 = DIRECTION ( 'NONE',  ( -2.465190328815480400E-032, -2.613027716722784600E-031, 1.000000000000000000 ) ) ;
#7085 = DIRECTION ( 'NONE',  ( 6.982966722218767300E-015, -1.000000000000000000, -2.613027716722782900E-031 ) ) ;
#7086 = CARTESIAN_POINT ( 'NONE',  ( -5.899999999999963900, -6.500000000000042600, -20.69999999999998900 ) ) ;
#7087 = AXIS2_PLACEMENT_3D ( 'NONE', #7086, #7085, #7084 ) ;
#7088 = PLANE ( 'NONE',  #7087 ) ;
#7089 =( GEOMETRIC_REPRESENTATION_CONTEXT ( 3 ) GLOBAL_UNCERTAINTY_ASSIGNED_CONTEXT ( ( #7090 ) ) GLOBAL_UNIT_ASSIGNED_CONTEXT ( ( #7093, #7092, #7091 ) ) REPRESENTATION_CONTEXT ( 'NONE', 'WORKASPACE' ) );
#7090 = UNCERTAINTY_MEASURE_WITH_UNIT (LENGTH_MEASURE( 1.000000000000000100E-005 ), #7093, 'distance_accuracy_value', 'NONE');
#7091 =( NAMED_UNIT ( * ) SI_UNIT ( $, .STERADIAN. ) SOLID_ANGLE_UNIT ( ) );
#7092 =( NAMED_UNIT ( * ) PLANE_ANGLE_UNIT ( ) SI_UNIT ( $, .RADIAN. ) );
#7093 =( LENGTH_UNIT ( ) NAMED_UNIT ( * ) SI_UNIT ( .MILLI., .METRE. ) );
#7094 = CARTESIAN_POINT ( 'NONE',  ( -7.592893218813519400, 7.857106781186543800, -16.69999999999999200 ) ) ;
#7095 =( NAMED_UNIT ( * ) PLANE_ANGLE_UNIT ( ) SI_UNIT ( $, .RADIAN. ) );
#7096 =( LENGTH_UNIT ( ) NAMED_UNIT ( * ) SI_UNIT ( .MILLI., .METRE. ) );
#7097 = MECHANICAL_DESIGN_GEOMETRIC_PRESENTATION_REPRESENTATION (  '', ( #7099 ), #6988 ) ;
#7098 = PRESENTATION_LAYER_ASSIGNMENT (  '', '', ( #7099 ) ) ;
#7099 = STYLED_ITEM ( 'NONE', ( #7100 ), #3798 ) ;
#7100 = PRESENTATION_STYLE_ASSIGNMENT (( #7101 ) ) ;
#7101 = SURFACE_STYLE_USAGE ( .BOTH. , #7102 ) ;
#7102 = SURFACE_SIDE_STYLE ('',( #7103 ) ) ;
#7103 = SURFACE_STYLE_FILL_AREA ( #7104 ) ;
#7104 = FILL_AREA_STYLE ('',( #6998 ) ) ;
#7105 = CARTESIAN_POINT ( 'NONE',  ( -6.699999999999977100, -4.064011452847468700, -24.28089086419908700 ) ) ;
#7106 = CARTESIAN_POINT ( 'NONE',  ( -5.899999999999981700, -4.064011452847462500, -24.28089086419908700 ) ) ;
#7107 = DIRECTION ( 'NONE',  ( 1.000000000000000000, 6.982966722218761000E-015, -4.930380657631323800E-032 ) ) ;
#7108 = VECTOR ( 'NONE', #7107, 1000.000000000000000 ) ;
#7109 = CARTESIAN_POINT ( 'NONE',  ( -6.699999999999977100, -4.064011452847468700, -24.28089086419908700 ) ) ;
#7110 = LINE ( 'NONE', #7109, #7108 ) ;
#7111 =( NAMED_UNIT ( * ) PLANE_ANGLE_UNIT ( ) SI_UNIT ( $, .RADIAN. ) );
#7112 =( LENGTH_UNIT ( ) NAMED_UNIT ( * ) SI_UNIT ( .MILLI., .METRE. ) );
#7113 =( LENGTH_UNIT ( ) NAMED_UNIT ( * ) SI_UNIT ( .MILLI., .METRE. ) );
#7114 = CARTESIAN_POINT ( 'NONE',  ( 0.2999999999999806200, 3.000000000000000000, -23.44999999999999200 ) ) ;
#7115 = CIRCLE ( 'NONE', #7139, 1.350000000000000500 ) ;
#7116 = FILL_AREA_STYLE_COLOUR ( '', #7135 ) ;
#7117 = CARTESIAN_POINT ( 'NONE',  ( -13.19999999999999600, -3.199999999999998000, -2.999999999999999100 ) ) ;
#7118 = DIRECTION ( 'NONE',  ( 0.0000000000000000000, -1.000000000000000000, -2.891205793294679000E-015 ) ) ;
#7119 = VECTOR ( 'NONE', #7118, 1000.000000000000000 ) ;
#7120 = CARTESIAN_POINT ( 'NONE',  ( 3.650000000000000400, 9.599999999999994300, -2.999999999999999100 ) ) ;
#7121 = LINE ( 'NONE', #7120, #7119 ) ;
#7122 = CARTESIAN_POINT ( 'NONE',  ( -13.19999999999999600, 3.199999999999996200, -4.799999999999998900 ) ) ;
#7123 = DIRECTION ( 'NONE',  ( -2.465190328815662400E-032, -1.483603526480291300E-031, 1.000000000000000000 ) ) ;
#7124 = VECTOR ( 'NONE', #7123, 1000.000000000000000 ) ;
#7125 = CARTESIAN_POINT ( 'NONE',  ( -13.19999999999999600, 3.199999999999996200, -16.69999999999999600 ) ) ;
#7126 =( LENGTH_UNIT ( ) NAMED_UNIT ( * ) SI_UNIT ( .MILLI., .METRE. ) );
#7127 = MECHANICAL_DESIGN_GEOMETRIC_PRESENTATION_REPRESENTATION (  '', ( #7129 ), #7173 ) ;
#7128 = PRESENTATION_LAYER_ASSIGNMENT (  '', '', ( #7129 ) ) ;
#7129 = STYLED_ITEM ( 'NONE', ( #7130 ), #3865 ) ;
#7130 = PRESENTATION_STYLE_ASSIGNMENT (( #7131 ) ) ;
#7131 = SURFACE_STYLE_USAGE ( .BOTH. , #7132 ) ;
#7132 = SURFACE_SIDE_STYLE ('',( #7133 ) ) ;
#7133 = SURFACE_STYLE_FILL_AREA ( #7134 ) ;
#7134 = FILL_AREA_STYLE ('',( #7116 ) ) ;
#7135 = COLOUR_RGB ( '',0.2509803921568627400, 0.2509803921568627400, 0.2509803921568627400 ) ;
#7136 = FACE_OUTER_BOUND ( 'NONE', #3866, .T. ) ;
#7137 = DIRECTION ( 'NONE',  ( 0.0000000000000000000, 0.0000000000000000000, 1.000000000000000000 ) ) ;
#7138 = DIRECTION ( 'NONE',  ( 1.000000000000000000, 6.982966722218762600E-015, -2.465190328815661900E-032 ) ) ;
#7139 = AXIS2_PLACEMENT_3D ( 'NONE', #7114, #7138, #7137 ) ;
#7140 =( GEOMETRIC_REPRESENTATION_CONTEXT ( 3 ) GLOBAL_UNCERTAINTY_ASSIGNED_CONTEXT ( ( #7141 ) ) GLOBAL_UNIT_ASSIGNED_CONTEXT ( ( #7223, #7222, #7221 ) ) REPRESENTATION_CONTEXT ( 'NONE', 'WORKASPACE' ) );
#7141 = UNCERTAINTY_MEASURE_WITH_UNIT (LENGTH_MEASURE( 1.000000000000000100E-005 ), #7223, 'distance_accuracy_value', 'NONE');
#7142 = SURFACE_STYLE_USAGE ( .BOTH. , #7143 ) ;
#7143 = SURFACE_SIDE_STYLE ('',( #7261 ) ) ;
#7144 = DIRECTION ( 'NONE',  ( 1.000000000000000000, 6.982966722218762600E-015, -2.465190328815661900E-032 ) ) ;
#7145 = VECTOR ( 'NONE', #7144, 1000.000000000000000 ) ;
#7146 = CARTESIAN_POINT ( 'NONE',  ( 0.2999999999999806200, 3.000000000000000000, -22.09999999999999100 ) ) ;
#7147 = LINE ( 'NONE', #7146, #7145 ) ;
#7148 = DIRECTION ( 'NONE',  ( 0.0000000000000000000, 0.0000000000000000000, 1.000000000000000000 ) ) ;
#7149 = DIRECTION ( 'NONE',  ( 1.000000000000000000, 6.982966722218762600E-015, -2.465190328815661900E-032 ) ) ;
#7150 = CARTESIAN_POINT ( 'NONE',  ( 1.099999999999982800, 3.000000000000005300, -23.44999999999999200 ) ) ;
#7151 = AXIS2_PLACEMENT_3D ( 'NONE', #7150, #7149, #7148 ) ;
#7152 = CIRCLE ( 'NONE', #7151, 1.350000000000000500 ) ;
#7153 = CARTESIAN_POINT ( 'NONE',  ( -13.19999999999999600, -3.799999999999998000, -2.999999999999999100 ) ) ;
#7154 = DIRECTION ( 'NONE',  ( 1.807003620809185700E-016, 1.000000000000000000, -1.558716694754502100E-031 ) ) ;
#7155 = VECTOR ( 'NONE', #7154, 1000.000000000000000 ) ;
#7156 = CARTESIAN_POINT ( 'NONE',  ( -13.19999999999999600, 3.349999999999934800, -2.999999999999999100 ) ) ;
#7157 = LINE ( 'NONE', #7156, #7155 ) ;
#7158 = CARTESIAN_POINT ( 'NONE',  ( -13.19999999999999600, -3.199999999999998000, -4.799999999999997200 ) ) ;
#7159 = DIRECTION ( 'NONE',  ( -9.860761315262649800E-032, 1.000000000000000000, -1.483603526480291300E-031 ) ) ;
#7160 = VECTOR ( 'NONE', #7159, 1000.000000000000000 ) ;
#7161 = CARTESIAN_POINT ( 'NONE',  ( -13.19999999999999600, -3.799999999999998000, -4.799999999999997200 ) ) ;
#7162 = LINE ( 'NONE', #7161, #7160 ) ;
#7163 = DIRECTION ( 'NONE',  ( 2.465190328815662400E-032, 1.483603526480291300E-031, -1.000000000000000000 ) ) ;
#7164 = VECTOR ( 'NONE', #7163, 1000.000000000000000 ) ;
#7165 = PLANE ( 'NONE',  #7180 ) ;
#7166 = LINE ( 'NONE', #7177, #7171 ) ;
#7167 = CARTESIAN_POINT ( 'NONE',  ( 7.300000000000031800, -4.399999999999947100, -27.49999999999998600 ) ) ;
#7168 = CARTESIAN_POINT ( 'NONE',  ( 7.500000000000038200, -4.399999999999945300, -27.49999999999998600 ) ) ;
#7169 = CARTESIAN_POINT ( 'NONE',  ( 7.900000000000035900, -4.399999999999945300, -27.49999999999998600 ) ) ;
#7170 = DIRECTION ( 'NONE',  ( 1.000000000000000000, 6.982966722218761000E-015, -4.930380657631323800E-032 ) ) ;
#7171 = VECTOR ( 'NONE', #7170, 1000.000000000000000 ) ;
#7172 = MECHANICAL_DESIGN_GEOMETRIC_PRESENTATION_REPRESENTATION (  '', ( #7259 ), #7225 ) ;
#7173 =( GEOMETRIC_REPRESENTATION_CONTEXT ( 3 ) GLOBAL_UNCERTAINTY_ASSIGNED_CONTEXT ( ( #7174 ) ) GLOBAL_UNIT_ASSIGNED_CONTEXT ( ( #7126, #7176, #7175 ) ) REPRESENTATION_CONTEXT ( 'NONE', 'WORKASPACE' ) );
#7174 = UNCERTAINTY_MEASURE_WITH_UNIT (LENGTH_MEASURE( 1.000000000000000100E-005 ), #7126, 'distance_accuracy_value', 'NONE');
#7175 =( NAMED_UNIT ( * ) SI_UNIT ( $, .STERADIAN. ) SOLID_ANGLE_UNIT ( ) );
#7176 =( NAMED_UNIT ( * ) PLANE_ANGLE_UNIT ( ) SI_UNIT ( $, .RADIAN. ) );
#7177 = CARTESIAN_POINT ( 'NONE',  ( 7.300000000000031800, -4.399999999999947100, -27.49999999999998600 ) ) ;
#7178 = DIRECTION ( 'NONE',  ( 1.000000000000000000, 6.982966722218761000E-015, -4.930380657631323800E-032 ) ) ;
#7179 = DIRECTION ( 'NONE',  ( -4.930380657631506600E-032, 2.613027716722779400E-031, -1.000000000000000000 ) ) ;
#7180 = AXIS2_PLACEMENT_3D ( 'NONE', #7167, #7179, #7178 ) ;
#7181 = PRESENTATION_LAYER_ASSIGNMENT (  '', '', ( #7182 ) ) ;
#7182 = STYLED_ITEM ( 'NONE', ( #7183 ), #3838 ) ;
#7183 = PRESENTATION_STYLE_ASSIGNMENT (( #7184 ) ) ;
#7184 = SURFACE_STYLE_USAGE ( .BOTH. , #7185 ) ;
#7185 = SURFACE_SIDE_STYLE ('',( #7186 ) ) ;
#7186 = SURFACE_STYLE_FILL_AREA ( #7187 ) ;
#7187 = FILL_AREA_STYLE ('',( #7193 ) ) ;
#7188 = COLOUR_RGB ( '',0.7529411764705882200, 0.7529411764705882200, 0.7529411764705882200 ) ;
#7189 = FACE_OUTER_BOUND ( 'NONE', #3839, .T. ) ;
#7190 = DIRECTION ( 'NONE',  ( -0.1400280084027935900, -0.7001400420140069200, -0.7001400420140042600 ) ) ;
#7191 = VECTOR ( 'NONE', #7190, 1000.000000000000100 ) ;
#7192 = CARTESIAN_POINT ( 'NONE',  ( -6.111764705882340100, -1.658823529411813700, -27.55882352941175000 ) ) ;
#7193 = FILL_AREA_STYLE_COLOUR ( '', #7188 ) ;
#7194 =( NAMED_UNIT ( * ) SI_UNIT ( $, .STERADIAN. ) SOLID_ANGLE_UNIT ( ) );
#7195 = PLANE ( 'NONE',  #7275 ) ;
#7196 =( GEOMETRIC_REPRESENTATION_CONTEXT ( 3 ) GLOBAL_UNCERTAINTY_ASSIGNED_CONTEXT ( ( #7197 ) ) GLOBAL_UNIT_ASSIGNED_CONTEXT ( ( #7227, #7199, #7198 ) ) REPRESENTATION_CONTEXT ( 'NONE', 'WORKASPACE' ) );
#7197 = UNCERTAINTY_MEASURE_WITH_UNIT (LENGTH_MEASURE( 1.000000000000000100E-005 ), #7227, 'distance_accuracy_value', 'NONE');
#7198 =( NAMED_UNIT ( * ) SI_UNIT ( $, .STERADIAN. ) SOLID_ANGLE_UNIT ( ) );
#7199 =( NAMED_UNIT ( * ) PLANE_ANGLE_UNIT ( ) SI_UNIT ( $, .RADIAN. ) );
#7200 = LINE ( 'NONE', #7192, #7191 ) ;
#7201 = DIRECTION ( 'NONE',  ( -6.982966722218767300E-015, 1.000000000000000000, -2.859546749604347300E-031 ) ) ;
#7202 = VECTOR ( 'NONE', #7201, 1000.000000000000000 ) ;
#7203 = CARTESIAN_POINT ( 'NONE',  ( -6.499999999999968900, -4.400000000000050100, -27.49999999999998600 ) ) ;
#7204 = LINE ( 'NONE', #7203, #7202 ) ;
#7205 = DIRECTION ( 'NONE',  ( -0.1400280084027935900, -0.7001400420140069200, -0.7001400420140042600 ) ) ;
#7206 =( NAMED_UNIT ( * ) PLANE_ANGLE_UNIT ( ) SI_UNIT ( $, .RADIAN. ) );
#7207 = FACE_OUTER_BOUND ( 'NONE', #3821, .T. ) ;
#7208 = CARTESIAN_POINT ( 'NONE',  ( -6.099999999999971200, -4.400000000000046500, -27.49999999999998600 ) ) ;
#7209 = CARTESIAN_POINT ( 'NONE',  ( -6.499999999999968900, -4.400000000000046500, -27.49999999999998600 ) ) ;
#7210 = DIRECTION ( 'NONE',  ( 1.000000000000000000, 6.982966722218761000E-015, -4.930380657631323800E-032 ) ) ;
#7211 = VECTOR ( 'NONE', #7210, 1000.000000000000000 ) ;
#7212 = CARTESIAN_POINT ( 'NONE',  ( -6.699999999999974400, -4.400000000000048300, -27.49999999999998600 ) ) ;
#7213 = LINE ( 'NONE', #7212, #7211 ) ;
#7214 = CARTESIAN_POINT ( 'NONE',  ( -13.19999999999999600, -3.199999999999998000, -16.69999999999999200 ) ) ;
#7215 = LINE ( 'NONE', #7214, #7164 ) ;
#7216 = DIRECTION ( 'NONE',  ( 1.807003620809185700E-016, 1.000000000000000000, -1.558716694754501900E-031 ) ) ;
#7217 = DIRECTION ( 'NONE',  ( 1.000000000000000000, -1.807003620809185700E-016, -2.917038411497410200E-062 ) ) ;
#7218 = CARTESIAN_POINT ( 'NONE',  ( -13.19999999999999600, 3.349999999999933000, -16.69999999999999600 ) ) ;
#7219 = AXIS2_PLACEMENT_3D ( 'NONE', #7218, #7217, #7216 ) ;
#7220 = PLANE ( 'NONE',  #7219 ) ;
#7221 =( NAMED_UNIT ( * ) SI_UNIT ( $, .STERADIAN. ) SOLID_ANGLE_UNIT ( ) );
#7222 =( NAMED_UNIT ( * ) PLANE_ANGLE_UNIT ( ) SI_UNIT ( $, .RADIAN. ) );
#7223 =( LENGTH_UNIT ( ) NAMED_UNIT ( * ) SI_UNIT ( .MILLI., .METRE. ) );
#7224 = MECHANICAL_DESIGN_GEOMETRIC_PRESENTATION_REPRESENTATION (  '', ( #7182 ), #7140 ) ;
#7225 =( GEOMETRIC_REPRESENTATION_CONTEXT ( 3 ) GLOBAL_UNCERTAINTY_ASSIGNED_CONTEXT ( ( #7277 ) ) GLOBAL_UNIT_ASSIGNED_CONTEXT ( ( #7113, #7206, #7194 ) ) REPRESENTATION_CONTEXT ( 'NONE', 'WORKASPACE' ) );
#7226 = VECTOR ( 'NONE', #7205, 1000.000000000000100 ) ;
#7227 =( LENGTH_UNIT ( ) NAMED_UNIT ( * ) SI_UNIT ( .MILLI., .METRE. ) );
#7228 = MECHANICAL_DESIGN_GEOMETRIC_PRESENTATION_REPRESENTATION (  '', ( #7230 ), #7196 ) ;
#7229 = PRESENTATION_LAYER_ASSIGNMENT (  '', '', ( #7230 ) ) ;
#7230 = STYLED_ITEM ( 'NONE', ( #7231 ), #3850 ) ;
#7231 = PRESENTATION_STYLE_ASSIGNMENT (( #7232 ) ) ;
#7232 = SURFACE_STYLE_USAGE ( .BOTH. , #7233 ) ;
#7233 = SURFACE_SIDE_STYLE ('',( #7234 ) ) ;
#7234 = SURFACE_STYLE_FILL_AREA ( #7235 ) ;
#7235 = FILL_AREA_STYLE ('',( #7243 ) ) ;
#7236 = COLOUR_RGB ( '',0.7529411764705882200, 0.7529411764705882200, 0.7529411764705882200 ) ;
#7237 = FACE_OUTER_BOUND ( 'NONE', #3842, .T. ) ;
#7238 = DIRECTION ( 'NONE',  ( 0.0000000000000000000, 0.0000000000000000000, 1.000000000000000000 ) ) ;
#7239 = DIRECTION ( 'NONE',  ( 1.000000000000000000, 6.982966722218761000E-015, -4.930380657631323800E-032 ) ) ;
#7240 = CARTESIAN_POINT ( 'NONE',  ( 8.100000000000031600, -2.999854363543704500, -25.10017653391665600 ) ) ;
#7241 = AXIS2_PLACEMENT_3D ( 'NONE', #7240, #7239, #7238 ) ;
#7242 = CIRCLE ( 'NONE', #7241, 0.2999999999999981600 ) ;
#7243 = FILL_AREA_STYLE_COLOUR ( '', #7236 ) ;
#7244 = DIRECTION ( 'NONE',  ( 0.0000000000000000000, 0.0000000000000000000, 1.000000000000000000 ) ) ;
#7245 = DIRECTION ( 'NONE',  ( 1.000000000000000000, 6.982966722218761000E-015, -4.930380657631323800E-032 ) ) ;
#7246 = CARTESIAN_POINT ( 'NONE',  ( 8.100000000000017400, -2.999999999999942700, -23.44999999999999200 ) ) ;
#7247 = AXIS2_PLACEMENT_3D ( 'NONE', #7246, #7245, #7244 ) ;
#7248 = DIRECTION ( 'NONE',  ( 1.000000000000000000, 6.982966722218761000E-015, -4.930380657631323800E-032 ) ) ;
#7249 = DIRECTION ( 'NONE',  ( -4.930380657631506600E-032, 2.613027716722779400E-031, -1.000000000000000000 ) ) ;
#7250 = AXIS2_PLACEMENT_3D ( 'NONE', #7252, #7249, #7248 ) ;
#7251 = CIRCLE ( 'NONE', #7247, 1.350000000000000500 ) ;
#7252 = CARTESIAN_POINT ( 'NONE',  ( -6.699999999999974400, -4.400000000000048300, -27.49999999999998600 ) ) ;
#7253 = PLANE ( 'NONE',  #7250 ) ;
#7254 = COLOUR_RGB ( '',0.7529411764705882200, 0.7529411764705882200, 0.7529411764705882200 ) ;
#7255 = DIRECTION ( 'NONE',  ( -6.982966722218767300E-015, 1.000000000000000000, -2.859546749604347300E-031 ) ) ;
#7256 = VECTOR ( 'NONE', #7255, 1000.000000000000000 ) ;
#7257 = CARTESIAN_POINT ( 'NONE',  ( 7.500000000000038200, -4.399999999999948800, -27.49999999999998600 ) ) ;
#7258 = LINE ( 'NONE', #7257, #7256 ) ;
#7259 = STYLED_ITEM ( 'NONE', ( #7260 ), #3820 ) ;
#7260 = PRESENTATION_STYLE_ASSIGNMENT (( #7142 ) ) ;
#7261 = SURFACE_STYLE_FILL_AREA ( #7262 ) ;
#7262 = FILL_AREA_STYLE ('',( #7264 ) ) ;
#7263 = PRESENTATION_LAYER_ASSIGNMENT (  '', '', ( #7259 ) ) ;
#7264 = FILL_AREA_STYLE_COLOUR ( '', #7254 ) ;
#7265 = LINE ( 'NONE', #7125, #7124 ) ;
#7266 = CARTESIAN_POINT ( 'NONE',  ( -13.19999999999999600, -6.249999999999995600, -2.999999999999999100 ) ) ;
#7267 = CARTESIAN_POINT ( 'NONE',  ( 0.2999999999999880000, 1.935988547152566600, -24.28089086419906900 ) ) ;
#7268 = CARTESIAN_POINT ( 'NONE',  ( -13.19999999999999600, -3.799999999999998000, -4.799999999999967800 ) ) ;
#7269 = DIRECTION ( 'NONE',  ( 2.465190328815662400E-032, 1.483603526480291300E-031, -1.000000000000000000 ) ) ;
#7270 = VECTOR ( 'NONE', #7269, 1000.000000000000000 ) ;
#7271 = CARTESIAN_POINT ( 'NONE',  ( -13.19999999999999600, -3.799999999999998000, -16.69999999999999200 ) ) ;
#7272 = DIRECTION ( 'NONE',  ( -2.465190328815480400E-032, -2.613027716722784600E-031, 1.000000000000000000 ) ) ;
#7273 = DIRECTION ( 'NONE',  ( 1.000000000000000000, 6.982966722218761000E-015, 2.465190328815663000E-032 ) ) ;
#7274 = CARTESIAN_POINT ( 'NONE',  ( 6.900000000000049200, -6.499999999999958300, -18.19999999999999200 ) ) ;
#7275 = AXIS2_PLACEMENT_3D ( 'NONE', #7274, #7273, #7272 ) ;
#7276 = LINE ( 'NONE', #7271, #7270 ) ;
#7277 = UNCERTAINTY_MEASURE_WITH_UNIT (LENGTH_MEASURE( 1.000000000000000100E-005 ), #7113, 'distance_accuracy_value', 'NONE');
#7278 =( GEOMETRIC_REPRESENTATION_CONTEXT ( 3 ) GLOBAL_UNCERTAINTY_ASSIGNED_CONTEXT ( ( #7287 ) ) GLOBAL_UNIT_ASSIGNED_CONTEXT ( ( #7326, #7339, #7379 ) ) REPRESENTATION_CONTEXT ( 'NONE', 'WORKASPACE' ) );
#7279 = CARTESIAN_POINT ( 'NONE',  ( -7.749999999999985800, 9.100000000000035200, -13.39999999999999500 ) ) ;
#7280 = DIRECTION ( 'NONE',  ( -0.7071067811865441300, -0.7071067811865507900, 1.479114197289397600E-031 ) ) ;
#7281 = VECTOR ( 'NONE', #7280, 1000.000000000000000 ) ;
#7282 = CARTESIAN_POINT ( 'NONE',  ( -7.649999999999996800, 9.200000000000022400, -13.39999999999999500 ) ) ;
#7283 = LINE ( 'NONE', #7282, #7281 ) ;
#7284 =( NAMED_UNIT ( * ) PLANE_ANGLE_UNIT ( ) SI_UNIT ( $, .RADIAN. ) );
#7285 =( LENGTH_UNIT ( ) NAMED_UNIT ( * ) SI_UNIT ( .MILLI., .METRE. ) );
#7286 = LINE ( 'NONE', #7301, #7341 ) ;
#7287 = UNCERTAINTY_MEASURE_WITH_UNIT (LENGTH_MEASURE( 1.000000000000000100E-005 ), #7326, 'distance_accuracy_value', 'NONE');
#7288 = STYLED_ITEM ( 'NONE', ( #7289 ), #3891 ) ;
#7289 = PRESENTATION_STYLE_ASSIGNMENT (( #7290 ) ) ;
#7290 = SURFACE_STYLE_USAGE ( .BOTH. , #7336 ) ;
#7291 = VECTOR ( 'NONE', #7293, 1000.000000000000000 ) ;
#7292 = CARTESIAN_POINT ( 'NONE',  ( 0.2999999999999806200, 3.000000000000002700, -22.09999999999999100 ) ) ;
#7293 = DIRECTION ( 'NONE',  ( 1.807003620809185700E-016, 1.000000000000000000, -1.558716694754502100E-031 ) ) ;
#7294 = DIRECTION ( 'NONE',  ( -2.465190328815663000E-032, -1.237084493598725400E-031, 1.000000000000000000 ) ) ;
#7295 = VECTOR ( 'NONE', #7294, 1000.000000000000000 ) ;
#7296 = CARTESIAN_POINT ( 'NONE',  ( -10.19999999999999400, -9.249999999999998200, -16.69999999999999200 ) ) ;
#7297 = LINE ( 'NONE', #7296, #7295 ) ;
#7298 = FILL_AREA_STYLE_COLOUR ( '', #7324 ) ;
#7299 = CARTESIAN_POINT ( 'NONE',  ( -7.249999999999999100, -9.199999999999995700, -3.000000000000002700 ) ) ;
#7300 = DIRECTION ( 'NONE',  ( -2.108503672457981300E-015, -1.000000000000000000, 1.538786037903159400E-031 ) ) ;
#7301 = CARTESIAN_POINT ( 'NONE',  ( -7.749999999999985800, 9.600000000000022700, -13.39999999999999500 ) ) ;
#7302 = CARTESIAN_POINT ( 'NONE',  ( 1.099999999999990100, 1.935988547152572000, -24.28089086419906900 ) ) ;
#7303 = DIRECTION ( 'NONE',  ( 9.860761315262649800E-032, -1.000000000000000000, 1.483603526480291300E-031 ) ) ;
#7304 = VECTOR ( 'NONE', #7303, 1000.000000000000000 ) ;
#7305 = CARTESIAN_POINT ( 'NONE',  ( 7.249999999999999100, -9.199999999999995700, -18.49999999999999300 ) ) ;
#7306 = LINE ( 'NONE', #7305, #7304 ) ;
#7307 = CARTESIAN_POINT ( 'NONE',  ( 11.24999999999999600, 9.600000000000019200, -18.49999999999999300 ) ) ;
#7308 = DIRECTION ( 'NONE',  ( 1.000000000000000000, -9.860761315262649800E-032, -2.465190328815662400E-032 ) ) ;
#7309 = VECTOR ( 'NONE', #7308, 1000.000000000000000 ) ;
#7310 = CARTESIAN_POINT ( 'NONE',  ( 7.650000000000011000, 9.600000000000021000, -18.49999999999999600 ) ) ;
#7311 = LINE ( 'NONE', #7310, #7309 ) ;
#7312 = DIRECTION ( 'NONE',  ( -1.000000000000000000, 0.0000000000000000000, 0.0000000000000000000 ) ) ;
#7313 = DIRECTION ( 'NONE',  ( 2.465190328815662400E-032, 1.483603526480291300E-031, -1.000000000000000000 ) ) ;
#7314 = AXIS2_PLACEMENT_3D ( 'NONE', #7345, #7313, #7312 ) ;
#7315 = CIRCLE ( 'NONE', #7314, 1.000000000000000900 ) ;
#7316 = MECHANICAL_DESIGN_GEOMETRIC_PRESENTATION_REPRESENTATION (  '', ( #7318 ), #7332 ) ;
#7317 = PRESENTATION_LAYER_ASSIGNMENT (  '', '', ( #7318 ) ) ;
#7318 = STYLED_ITEM ( 'NONE', ( #7319 ), #3900 ) ;
#7319 = PRESENTATION_STYLE_ASSIGNMENT (( #7320 ) ) ;
#7320 = SURFACE_STYLE_USAGE ( .BOTH. , #7321 ) ;
#7321 = SURFACE_SIDE_STYLE ('',( #7322 ) ) ;
#7322 = SURFACE_STYLE_FILL_AREA ( #7323 ) ;
#7323 = FILL_AREA_STYLE ('',( #7298 ) ) ;
#7324 = COLOUR_RGB ( '',0.2509803921568627400, 0.2509803921568627400, 0.2509803921568627400 ) ;
#7325 = FACE_OUTER_BOUND ( 'NONE', #3897, .T. ) ;
#7326 =( LENGTH_UNIT ( ) NAMED_UNIT ( * ) SI_UNIT ( .MILLI., .METRE. ) );
#7327 = MECHANICAL_DESIGN_GEOMETRIC_PRESENTATION_REPRESENTATION (  '', ( #7288 ), #7278 ) ;
#7328 = PRESENTATION_LAYER_ASSIGNMENT (  '', '', ( #7288 ) ) ;
#7329 = AXIS2_PLACEMENT_3D ( 'NONE', #7331, #7419, #7418 ) ;
#7330 = CYLINDRICAL_SURFACE ( 'NONE', #7329, 3.000000000000000900 ) ;
#7331 = CARTESIAN_POINT ( 'NONE',  ( -10.19999999999999400, -6.249999999999998200, -16.69999999999999200 ) ) ;
#7332 =( GEOMETRIC_REPRESENTATION_CONTEXT ( 3 ) GLOBAL_UNCERTAINTY_ASSIGNED_CONTEXT ( ( #7343 ) ) GLOBAL_UNIT_ASSIGNED_CONTEXT ( ( #7285, #7284, #7344 ) ) REPRESENTATION_CONTEXT ( 'NONE', 'WORKASPACE' ) );
#7333 = PLANE ( 'NONE',  #7382 ) ;
#7334 = CARTESIAN_POINT ( 'NONE',  ( -7.849999999999989000, -9.199999999999995700, -16.69999999999998900 ) ) ;
#7335 = CARTESIAN_POINT ( 'NONE',  ( -13.19999999999999600, 3.199999999999998000, -2.999999999999999100 ) ) ;
#7336 = SURFACE_SIDE_STYLE ('',( #7337 ) ) ;
#7337 = SURFACE_STYLE_FILL_AREA ( #7338 ) ;
#7338 = FILL_AREA_STYLE ('',( #7383 ) ) ;
#7339 =( NAMED_UNIT ( * ) PLANE_ANGLE_UNIT ( ) SI_UNIT ( $, .RADIAN. ) );
#7340 = CARTESIAN_POINT ( 'NONE',  ( -11.25000000000003000, -9.060249099279261000, -10.96745198158556500 ) ) ;
#7341 = VECTOR ( 'NONE', #7300, 1000.000000000000000 ) ;
#7342 = CARTESIAN_POINT ( 'NONE',  ( -13.19999999999999600, 3.349999999999934800, -2.999999999999999100 ) ) ;
#7343 = UNCERTAINTY_MEASURE_WITH_UNIT (LENGTH_MEASURE( 1.000000000000000100E-005 ), #7285, 'distance_accuracy_value', 'NONE');
#7344 =( NAMED_UNIT ( * ) SI_UNIT ( $, .STERADIAN. ) SOLID_ANGLE_UNIT ( ) );
#7345 = CARTESIAN_POINT ( 'NONE',  ( 12.20000000000000300, 3.235786437626876600, -18.49999999999999300 ) ) ;
#7346 = DIRECTION ( 'NONE',  ( -2.465190328815663000E-032, -1.237084493598725400E-031, 1.000000000000000000 ) ) ;
#7347 = VECTOR ( 'NONE', #7346, 1000.000000000000000 ) ;
#7348 = CARTESIAN_POINT ( 'NONE',  ( -7.649999999999996800, 9.200000000000027700, -16.69999999999999200 ) ) ;
#7349 = LINE ( 'NONE', #7348, #7347 ) ;
#7350 = CARTESIAN_POINT ( 'NONE',  ( -7.749999999999985800, 9.600000000000013900, -13.39999999999999500 ) ) ;
#7351 = DIRECTION ( 'NONE',  ( 1.000000000000000000, 4.818676322157816100E-016, -2.465190328815662400E-032 ) ) ;
#7352 = VECTOR ( 'NONE', #7351, 1000.000000000000000 ) ;
#7353 = LINE ( 'NONE', #7342, #7291 ) ;
#7354 = CARTESIAN_POINT ( 'NONE',  ( -7.649999999999996800, 9.600000000000022700, -13.39999999999999500 ) ) ;
#7355 = LINE ( 'NONE', #7354, #7352 ) ;
#7356 = CARTESIAN_POINT ( 'NONE',  ( 7.650000000000003900, 9.600000000000021000, -13.39999999999999300 ) ) ;
#7357 = CARTESIAN_POINT ( 'NONE',  ( -7.649999999999996800, 8.599999999999997900, -18.49999999999999300 ) ) ;
#7358 = DIRECTION ( 'NONE',  ( 5.782411586589075600E-015, -1.000000000000000000, 1.545172470521776400E-031 ) ) ;
#7359 = VECTOR ( 'NONE', #7358, 1000.000000000000000 ) ;
#7360 = CARTESIAN_POINT ( 'NONE',  ( -7.649999999999996800, 9.200000000000027700, -18.49999999999999300 ) ) ;
#7361 = LINE ( 'NONE', #7360, #7359 ) ;
#7362 = DIRECTION ( 'NONE',  ( 2.602085213965191300E-015, 1.000000000000000000, -1.431245598373657800E-031 ) ) ;
#7363 = VECTOR ( 'NONE', #7362, 1000.000000000000000 ) ;
#7364 = CARTESIAN_POINT ( 'NONE',  ( -11.24999999999997500, 9.600000000000021000, -18.49999999999999600 ) ) ;
#7365 = LINE ( 'NONE', #7364, #7363 ) ;
#7366 = CARTESIAN_POINT ( 'NONE',  ( 7.650000000000011000, 9.600000000000021000, -18.49999999999999600 ) ) ;
#7367 = DIRECTION ( 'NONE',  ( 5.782411586589075600E-015, 1.000000000000000000, -1.422034582438806900E-031 ) ) ;
#7368 = VECTOR ( 'NONE', #7367, 1000.000000000000000 ) ;
#7369 = CARTESIAN_POINT ( 'NONE',  ( 7.650000000000011000, 8.599999999999987200, -18.49999999999999600 ) ) ;
#7370 = LINE ( 'NONE', #7369, #7368 ) ;
#7371 = CARTESIAN_POINT ( 'NONE',  ( 7.650000000000011000, 8.599999999999987200, -18.49999999999999600 ) ) ;
#7372 = DIRECTION ( 'NONE',  ( 1.000000000000000000, -1.734723475976777700E-014, 0.0000000000000000000 ) ) ;
#7373 = VECTOR ( 'NONE', #7372, 1000.000000000000000 ) ;
#7374 = CARTESIAN_POINT ( 'NONE',  ( 7.150000000000003900, 8.599999999999996100, -18.49999999999999600 ) ) ;
#7375 = LINE ( 'NONE', #7374, #7373 ) ;
#7376 = DIRECTION ( 'NONE',  ( 9.860761315262649800E-032, -1.000000000000000000, 1.483603526480291300E-031 ) ) ;
#7377 = VECTOR ( 'NONE', #7376, 1000.000000000000000 ) ;
#7378 = CARTESIAN_POINT ( 'NONE',  ( 7.150000000000003900, 9.599999999999996100, -18.49999999999999600 ) ) ;
#7379 =( NAMED_UNIT ( * ) SI_UNIT ( $, .STERADIAN. ) SOLID_ANGLE_UNIT ( ) );
#7380 = DIRECTION ( 'NONE',  ( -2.465190328815662400E-032, -1.483603526480291100E-031, 1.000000000000000000 ) ) ;
#7381 = DIRECTION ( 'NONE',  ( -1.000000000000000000, 9.860761315262649800E-032, -2.465190328815662400E-032 ) ) ;
#7382 = AXIS2_PLACEMENT_3D ( 'NONE', #7334, #7381, #7380 ) ;
#7383 = FILL_AREA_STYLE_COLOUR ( '', #7384 ) ;
#7384 = COLOUR_RGB ( '',0.2509803921568627400, 0.2509803921568627400, 0.2509803921568627400 ) ;
#7385 = FACE_OUTER_BOUND ( 'NONE', #3892, .T. ) ;
#7386 = DIRECTION ( 'NONE',  ( 9.860761315262649800E-032, -1.000000000000000000, 1.483603526480291300E-031 ) ) ;
#7387 = VECTOR ( 'NONE', #7386, 1000.000000000000000 ) ;
#7388 = CARTESIAN_POINT ( 'NONE',  ( -7.849999999999989000, -9.199999999999995700, -3.000000000000002700 ) ) ;
#7389 = LINE ( 'NONE', #7388, #7387 ) ;
#7390 = LINE ( 'NONE', #7378, #7377 ) ;
#7391 = CARTESIAN_POINT ( 'NONE',  ( -7.649999999999996800, 9.600000000000022700, -13.39999999999999500 ) ) ;
#7392 = CARTESIAN_POINT ( 'NONE',  ( 8.895454545454560600, 7.954545454545456800, -13.39999999999999900 ) ) ;
#7393 = CARTESIAN_POINT ( 'NONE',  ( -7.249999999999985800, -9.199999999999995700, -18.49999999999998900 ) ) ;
#7394 = CARTESIAN_POINT ( 'NONE',  ( -7.750000000000027500, -9.199999999999995700, -18.49999999999998200 ) ) ;
#7395 = DIRECTION ( 'NONE',  ( -1.000000000000000000, 9.860761315262647600E-032, 2.465190328815661900E-032 ) ) ;
#7396 = VECTOR ( 'NONE', #7395, 1000.000000000000000 ) ;
#7397 = CARTESIAN_POINT ( 'NONE',  ( -7.249999999999985800, -9.199999999999995700, -18.49999999999998900 ) ) ;
#7398 = LINE ( 'NONE', #7397, #7396 ) ;
#7399 = DIRECTION ( 'NONE',  ( 2.465190328815662400E-032, 1.483603526480291300E-031, -1.000000000000000000 ) ) ;
#7400 = VECTOR ( 'NONE', #7399, 1000.000000000000000 ) ;
#7401 = CARTESIAN_POINT ( 'NONE',  ( -11.25000000000000400, 5.599999999999994300, -13.39999999999999100 ) ) ;
#7402 = LINE ( 'NONE', #7401, #7400 ) ;
#7403 = CARTESIAN_POINT ( 'NONE',  ( -7.750000000000027500, -9.399999999999977300, -18.49999999999997200 ) ) ;
#7404 = DIRECTION ( 'NONE',  ( -1.000000000000000000, 9.860761315262647600E-032, 2.465190328815661900E-032 ) ) ;
#7405 = VECTOR ( 'NONE', #7404, 1000.000000000000000 ) ;
#7406 = CARTESIAN_POINT ( 'NONE',  ( -10.19999999999999400, -9.249999999999994700, -2.999999999999999100 ) ) ;
#7407 = LINE ( 'NONE', #7406, #7405 ) ;
#7408 = SURFACE_SIDE_STYLE ('',( #7641 ) ) ;
#7409 = CARTESIAN_POINT ( 'NONE',  ( -11.25000000000003000, -9.399999999999966600, -18.49999999999997500 ) ) ;
#7410 = DIRECTION ( 'NONE',  ( -1.000000000000000000, 0.0000000000000000000, 5.745001705742989200E-015 ) ) ;
#7411 = VECTOR ( 'NONE', #7410, 1000.000000000000000 ) ;
#7412 = CARTESIAN_POINT ( 'NONE',  ( -7.849999999999961500, -9.199999999999999300, -10.65999999999996500 ) ) ;
#7413 = LINE ( 'NONE', #7412, #7411 ) ;
#7414 = DIRECTION ( 'NONE',  ( -9.860761315262651900E-032, 1.000000000000000000, -5.204170427930431400E-014 ) ) ;
#7415 = VECTOR ( 'NONE', #7414, 1000.000000000000000 ) ;
#7416 = CARTESIAN_POINT ( 'NONE',  ( -7.750000000000027500, -8.999999999999980500, -18.49999999999999300 ) ) ;
#7417 = LINE ( 'NONE', #7416, #7415 ) ;
#7418 = DIRECTION ( 'NONE',  ( 1.000000000000000000, 0.0000000000000000000, 0.0000000000000000000 ) ) ;
#7419 = DIRECTION ( 'NONE',  ( -2.465190328815663000E-032, -1.237084493598725400E-031, 1.000000000000000000 ) ) ;
#7420 = CARTESIAN_POINT ( 'NONE',  ( 13.20000000000000300, -6.250000000000001800, -18.49999999999998900 ) ) ;
#7421 = CARTESIAN_POINT ( 'NONE',  ( -4.899999999999995000, 1.999999999999998200, -18.49999999999999300 ) ) ;
#7422 = DIRECTION ( 'NONE',  ( 1.000000000000000000, -9.860761315262647600E-032, -2.465190328815661900E-032 ) ) ;
#7423 = VECTOR ( 'NONE', #7422, 1000.000000000000000 ) ;
#7424 = CARTESIAN_POINT ( 'NONE',  ( -4.899999999999995000, 1.999999999999998200, -18.49999999999999300 ) ) ;
#7425 = LINE ( 'NONE', #7424, #7423 ) ;
#7426 = DIRECTION ( 'NONE',  ( 1.000000000000000000, 2.611364411701354400E-015, 0.0000000000000000000 ) ) ;
#7427 = VECTOR ( 'NONE', #7426, 1000.000000000000000 ) ;
#7428 = CARTESIAN_POINT ( 'NONE',  ( 7.750000000000041700, -9.399999999999980800, -18.49999999999997500 ) ) ;
#7429 = LINE ( 'NONE', #7428, #7427 ) ;
#7430 = CARTESIAN_POINT ( 'NONE',  ( 11.25000000000003700, -9.060249099279264600, -18.49999999999998900 ) ) ;
#7431 = CARTESIAN_POINT ( 'NONE',  ( 7.249999999999999100, -9.600000000000001400, -18.49999999999999300 ) ) ;
#7432 = CARTESIAN_POINT ( 'NONE',  ( 11.25000000000003700, -9.399999999999966600, -18.49999999999997200 ) ) ;
#7433 = DIRECTION ( 'NONE',  ( 2.602085213965190500E-015, -1.000000000000000000, 1.535961454586926400E-031 ) ) ;
#7434 = VECTOR ( 'NONE', #7433, 1000.000000000000000 ) ;
#7435 = CARTESIAN_POINT ( 'NONE',  ( 11.24999999999999600, 9.600000000000019200, -18.49999999999999300 ) ) ;
#7436 = LINE ( 'NONE', #7435, #7434 ) ;
#7437 = CARTESIAN_POINT ( 'NONE',  ( 7.750000000000041700, -9.399999999999980800, -18.49999999999997500 ) ) ;
#7438 = CARTESIAN_POINT ( 'NONE',  ( 12.90710678118656100, 3.942893218813421800, -18.49999999999999300 ) ) ;
#7439 = DIRECTION ( 'NONE',  ( -1.828760838527578000E-016, -1.000000000000000000, 1.562589305603316300E-031 ) ) ;
#7440 = VECTOR ( 'NONE', #7439, 1000.000000000000000 ) ;
#7441 = CARTESIAN_POINT ( 'NONE',  ( 13.20000000000000300, 3.235786437626878300, -18.49999999999999300 ) ) ;
#7442 = LINE ( 'NONE', #7441, #7440 ) ;
#7443 = UNCERTAINTY_MEASURE_WITH_UNIT (LENGTH_MEASURE( 1.000000000000000100E-005 ), #7446, 'distance_accuracy_value', 'NONE');
#7444 =( NAMED_UNIT ( * ) SI_UNIT ( $, .STERADIAN. ) SOLID_ANGLE_UNIT ( ) );
#7445 =( NAMED_UNIT ( * ) PLANE_ANGLE_UNIT ( ) SI_UNIT ( $, .RADIAN. ) );
#7446 =( LENGTH_UNIT ( ) NAMED_UNIT ( * ) SI_UNIT ( .MILLI., .METRE. ) );
#7447 = MECHANICAL_DESIGN_GEOMETRIC_PRESENTATION_REPRESENTATION (  '', ( #7449 ), #7582 ) ;
#7448 = PRESENTATION_LAYER_ASSIGNMENT (  '', '', ( #7449 ) ) ;
#7449 = STYLED_ITEM ( 'NONE', ( #7450 ), #4027 ) ;
#7450 = PRESENTATION_STYLE_ASSIGNMENT (( #7451 ) ) ;
#7451 = SURFACE_STYLE_USAGE ( .BOTH. , #7452 ) ;
#7452 = SURFACE_SIDE_STYLE ('',( #7453 ) ) ;
#7453 = SURFACE_STYLE_FILL_AREA ( #7454 ) ;
#7454 = FILL_AREA_STYLE ('',( #7489 ) ) ;
#7455 =( BOUNDED_CURVE ( )  B_SPLINE_CURVE ( 3, ( #7511, #7458, #7457, #7456 ),
 .UNSPECIFIED., .F., .T. ) 
 B_SPLINE_CURVE_WITH_KNOTS ( ( 4, 4 ),
 ( 0.0000000000000000000, 0.3575711036455213000 ),
 .UNSPECIFIED. ) 
 CURVE ( )  GEOMETRIC_REPRESENTATION_ITEM ( )  RATIONAL_B_SPLINE_CURVE ( ( 1.000000000000000000, 0.9893735928973592700, 0.9893735928973592700, 1.000000000000000000 ) ) 
 REPRESENTATION_ITEM ( '' )  );
#7456 = CARTESIAN_POINT ( 'NONE',  ( -11.25000000000003000, -9.060249099279261000, -10.96745198158556500 ) ) ;
#7457 = CARTESIAN_POINT ( 'NONE',  ( -10.91324849793681700, -9.186070357351040300, -10.69064521382765200 ) ) ;
#7458 = CARTESIAN_POINT ( 'NONE',  ( -10.55948930877648600, -9.249999999999996400, -10.54999999999994400 ) ) ;
#7459 = DIRECTION ( 'NONE',  ( -1.000000000000000000, 9.860761315262647600E-032, 2.465190328815661900E-032 ) ) ;
#7460 = DIRECTION ( 'NONE',  ( -2.465190328815661900E-032, 1.483603526480291100E-031, -1.000000000000000000 ) ) ;
#7461 = CARTESIAN_POINT ( 'NONE',  ( -10.19999999999999400, -6.249999999999995600, -18.49999999999999300 ) ) ;
#7462 = AXIS2_PLACEMENT_3D ( 'NONE', #7461, #7460, #7459 ) ;
#7463 = CARTESIAN_POINT ( 'NONE',  ( -11.24999999999997500, 9.600000000000021000, -18.49999999999999600 ) ) ;
#7464 = PLANE ( 'NONE',  #7462 ) ;
#7465 = VECTOR ( 'NONE', #7476, 1000.000000000000000 ) ;
#7466 = CARTESIAN_POINT ( 'NONE',  ( -7.249999999999985800, -9.199999999999995700, -16.69999999999998900 ) ) ;
#7467 = LINE ( 'NONE', #7466, #7465 ) ;
#7468 = DIRECTION ( 'NONE',  ( -1.000000000000000000, 0.0000000000000000000, 5.745001705742989200E-015 ) ) ;
#7469 = VECTOR ( 'NONE', #7468, 1000.000000000000000 ) ;
#7470 = CARTESIAN_POINT ( 'NONE',  ( -10.19999999999995100, -9.249999999999998200, -10.54999999999994700 ) ) ;
#7471 = LINE ( 'NONE', #7470, #7469 ) ;
#7472 = DIRECTION ( 'NONE',  ( -2.465190328815663000E-032, -1.237084493598725400E-031, 1.000000000000000000 ) ) ;
#7473 = VECTOR ( 'NONE', #7472, 1000.000000000000000 ) ;
#7474 = CARTESIAN_POINT ( 'NONE',  ( -7.849999999999989000, -9.249999999999998200, -16.69999999999998900 ) ) ;
#7475 = LINE ( 'NONE', #7474, #7473 ) ;
#7476 = DIRECTION ( 'NONE',  ( -2.465190328815663000E-032, -1.237084493598725400E-031, 1.000000000000000000 ) ) ;
#7477 = CARTESIAN_POINT ( 'NONE',  ( -7.749999999999985800, 9.100000000000035200, -16.69999999999998500 ) ) ;
#7478 = LINE ( 'NONE', #7477, #7556 ) ;
#7479 = DIRECTION ( 'NONE',  ( 0.7071067811865396900, 0.7071067811865553400, -1.232595164407831200E-031 ) ) ;
#7480 = VECTOR ( 'NONE', #7479, 1000.000000000000000 ) ;
#7481 = CARTESIAN_POINT ( 'NONE',  ( -12.70710678117888800, 4.142893218821030600, -2.999999999999999100 ) ) ;
#7482 = LINE ( 'NONE', #7481, #7480 ) ;
#7483 = COLOUR_RGB ( '',0.2509803921568627400, 0.2509803921568627400, 0.2509803921568627400 ) ;
#7484 = FACE_OUTER_BOUND ( 'NONE', #3988, .T. ) ;
#7485 = DIRECTION ( 'NONE',  ( 9.860761315262649800E-032, -1.000000000000000000, 1.483603526480291300E-031 ) ) ;
#7486 = VECTOR ( 'NONE', #7485, 1000.000000000000000 ) ;
#7487 = CARTESIAN_POINT ( 'NONE',  ( -7.649999999999996800, 9.200000000000022400, -13.39999999999999500 ) ) ;
#7488 = LINE ( 'NONE', #7487, #7486 ) ;
#7489 = FILL_AREA_STYLE_COLOUR ( '', #7483 ) ;
#7490 = CARTESIAN_POINT ( 'NONE',  ( -7.750000000000027500, -9.199999999999999300, -10.65999999999996600 ) ) ;
#7491 = DIRECTION ( 'NONE',  ( 1.000000000000000000, -9.860761315262649800E-032, -2.465190328815662400E-032 ) ) ;
#7492 = VECTOR ( 'NONE', #7491, 1000.000000000000000 ) ;
#7493 = CARTESIAN_POINT ( 'NONE',  ( 7.650000000000003900, 9.600000000000021000, -13.39999999999999300 ) ) ;
#7494 = LINE ( 'NONE', #7493, #7492 ) ;
#7495 = DIRECTION ( 'NONE',  ( 1.000000000000000000, 0.0000000000000000000, 0.0000000000000000000 ) ) ;
#7496 = DIRECTION ( 'NONE',  ( 2.465190328815662400E-032, 1.483603526480291300E-031, -1.000000000000000000 ) ) ;
#7497 = CARTESIAN_POINT ( 'NONE',  ( -10.19999999999999400, -6.249999999999995600, -2.999999999999999100 ) ) ;
#7498 = AXIS2_PLACEMENT_3D ( 'NONE', #7497, #7496, #7495 ) ;
#7499 = CIRCLE ( 'NONE', #7498, 3.000000000000000900 ) ;
#7500 = DIRECTION ( 'NONE',  ( -9.860761315262651900E-032, 1.000000000000000000, -5.204170427930431400E-014 ) ) ;
#7501 = VECTOR ( 'NONE', #7500, 1000.000000000000000 ) ;
#7502 = CARTESIAN_POINT ( 'NONE',  ( -11.25000000000003000, -8.999999999999969800, -18.49999999999999600 ) ) ;
#7503 = LINE ( 'NONE', #7502, #7501 ) ;
#7504 = DIRECTION ( 'NONE',  ( -1.000000000000000000, 2.611364411701354400E-015, 2.465190328815661900E-032 ) ) ;
#7505 = VECTOR ( 'NONE', #7504, 1000.000000000000000 ) ;
#7506 = CARTESIAN_POINT ( 'NONE',  ( -7.750000000000027500, -9.399999999999977300, -18.49999999999997200 ) ) ;
#7507 = DIRECTION ( 'NONE',  ( -1.000000000000000000, 0.0000000000000000000, 0.0000000000000000000 ) ) ;
#7508 = DIRECTION ( 'NONE',  ( 2.465190328815662400E-032, 1.483603526480291300E-031, -1.000000000000000000 ) ) ;
#7509 = CARTESIAN_POINT ( 'NONE',  ( -10.19999999999999400, -6.249999999999995600, -18.49999999999999300 ) ) ;
#7510 = AXIS2_PLACEMENT_3D ( 'NONE', #7509, #7508, #7507 ) ;
#7511 = CARTESIAN_POINT ( 'NONE',  ( -10.19999999999999400, -9.249999999999998200, -10.54999999999994700 ) ) ;
#7512 = LINE ( 'NONE', #7604, #7518 ) ;
#7513 = CARTESIAN_POINT ( 'NONE',  ( 7.749999999999992900, 9.100000000000035200, -13.39999999999999500 ) ) ;
#7514 =( NAMED_UNIT ( * ) SI_UNIT ( $, .STERADIAN. ) SOLID_ANGLE_UNIT ( ) );
#7515 =( NAMED_UNIT ( * ) PLANE_ANGLE_UNIT ( ) SI_UNIT ( $, .RADIAN. ) );
#7516 = CARTESIAN_POINT ( 'NONE',  ( 7.749999999999992900, 9.600000000000013900, -13.39999999999999300 ) ) ;
#7517 = DIRECTION ( 'NONE',  ( 2.108503672457981700E-015, -1.000000000000000000, 1.428421015057422600E-031 ) ) ;
#7518 = VECTOR ( 'NONE', #7517, 1000.000000000000000 ) ;
#7519 = CIRCLE ( 'NONE', #7510, 3.000000000000000900 ) ;
#7520 = LINE ( 'NONE', #7506, #7505 ) ;
#7521 = CARTESIAN_POINT ( 'NONE',  ( -7.649999999999996800, 9.600000000000022700, -18.49999999999999300 ) ) ;
#7522 = DIRECTION ( 'NONE',  ( -9.860761315262649800E-032, 1.000000000000000000, -1.483603526480291300E-031 ) ) ;
#7523 = VECTOR ( 'NONE', #7522, 1000.000000000000000 ) ;
#7524 = CARTESIAN_POINT ( 'NONE',  ( -7.149999999999996800, 8.599999999999997900, -18.49999999999999300 ) ) ;
#7525 = LINE ( 'NONE', #7524, #7523 ) ;
#7526 = CARTESIAN_POINT ( 'NONE',  ( -7.149999999999996800, 8.599999999999997900, -18.49999999999999300 ) ) ;
#7527 = LINE ( 'NONE', #7603, #7602 ) ;
#7528 = DIRECTION ( 'NONE',  ( 1.000000000000000000, 4.818676322157816100E-016, -2.465190328815662400E-032 ) ) ;
#7529 = VECTOR ( 'NONE', #7528, 1000.000000000000000 ) ;
#7530 = CARTESIAN_POINT ( 'NONE',  ( -7.649999999999996800, 9.600000000000022700, -18.49999999999999300 ) ) ;
#7531 = LINE ( 'NONE', #7530, #7529 ) ;
#7532 = CARTESIAN_POINT ( 'NONE',  ( -7.849999999999989000, -9.249999999999998200, -3.000000000000002700 ) ) ;
#7533 =( LENGTH_UNIT ( ) NAMED_UNIT ( * ) SI_UNIT ( .MILLI., .METRE. ) );
#7534 = MECHANICAL_DESIGN_GEOMETRIC_PRESENTATION_REPRESENTATION (  '', ( #7536 ), #7557 ) ;
#7535 = PRESENTATION_LAYER_ASSIGNMENT (  '', '', ( #7536 ) ) ;
#7536 = STYLED_ITEM ( 'NONE', ( #7537 ), #3979 ) ;
#7537 = PRESENTATION_STYLE_ASSIGNMENT (( #7538 ) ) ;
#7538 = SURFACE_STYLE_USAGE ( .BOTH. , #7539 ) ;
#7539 = SURFACE_SIDE_STYLE ('',( #7631 ) ) ;
#7540 = VECTOR ( 'NONE', #7626, 1000.000000000000000 ) ;
#7541 = CARTESIAN_POINT ( 'NONE',  ( -7.649999999999996800, 7.954545454545454100, -13.39999999999999500 ) ) ;
#7542 = LINE ( 'NONE', #7541, #7540 ) ;
#7543 = CARTESIAN_POINT ( 'NONE',  ( -7.649999999999996800, 9.200000000000024200, -3.000000000000002700 ) ) ;
#7544 = CARTESIAN_POINT ( 'NONE',  ( -11.25000000000000400, 5.599999999999992500, -18.49999999999999600 ) ) ;
#7545 = CARTESIAN_POINT ( 'NONE',  ( -7.849999999999989000, -9.250000000000001800, -10.54999999999996200 ) ) ;
#7546 = DIRECTION ( 'NONE',  ( -2.465190328815662400E-032, -0.4138029443011834200, 0.9103664774626050200 ) ) ;
#7547 = VECTOR ( 'NONE', #7546, 1000.000000000000100 ) ;
#7548 = CARTESIAN_POINT ( 'NONE',  ( -7.849999999999989000, -6.924657534246564200, -15.66575342465752200 ) ) ;
#7549 = LINE ( 'NONE', #7548, #7547 ) ;
#7550 = DIRECTION ( 'NONE',  ( -1.000000000000000000, 9.860761315262647600E-032, 2.465190328815661900E-032 ) ) ;
#7551 = VECTOR ( 'NONE', #7550, 1000.000000000000000 ) ;
#7552 = CARTESIAN_POINT ( 'NONE',  ( -7.849999999999989000, -9.199999999999995700, -3.000000000000002700 ) ) ;
#7553 = LINE ( 'NONE', #7552, #7551 ) ;
#7554 = CARTESIAN_POINT ( 'NONE',  ( -7.649999999999996800, 9.200000000000027700, -13.39999999999999500 ) ) ;
#7555 = DIRECTION ( 'NONE',  ( 5.319881812040475000E-016, 5.319881812040593300E-016, -1.000000000000000000 ) ) ;
#7556 = VECTOR ( 'NONE', #7555, 1000.000000000000000 ) ;
#7557 =( GEOMETRIC_REPRESENTATION_CONTEXT ( 3 ) GLOBAL_UNCERTAINTY_ASSIGNED_CONTEXT ( ( #7558 ) ) GLOBAL_UNIT_ASSIGNED_CONTEXT ( ( #7533, #7515, #7514 ) ) REPRESENTATION_CONTEXT ( 'NONE', 'WORKASPACE' ) );
#7558 = UNCERTAINTY_MEASURE_WITH_UNIT (LENGTH_MEASURE( 1.000000000000000100E-005 ), #7533, 'distance_accuracy_value', 'NONE');
#7559 =( NAMED_UNIT ( * ) SI_UNIT ( $, .STERADIAN. ) SOLID_ANGLE_UNIT ( ) );
#7560 =( NAMED_UNIT ( * ) PLANE_ANGLE_UNIT ( ) SI_UNIT ( $, .RADIAN. ) );
#7561 =( LENGTH_UNIT ( ) NAMED_UNIT ( * ) SI_UNIT ( .MILLI., .METRE. ) );
#7562 = MECHANICAL_DESIGN_GEOMETRIC_PRESENTATION_REPRESENTATION (  '', ( #7564 ), #7777 ) ;
#7563 = PRESENTATION_LAYER_ASSIGNMENT (  '', '', ( #7564 ) ) ;
#7564 = STYLED_ITEM ( 'NONE', ( #7565 ), #4029 ) ;
#7565 = PRESENTATION_STYLE_ASSIGNMENT (( #7566 ) ) ;
#7566 = SURFACE_STYLE_USAGE ( .BOTH. , #7567 ) ;
#7567 = SURFACE_SIDE_STYLE ('',( #7568 ) ) ;
#7568 = SURFACE_STYLE_FILL_AREA ( #7569 ) ;
#7569 = FILL_AREA_STYLE ('',( #7575 ) ) ;
#7570 = COLOUR_RGB ( '',0.2509803921568627400, 0.2509803921568627400, 0.2509803921568627400 ) ;
#7571 = FACE_OUTER_BOUND ( 'NONE', #4030, .T. ) ;
#7572 = DIRECTION ( 'NONE',  ( -0.7071067811865441300, 0.7071067811865510100, -9.860761315262651900E-032 ) ) ;
#7573 = VECTOR ( 'NONE', #7572, 999.9999999999998900 ) ;
#7574 = CARTESIAN_POINT ( 'NONE',  ( 7.650000000000011000, 9.200000000000017100, -13.39999999999999300 ) ) ;
#7575 = FILL_AREA_STYLE_COLOUR ( '', #7570 ) ;
#7576 = DIRECTION ( 'NONE',  ( 1.000000000000000000, -9.860761315262647600E-032, -2.465190328815661900E-032 ) ) ;
#7577 = DIRECTION ( 'NONE',  ( 2.465190328815661900E-032, -1.483603526480291100E-031, 1.000000000000000000 ) ) ;
#7578 = CARTESIAN_POINT ( 'NONE',  ( -7.649999999999996800, 9.600000000000022700, -13.39999999999999500 ) ) ;
#7579 = AXIS2_PLACEMENT_3D ( 'NONE', #7578, #7577, #7576 ) ;
#7580 = LINE ( 'NONE', #7574, #7573 ) ;
#7581 = PLANE ( 'NONE',  #7579 ) ;
#7582 =( GEOMETRIC_REPRESENTATION_CONTEXT ( 3 ) GLOBAL_UNCERTAINTY_ASSIGNED_CONTEXT ( ( #7443 ) ) GLOBAL_UNIT_ASSIGNED_CONTEXT ( ( #7446, #7445, #7444 ) ) REPRESENTATION_CONTEXT ( 'NONE', 'WORKASPACE' ) );
#7583 = DIRECTION ( 'NONE',  ( 1.000000000000000000, -9.860761315262647600E-032, -2.465190328815661900E-032 ) ) ;
#7584 = VECTOR ( 'NONE', #7583, 1000.000000000000000 ) ;
#7585 = CARTESIAN_POINT ( 'NONE',  ( -7.649999999999996800, 8.599999999999997900, -18.49999999999999300 ) ) ;
#7586 = DIRECTION ( 'NONE',  ( -1.000000000000000000, 9.860761315262647600E-032, 2.465190328815661900E-032 ) ) ;
#7587 = DIRECTION ( 'NONE',  ( -2.465190328815661900E-032, 1.483603526480291100E-031, -1.000000000000000000 ) ) ;
#7588 = CARTESIAN_POINT ( 'NONE',  ( 7.650000000000003900, 9.600000000000021000, -13.39999999999999300 ) ) ;
#7589 = AXIS2_PLACEMENT_3D ( 'NONE', #7588, #7587, #7586 ) ;
#7590 = LINE ( 'NONE', #7585, #7584 ) ;
#7591 = PLANE ( 'NONE',  #7589 ) ;
#7592 =( GEOMETRIC_REPRESENTATION_CONTEXT ( 3 ) GLOBAL_UNCERTAINTY_ASSIGNED_CONTEXT ( ( #7593 ) ) GLOBAL_UNIT_ASSIGNED_CONTEXT ( ( #7596, #7595, #7594 ) ) REPRESENTATION_CONTEXT ( 'NONE', 'WORKASPACE' ) );
#7593 = UNCERTAINTY_MEASURE_WITH_UNIT (LENGTH_MEASURE( 1.000000000000000100E-005 ), #7596, 'distance_accuracy_value', 'NONE');
#7594 =( NAMED_UNIT ( * ) SI_UNIT ( $, .STERADIAN. ) SOLID_ANGLE_UNIT ( ) );
#7595 =( NAMED_UNIT ( * ) PLANE_ANGLE_UNIT ( ) SI_UNIT ( $, .RADIAN. ) );
#7596 =( LENGTH_UNIT ( ) NAMED_UNIT ( * ) SI_UNIT ( .MILLI., .METRE. ) );
#7597 = DIRECTION ( 'NONE',  ( 2.602085213965191300E-015, 1.000000000000000000, -1.431245598373657800E-031 ) ) ;
#7598 = VECTOR ( 'NONE', #7597, 1000.000000000000000 ) ;
#7599 = CARTESIAN_POINT ( 'NONE',  ( -11.24999999999997500, 9.600000000000021000, -13.39999999999999300 ) ) ;
#7600 = LINE ( 'NONE', #7599, #7598 ) ;
#7601 = DIRECTION ( 'NONE',  ( 0.7071067811865396900, 0.7071067811865553400, -9.860761315262649800E-032 ) ) ;
#7602 = VECTOR ( 'NONE', #7601, 1000.000000000000100 ) ;
#7603 = CARTESIAN_POINT ( 'NONE',  ( -12.70710678117888800, 4.142893218821030600, -18.49999999999999600 ) ) ;
#7604 = CARTESIAN_POINT ( 'NONE',  ( 7.749999999999992900, 9.600000000000021000, -13.39999999999999300 ) ) ;
#7605 = MECHANICAL_DESIGN_GEOMETRIC_PRESENTATION_REPRESENTATION (  '', ( #7607 ), #7592 ) ;
#7606 = PRESENTATION_LAYER_ASSIGNMENT (  '', '', ( #7607 ) ) ;
#7607 = STYLED_ITEM ( 'NONE', ( #7608 ), #4009 ) ;
#7608 = PRESENTATION_STYLE_ASSIGNMENT (( #7609 ) ) ;
#7609 = SURFACE_STYLE_USAGE ( .BOTH. , #7610 ) ;
#7610 = SURFACE_SIDE_STYLE ('',( #7611 ) ) ;
#7611 = SURFACE_STYLE_FILL_AREA ( #7612 ) ;
#7612 = FILL_AREA_STYLE ('',( #7614 ) ) ;
#7613 = COLOUR_RGB ( '',0.2509803921568627400, 0.2509803921568627400, 0.2509803921568627400 ) ;
#7614 = FILL_AREA_STYLE_COLOUR ( '', #7613 ) ;
#7615 = FACE_OUTER_BOUND ( 'NONE', #4070, .T. ) ;
#7616 = CARTESIAN_POINT ( 'NONE',  ( -10.19999999999999400, -9.249999999999994700, -2.999999999999999100 ) ) ;
#7617 = DIRECTION ( 'NONE',  ( -1.084202172485492400E-014, 1.000000000000000000, -1.414156021896175500E-031 ) ) ;
#7618 = VECTOR ( 'NONE', #7617, 1000.000000000000000 ) ;
#7619 = CARTESIAN_POINT ( 'NONE',  ( 7.650000000000011000, 9.200000000000017100, -13.39999999999999300 ) ) ;
#7620 = LINE ( 'NONE', #7619, #7618 ) ;
#7621 = DIRECTION ( 'NONE',  ( -1.182766006347820200E-015, -1.457905412511795200E-031, 1.000000000000000000 ) ) ;
#7622 = VECTOR ( 'NONE', #7621, 1000.000000000000000 ) ;
#7623 = CARTESIAN_POINT ( 'NONE',  ( -7.750000000000027500, -9.199999999999995700, -16.69999999999998900 ) ) ;
#7624 = LINE ( 'NONE', #7623, #7622 ) ;
#7625 = CARTESIAN_POINT ( 'NONE',  ( -11.24999999999998900, 7.954545454545462100, -13.39999999999999700 ) ) ;
#7626 = DIRECTION ( 'NONE',  ( -1.000000000000000000, 2.611364411701355100E-015, 2.465190328815661900E-032 ) ) ;
#7627 = LINE ( 'NONE', #7640, #7639 ) ;
#7628 = FILL_AREA_STYLE_COLOUR ( '', #7633 ) ;
#7629 = CARTESIAN_POINT ( 'NONE',  ( -7.149999999999982600, 9.599999999999997900, -18.49999999999999300 ) ) ;
#7630 = CARTESIAN_POINT ( 'NONE',  ( -7.849999999999989000, -9.199999999999999300, -10.65999999999996600 ) ) ;
#7631 = SURFACE_STYLE_FILL_AREA ( #7632 ) ;
#7632 = FILL_AREA_STYLE ('',( #7628 ) ) ;
#7633 = COLOUR_RGB ( '',0.2509803921568627400, 0.2509803921568627400, 0.2509803921568627400 ) ;
#7634 = FACE_BOUND ( 'NONE', #4170, .T. ) ;
#7635 = FACE_BOUND ( 'NONE', #4158, .T. ) ;
#7636 = FACE_BOUND ( 'NONE', #4053, .T. ) ;
#7637 = FACE_OUTER_BOUND ( 'NONE', #3980, .T. ) ;
#7638 = DIRECTION ( 'NONE',  ( -0.7071067811865441300, 0.7071067811865510100, -9.860761315262651900E-032 ) ) ;
#7639 = VECTOR ( 'NONE', #7638, 999.9999999999998900 ) ;
#7640 = CARTESIAN_POINT ( 'NONE',  ( 7.650000000000011000, 9.200000000000017100, -13.39999999999999300 ) ) ;
#7641 = SURFACE_STYLE_FILL_AREA ( #7642 ) ;
#7642 = FILL_AREA_STYLE ('',( #7643 ) ) ;
#7643 = FILL_AREA_STYLE_COLOUR ( '', #7644 ) ;
#7644 = COLOUR_RGB ( '',0.2509803921568627400, 0.2509803921568627400, 0.2509803921568627400 ) ;
#7645 = FACE_BOUND ( 'NONE', #4174, .T. ) ;
#7646 = FACE_OUTER_BOUND ( 'NONE', #4129, .T. ) ;
#7647 = CARTESIAN_POINT ( 'NONE',  ( 13.20000000000000300, -3.800000000000001200, -3.000000000000002700 ) ) ;
#7648 = DIRECTION ( 'NONE',  ( -9.860761315262649800E-032, 1.000000000000000000, -1.483603526480291300E-031 ) ) ;
#7649 = VECTOR ( 'NONE', #7648, 1000.000000000000000 ) ;
#7650 = CARTESIAN_POINT ( 'NONE',  ( 13.50000000000000500, -3.800000000000001200, -2.999999999999999100 ) ) ;
#7651 = LINE ( 'NONE', #7650, #7649 ) ;
#7652 = CARTESIAN_POINT ( 'NONE',  ( 12.90710678118655400, 3.942893218813421800, -2.999999999999999100 ) ) ;
#7653 = DIRECTION ( 'NONE',  ( -1.000000000000000000, 9.860761315262647600E-032, 2.465190328815661900E-032 ) ) ;
#7654 = VECTOR ( 'NONE', #7653, 1000.000000000000000 ) ;
#7655 = CARTESIAN_POINT ( 'NONE',  ( 13.00000000000000500, 3.799999999999998000, -2.999999999999999100 ) ) ;
#7656 = CARTESIAN_POINT ( 'NONE',  ( 2.100000000000004500, -1.999999999999998200, -18.49999999999999300 ) ) ;
#7657 = DIRECTION ( 'NONE',  ( 1.000000000000000000, 0.0000000000000000000, 0.0000000000000000000 ) ) ;
#7658 = DIRECTION ( 'NONE',  ( -2.465190328815662400E-032, -1.483603526480291300E-031, 1.000000000000000000 ) ) ;
#7659 = CARTESIAN_POINT ( 'NONE',  ( -14.49999999999999300, 10.99999999999999300, -2.999999999999999100 ) ) ;
#7660 = AXIS2_PLACEMENT_3D ( 'NONE', #7659, #7658, #7657 ) ;
#7661 = CIRCLE ( 'NONE', #7660, 1.000000000000000900 ) ;
#7662 = CARTESIAN_POINT ( 'NONE',  ( -13.49999999999999100, -3.199999999999998000, -2.999999999999999100 ) ) ;
#7663 = DIRECTION ( 'NONE',  ( 1.000000000000000000, -9.860761315262647600E-032, -2.465190328815661900E-032 ) ) ;
#7664 = VECTOR ( 'NONE', #7663, 1000.000000000000000 ) ;
#7665 = DIRECTION ( 'NONE',  ( -2.465190328815662400E-032, -1.483603526480291100E-031, 1.000000000000000000 ) ) ;
#7666 = DIRECTION ( 'NONE',  ( -9.860761315262651900E-032, 1.000000000000000000, 1.483603526480291100E-031 ) ) ;
#7667 = CARTESIAN_POINT ( 'NONE',  ( -7.849999999999989000, -9.199999999999995700, -16.69999999999998900 ) ) ;
#7668 = AXIS2_PLACEMENT_3D ( 'NONE', #7667, #7666, #7665 ) ;
#7669 = CARTESIAN_POINT ( 'NONE',  ( 7.650000000000011000, 9.200000000000017100, -13.39999999999999300 ) ) ;
#7670 = CARTESIAN_POINT ( 'NONE',  ( -4.899999999999995000, -8.000000000000000000, -18.49999999999998900 ) ) ;
#7671 = CARTESIAN_POINT ( 'NONE',  ( -9.099999999999990800, -7.999999999999996400, -18.49999999999998900 ) ) ;
#7672 = DIRECTION ( 'NONE',  ( 1.734723475976806600E-016, 1.000000000000000000, -1.545851406708269000E-031 ) ) ;
#7673 = VECTOR ( 'NONE', #7672, 1000.000000000000000 ) ;
#7674 = CARTESIAN_POINT ( 'NONE',  ( -9.099999999999990800, 1.999999999999998200, -18.49999999999999300 ) ) ;
#7675 = LINE ( 'NONE', #7674, #7673 ) ;
#7676 = DIRECTION ( 'NONE',  ( -9.860761315262651900E-032, 1.000000000000000000, 1.483603526480291100E-031 ) ) ;
#7677 = CARTESIAN_POINT ( 'NONE',  ( 14.49999999999999800, 11.99999999999999500, -3.000000000000002700 ) ) ;
#7678 = CARTESIAN_POINT ( 'NONE',  ( 3.650000000000007500, 9.899999999999991500, -2.999999999999999100 ) ) ;
#7679 = DIRECTION ( 'NONE',  ( -1.000000000000000000, 9.860761315262647600E-032, 2.465190328815661900E-032 ) ) ;
#7680 = VECTOR ( 'NONE', #7679, 1000.000000000000000 ) ;
#7681 = CARTESIAN_POINT ( 'NONE',  ( 4.250000000000010700, 9.899999999999995000, -2.999999999999999100 ) ) ;
#7682 = LINE ( 'NONE', #7681, #7680 ) ;
#7683 = CARTESIAN_POINT ( 'NONE',  ( 13.20000000000000300, 3.199999999999998000, -2.999999999999999100 ) ) ;
#7684 = DIRECTION ( 'NONE',  ( -1.828760838527578000E-016, -1.000000000000000000, 1.562589305603316300E-031 ) ) ;
#7685 = VECTOR ( 'NONE', #7684, 1000.000000000000000 ) ;
#7686 = CARTESIAN_POINT ( 'NONE',  ( 13.20000000000000300, 3.235786437626878300, -2.999999999999999100 ) ) ;
#7687 = LINE ( 'NONE', #7686, #7685 ) ;
#7688 = DIRECTION ( 'NONE',  ( 9.860761315262649800E-032, -1.000000000000000000, 1.483603526480291300E-031 ) ) ;
#7689 = VECTOR ( 'NONE', #7688, 1000.000000000000000 ) ;
#7690 = CARTESIAN_POINT ( 'NONE',  ( -15.49999999999999300, 10.99999999999998800, -2.999999999999999100 ) ) ;
#7691 = LINE ( 'NONE', #7690, #7689 ) ;
#7692 = PLANE ( 'NONE',  #7718 ) ;
#7693 = CARTESIAN_POINT ( 'NONE',  ( -10.19999999999999400, -9.249999999999998200, -10.54999999999994700 ) ) ;
#7694 = PLANE ( 'NONE',  #7668 ) ;
#7695 =( GEOMETRIC_REPRESENTATION_CONTEXT ( 3 ) GLOBAL_UNCERTAINTY_ASSIGNED_CONTEXT ( ( #7719 ) ) GLOBAL_UNIT_ASSIGNED_CONTEXT ( ( #7709, #7721, #7720 ) ) REPRESENTATION_CONTEXT ( 'NONE', 'WORKASPACE' ) );
#7696 = CARTESIAN_POINT ( 'NONE',  ( -7.849999999999989000, -9.199999999999995700, -3.000000000000002700 ) ) ;
#7697 = CARTESIAN_POINT ( 'NONE',  ( 7.850000000000003200, -9.199999999999995700, -18.49999999999999300 ) ) ;
#7698 = LINE ( 'NONE', #7697, #7726 ) ;
#7699 = CARTESIAN_POINT ( 'NONE',  ( -14.49999999999997900, -12.00000000000000000, -2.999999999999999100 ) ) ;
#7700 = DIRECTION ( 'NONE',  ( 1.000000000000000000, 0.0000000000000000000, 0.0000000000000000000 ) ) ;
#7701 = DIRECTION ( 'NONE',  ( -2.465190328815662400E-032, -1.483603526480291300E-031, 1.000000000000000000 ) ) ;
#7702 = CARTESIAN_POINT ( 'NONE',  ( -14.49999999999999300, -11.00000000000000000, -2.999999999999999100 ) ) ;
#7703 = AXIS2_PLACEMENT_3D ( 'NONE', #7702, #7701, #7700 ) ;
#7704 = CIRCLE ( 'NONE', #7703, 0.9999999999999991100 ) ;
#7705 = DIRECTION ( 'NONE',  ( 4.336808689942028800E-017, -1.000000000000000000, 1.406411798202905000E-031 ) ) ;
#7706 = VECTOR ( 'NONE', #7705, 1000.000000000000000 ) ;
#7707 = CARTESIAN_POINT ( 'NONE',  ( 2.100000000000004500, 7.999999999999996400, -18.49999999999999600 ) ) ;
#7708 = LINE ( 'NONE', #7707, #7706 ) ;
#7709 =( LENGTH_UNIT ( ) NAMED_UNIT ( * ) SI_UNIT ( .MILLI., .METRE. ) );
#7710 = MECHANICAL_DESIGN_GEOMETRIC_PRESENTATION_REPRESENTATION (  '', ( #7712 ), #7695 ) ;
#7711 = PRESENTATION_LAYER_ASSIGNMENT (  '', '', ( #7712 ) ) ;
#7712 = STYLED_ITEM ( 'NONE', ( #7742 ), #4057 ) ;
#7713 = LINE ( 'NONE', #7740, #7739 ) ;
#7714 = CARTESIAN_POINT ( 'NONE',  ( 7.249999999999999100, -9.199999999999995700, -18.49999999999999300 ) ) ;
#7715 = CARTESIAN_POINT ( 'NONE',  ( 7.750000000000041700, -9.199999999999995700, -18.49999999999998600 ) ) ;
#7716 = DIRECTION ( 'NONE',  ( -9.860761315262651900E-032, 1.000000000000000000, -5.204170427930431400E-014 ) ) ;
#7717 = CARTESIAN_POINT ( 'NONE',  ( -10.19999999999999400, -9.249999999999998200, -16.69999999999999200 ) ) ;
#7718 = AXIS2_PLACEMENT_3D ( 'NONE', #7717, #7676, #7752 ) ;
#7719 = UNCERTAINTY_MEASURE_WITH_UNIT (LENGTH_MEASURE( 1.000000000000000100E-005 ), #7709, 'distance_accuracy_value', 'NONE');
#7720 =( NAMED_UNIT ( * ) SI_UNIT ( $, .STERADIAN. ) SOLID_ANGLE_UNIT ( ) );
#7721 =( NAMED_UNIT ( * ) PLANE_ANGLE_UNIT ( ) SI_UNIT ( $, .RADIAN. ) );
#7722 = CARTESIAN_POINT ( 'NONE',  ( -9.099999999999990800, 1.999999999999998200, -18.49999999999999300 ) ) ;
#7723 = DIRECTION ( 'NONE',  ( -9.860761315262649800E-032, 1.000000000000000000, -1.483603526480291300E-031 ) ) ;
#7724 = VECTOR ( 'NONE', #7723, 1000.000000000000000 ) ;
#7725 = DIRECTION ( 'NONE',  ( -1.000000000000000000, 2.891205793294679000E-015, 2.465190328815661900E-032 ) ) ;
#7726 = VECTOR ( 'NONE', #7725, 1000.000000000000000 ) ;
#7727 = CARTESIAN_POINT ( 'NONE',  ( -7.149999999999982600, 8.600000000000001400, -3.000000000000002700 ) ) ;
#7728 = CARTESIAN_POINT ( 'NONE',  ( -7.249999999999999100, -9.600000000000001400, -3.000000000000002700 ) ) ;
#7729 = DIRECTION ( 'NONE',  ( -9.860761315262649800E-032, 1.000000000000000000, -1.483603526480291300E-031 ) ) ;
#7730 = VECTOR ( 'NONE', #7729, 1000.000000000000000 ) ;
#7731 = CARTESIAN_POINT ( 'NONE',  ( -7.249999999999999100, -9.199999999999995700, -3.000000000000002700 ) ) ;
#7732 = LINE ( 'NONE', #7731, #7730 ) ;
#7733 = DIRECTION ( 'NONE',  ( -1.000000000000000000, 9.860761315262647600E-032, 2.465190328815661900E-032 ) ) ;
#7734 = VECTOR ( 'NONE', #7733, 1000.000000000000000 ) ;
#7735 = CARTESIAN_POINT ( 'NONE',  ( 9.100000000000003200, -7.999999999999996400, -18.49999999999999300 ) ) ;
#7736 = LINE ( 'NONE', #7735, #7734 ) ;
#7737 = CARTESIAN_POINT ( 'NONE',  ( -7.249999999999985800, -9.600000000000001400, -18.49999999999998900 ) ) ;
#7738 = LINE ( 'NONE', #7737, #7724 ) ;
#7739 = VECTOR ( 'NONE', #7785, 1000.000000000000000 ) ;
#7740 = CARTESIAN_POINT ( 'NONE',  ( 11.25000000000003700, -8.999999999999969800, -18.49999999999999300 ) ) ;
#7741 = UNCERTAINTY_MEASURE_WITH_UNIT (LENGTH_MEASURE( 1.000000000000000100E-005 ), #7561, 'distance_accuracy_value', 'NONE');
#7742 = PRESENTATION_STYLE_ASSIGNMENT (( #7743 ) ) ;
#7743 = SURFACE_STYLE_USAGE ( .BOTH. , #7744 ) ;
#7744 = SURFACE_SIDE_STYLE ('',( #7745 ) ) ;
#7745 = SURFACE_STYLE_FILL_AREA ( #7746 ) ;
#7746 = FILL_AREA_STYLE ('',( #7747 ) ) ;
#7747 = FILL_AREA_STYLE_COLOUR ( '', #7748 ) ;
#7748 = COLOUR_RGB ( '',0.2509803921568627400, 0.2509803921568627400, 0.2509803921568627400 ) ;
#7749 = FACE_OUTER_BOUND ( 'NONE', #4026, .T. ) ;
#7750 = CARTESIAN_POINT ( 'NONE',  ( 11.25000000000000400, 5.599999999999990800, -18.49999999999999300 ) ) ;
#7751 = CARTESIAN_POINT ( 'NONE',  ( -7.249999999999985800, -9.600000000000001400, -18.49999999999998900 ) ) ;
#7752 = DIRECTION ( 'NONE',  ( -2.465190328815662400E-032, -1.483603526480291100E-031, 1.000000000000000000 ) ) ;
#7753 = CARTESIAN_POINT ( 'NONE',  ( -12.99999999999999100, -3.199999999999998000, -2.999999999999999100 ) ) ;
#7754 = LINE ( 'NONE', #7753, #7664 ) ;
#7755 = DIRECTION ( 'NONE',  ( 0.0000000000000000000, -1.000000000000000000, -2.891205793294679000E-015 ) ) ;
#7756 = VECTOR ( 'NONE', #7755, 1000.000000000000000 ) ;
#7757 = CARTESIAN_POINT ( 'NONE',  ( -4.249999999999996400, 9.599999999999996100, -3.000000000000002700 ) ) ;
#7758 = LINE ( 'NONE', #7757, #7756 ) ;
#7759 = CARTESIAN_POINT ( 'NONE',  ( -13.50000000000000500, 3.799999999999998000, -2.999999999999999100 ) ) ;
#7760 = DIRECTION ( 'NONE',  ( 1.000000000000000000, -9.860761315262647600E-032, -2.465190328815661900E-032 ) ) ;
#7761 = VECTOR ( 'NONE', #7760, 1000.000000000000000 ) ;
#7762 = CARTESIAN_POINT ( 'NONE',  ( -13.00000000000000500, 3.799999999999998000, -2.999999999999999100 ) ) ;
#7763 = LINE ( 'NONE', #7762, #7761 ) ;
#7764 = DIRECTION ( 'NONE',  ( -9.860761315262649800E-032, 1.000000000000000000, -1.483603526480291300E-031 ) ) ;
#7765 = VECTOR ( 'NONE', #7764, 1000.000000000000000 ) ;
#7766 = CARTESIAN_POINT ( 'NONE',  ( -7.149999999999996800, 9.599999999999997900, -3.000000000000002700 ) ) ;
#7767 = LINE ( 'NONE', #7766, #7765 ) ;
#7768 = LINE ( 'NONE', #7655, #7654 ) ;
#7769 = DIRECTION ( 'NONE',  ( 1.000000000000000000, -9.860761315262647600E-032, -2.465190328815661900E-032 ) ) ;
#7770 = VECTOR ( 'NONE', #7769, 1000.000000000000000 ) ;
#7771 = CARTESIAN_POINT ( 'NONE',  ( -14.49999999999997900, -12.00000000000000000, -2.999999999999999100 ) ) ;
#7772 = LINE ( 'NONE', #7771, #7770 ) ;
#7773 = DIRECTION ( 'NONE',  ( -1.000000000000000000, 2.065146995210484400E-016, 0.0000000000000000000 ) ) ;
#7774 = VECTOR ( 'NONE', #7773, 1000.000000000000000 ) ;
#7775 = CARTESIAN_POINT ( 'NONE',  ( 2.100000000000004500, -1.999999999999998200, -18.49999999999999300 ) ) ;
#7776 = LINE ( 'NONE', #7775, #7774 ) ;
#7777 =( GEOMETRIC_REPRESENTATION_CONTEXT ( 3 ) GLOBAL_UNCERTAINTY_ASSIGNED_CONTEXT ( ( #7741 ) ) GLOBAL_UNIT_ASSIGNED_CONTEXT ( ( #7561, #7560, #7559 ) ) REPRESENTATION_CONTEXT ( 'NONE', 'WORKASPACE' ) );
#7778 = DIRECTION ( 'NONE',  ( -2.465190328815663000E-032, -1.237084493598725400E-031, 1.000000000000000000 ) ) ;
#7779 = VECTOR ( 'NONE', #7778, 1000.000000000000000 ) ;
#7780 = CARTESIAN_POINT ( 'NONE',  ( -7.849999999999989000, -9.199999999999995700, -16.69999999999998900 ) ) ;
#7781 = DIRECTION ( 'NONE',  ( -1.000000000000000000, 9.860761315262647600E-032, 2.465190328815661900E-032 ) ) ;
#7782 = VECTOR ( 'NONE', #7781, 1000.000000000000000 ) ;
#7783 = CARTESIAN_POINT ( 'NONE',  ( 7.249999999999999100, -9.600000000000001400, -18.49999999999999300 ) ) ;
#7784 = LINE ( 'NONE', #7783, #7782 ) ;
#7785 = DIRECTION ( 'NONE',  ( -9.860761315262651900E-032, 1.000000000000000000, -5.204170427930431400E-014 ) ) ;
#7786 = VECTOR ( 'NONE', #7716, 1000.000000000000000 ) ;
#7787 = CARTESIAN_POINT ( 'NONE',  ( 7.750000000000041700, -8.999999999999980500, -18.49999999999999600 ) ) ;
#7788 = LINE ( 'NONE', #7787, #7786 ) ;
#7789 = LINE ( 'NONE', #7780, #7779 ) ;
#7790 = CARTESIAN_POINT ( 'NONE',  ( -15.49999999999999300, 10.99999999999998800, -2.999999999999999100 ) ) ;
#7791 = DIRECTION ( 'NONE',  ( 0.7071067811865440200, -0.7071067811865511300, 9.860761315262649800E-032 ) ) ;
#7792 = VECTOR ( 'NONE', #7791, 1000.000000000000000 ) ;
#7793 = CARTESIAN_POINT ( 'NONE',  ( 7.650000000000011000, 9.200000000000017100, -18.49999999999999600 ) ) ;
#7794 = LINE ( 'NONE', #7793, #7792 ) ;
#7795 = CARTESIAN_POINT ( 'NONE',  ( -11.25000000000003000, -9.060249099279261000, -18.49999999999999300 ) ) ;
#7796 = DIRECTION ( 'NONE',  ( -2.465190328815663000E-032, -1.237084493598725400E-031, 1.000000000000000000 ) ) ;
#7797 = VECTOR ( 'NONE', #7796, 1000.000000000000000 ) ;
#7798 = CARTESIAN_POINT ( 'NONE',  ( -11.25000000000003000, -9.060249099279261000, -16.69999999999999200 ) ) ;
#7799 = LINE ( 'NONE', #7798, #7797 ) ;
#7800 = CARTESIAN_POINT ( 'NONE',  ( 7.150000000000003900, 8.599999999999996100, -18.49999999999999600 ) ) ;
#7801 = CARTESIAN_POINT ( 'NONE',  ( 7.150000000000003900, 9.599999999999996100, -18.49999999999999600 ) ) ;
#7802 = DIRECTION ( 'NONE',  ( 1.000000000000000000, -1.213093339843922100E-016, -2.465190328815662400E-032 ) ) ;
#7803 = VECTOR ( 'NONE', #7802, 1000.000000000000000 ) ;
#7804 = CARTESIAN_POINT ( 'NONE',  ( -7.149999999999982600, 9.599999999999997900, -18.49999999999999300 ) ) ;
#7805 = LINE ( 'NONE', #7804, #7803 ) ;
#7806 = UNCERTAINTY_MEASURE_WITH_UNIT (LENGTH_MEASURE( 1.000000000000000100E-005 ), #7906, 'distance_accuracy_value', 'NONE');
#7807 =( NAMED_UNIT ( * ) SI_UNIT ( $, .STERADIAN. ) SOLID_ANGLE_UNIT ( ) );
#7808 = LINE ( 'NONE', #8021, #8020 ) ;
#7809 = CARTESIAN_POINT ( 'NONE',  ( -2.099999999999990800, 7.999999999999996400, -18.49999999999999300 ) ) ;
#7810 = DIRECTION ( 'NONE',  ( 1.000000000000000000, 0.0000000000000000000, 0.0000000000000000000 ) ) ;
#7811 = DIRECTION ( 'NONE',  ( -2.465190328815662400E-032, -1.483603526480291300E-031, 1.000000000000000000 ) ) ;
#7812 = CARTESIAN_POINT ( 'NONE',  ( 14.50000000000000500, 10.99999999999999600, -3.000000000000002700 ) ) ;
#7813 = AXIS2_PLACEMENT_3D ( 'NONE', #7812, #7811, #7810 ) ;
#7814 = CIRCLE ( 'NONE', #7813, 0.9999999999999991100 ) ;
#7815 = DIRECTION ( 'NONE',  ( -1.000000000000000000, 9.860761315262647600E-032, 2.465190328815661900E-032 ) ) ;
#7816 = VECTOR ( 'NONE', #7815, 1000.000000000000000 ) ;
#7817 = CARTESIAN_POINT ( 'NONE',  ( 13.00000000000000500, -3.200000000000001500, -3.000000000000002700 ) ) ;
#7818 = LINE ( 'NONE', #7817, #7816 ) ;
#7819 = DIRECTION ( 'NONE',  ( 1.000000000000000000, 0.0000000000000000000, 0.0000000000000000000 ) ) ;
#7820 = DIRECTION ( 'NONE',  ( -2.465190328815662400E-032, -1.483603526480291300E-031, 1.000000000000000000 ) ) ;
#7821 = CARTESIAN_POINT ( 'NONE',  ( 14.49999999999999800, -11.00000000000000000, -3.000000000000002700 ) ) ;
#7822 = AXIS2_PLACEMENT_3D ( 'NONE', #7821, #7820, #7819 ) ;
#7823 = CIRCLE ( 'NONE', #7822, 1.000000000000000900 ) ;
#7824 = CARTESIAN_POINT ( 'NONE',  ( 7.149999999999996800, 9.599999999999996100, -2.999999999999999100 ) ) ;
#7825 = DIRECTION ( 'NONE',  ( -1.000000000000000000, 0.0000000000000000000, 0.0000000000000000000 ) ) ;
#7826 = DIRECTION ( 'NONE',  ( 2.465190328815662400E-032, 1.483603526480291300E-031, -1.000000000000000000 ) ) ;
#7827 = SURFACE_STYLE_USAGE ( .BOTH. , #7408 ) ;
#7828 = CARTESIAN_POINT ( 'NONE',  ( 13.02562888517434700, 3.799999999999998000, -2.999999999999999100 ) ) ;
#7829 = DIRECTION ( 'NONE',  ( 1.000000000000000000, -9.860761315262647600E-032, -2.465190328815661900E-032 ) ) ;
#7830 = DIRECTION ( 'NONE',  ( 2.465190328815661900E-032, -1.483603526480291100E-031, 1.000000000000000000 ) ) ;
#7831 = AXIS2_PLACEMENT_3D ( 'NONE', #7993, #7830, #7829 ) ;
#7832 = PRESENTATION_LAYER_ASSIGNMENT (  '', '', ( #7833 ) ) ;
#7833 = STYLED_ITEM ( 'NONE', ( #7907 ), #4120 ) ;
#7834 = CARTESIAN_POINT ( 'NONE',  ( 13.49999999999999800, -3.800000000000001200, -2.999999999999999100 ) ) ;
#7835 = DIRECTION ( 'NONE',  ( -1.000000000000000000, 9.860761315262647600E-032, 2.465190328815661900E-032 ) ) ;
#7836 = VECTOR ( 'NONE', #7835, 1000.000000000000000 ) ;
#7837 = CARTESIAN_POINT ( 'NONE',  ( 13.00000000000000500, -3.800000000000001200, -3.000000000000002700 ) ) ;
#7838 = LINE ( 'NONE', #7837, #7836 ) ;
#7839 = CARTESIAN_POINT ( 'NONE',  ( 14.49999999999999800, -12.00000000000000000, -3.000000000000002700 ) ) ;
#7840 = CARTESIAN_POINT ( 'NONE',  ( 15.50000000000000700, 10.99999999999998600, -3.000000000000002700 ) ) ;
#7841 = CARTESIAN_POINT ( 'NONE',  ( 13.49999999999999800, 3.799999999999998000, -2.999999999999999100 ) ) ;
#7842 = CARTESIAN_POINT ( 'NONE',  ( 7.650000000000018100, 9.200000000000017100, -2.999999999999999100 ) ) ;
#7843 = DIRECTION ( 'NONE',  ( 0.7071067811865440200, -0.7071067811865511300, 9.860761315262649800E-032 ) ) ;
#7844 = VECTOR ( 'NONE', #7843, 1000.000000000000000 ) ;
#7845 = CARTESIAN_POINT ( 'NONE',  ( -15.49999999999999300, -10.99999999999999300, -2.999999999999999100 ) ) ;
#7846 = CARTESIAN_POINT ( 'NONE',  ( 9.100000000000003200, -7.999999999999996400, -18.49999999999999300 ) ) ;
#7847 = CARTESIAN_POINT ( 'NONE',  ( 4.900000000000001200, -8.000000000000000000, -18.49999999999999300 ) ) ;
#7848 = CARTESIAN_POINT ( 'NONE',  ( 2.100000000000004500, 7.999999999999996400, -18.49999999999999600 ) ) ;
#7849 = DIRECTION ( 'NONE',  ( 9.860761315262649800E-032, -1.000000000000000000, 1.483603526480291300E-031 ) ) ;
#7850 = VECTOR ( 'NONE', #7849, 1000.000000000000000 ) ;
#7851 = CARTESIAN_POINT ( 'NONE',  ( 13.50000000000000500, 3.799999999999996300, -2.999999999999999100 ) ) ;
#7852 = LINE ( 'NONE', #7851, #7850 ) ;
#7853 = CARTESIAN_POINT ( 'NONE',  ( 13.49999999999999800, 3.199999999999996200, -2.999999999999999100 ) ) ;
#7854 = DIRECTION ( 'NONE',  ( -1.000000000000000000, 9.860761315262647600E-032, 2.465190328815661900E-032 ) ) ;
#7855 = VECTOR ( 'NONE', #7854, 1000.000000000000000 ) ;
#7856 = CARTESIAN_POINT ( 'NONE',  ( -14.49999999999999300, 11.99999999999999300, -2.999999999999999100 ) ) ;
#7857 = LINE ( 'NONE', #7856, #7855 ) ;
#7858 = CARTESIAN_POINT ( 'NONE',  ( 4.250000000000003600, 9.899999999999996800, -2.999999999999999100 ) ) ;
#7859 =( NAMED_UNIT ( * ) PLANE_ANGLE_UNIT ( ) SI_UNIT ( $, .RADIAN. ) );
#7860 = DIRECTION ( 'NONE',  ( 0.0000000000000000000, -1.000000000000000000, -2.891205793294679000E-015 ) ) ;
#7861 = VECTOR ( 'NONE', #7860, 1000.000000000000000 ) ;
#7862 = CARTESIAN_POINT ( 'NONE',  ( 4.250000000000003600, 9.599999999999996100, -2.999999999999999100 ) ) ;
#7863 = LINE ( 'NONE', #7862, #7861 ) ;
#7864 = CARTESIAN_POINT ( 'NONE',  ( 9.100000000000003200, 1.999999999999998200, -18.49999999999999600 ) ) ;
#7865 = CARTESIAN_POINT ( 'NONE',  ( 4.250000000000003600, 9.599999999999996100, -2.999999999999999100 ) ) ;
#7866 = DIRECTION ( 'NONE',  ( 1.000000000000000000, -1.213093339843922100E-016, -2.465190328815662400E-032 ) ) ;
#7867 = VECTOR ( 'NONE', #7866, 1000.000000000000000 ) ;
#7868 = CARTESIAN_POINT ( 'NONE',  ( 7.149999999999996800, 9.599999999999996100, -2.999999999999999100 ) ) ;
#7869 = LINE ( 'NONE', #7868, #7867 ) ;
#7870 =( LENGTH_UNIT ( ) NAMED_UNIT ( * ) SI_UNIT ( .MILLI., .METRE. ) );
#7871 = MECHANICAL_DESIGN_GEOMETRIC_PRESENTATION_REPRESENTATION (  '', ( #7873 ), #8040 ) ;
#7872 = PRESENTATION_LAYER_ASSIGNMENT (  '', '', ( #7873 ) ) ;
#7873 = STYLED_ITEM ( 'NONE', ( #7874 ), #4242 ) ;
#7874 = PRESENTATION_STYLE_ASSIGNMENT (( #7875 ) ) ;
#7875 = SURFACE_STYLE_USAGE ( .BOTH. , #7876 ) ;
#7876 = SURFACE_SIDE_STYLE ('',( #7877 ) ) ;
#7877 = SURFACE_STYLE_FILL_AREA ( #7878 ) ;
#7878 = FILL_AREA_STYLE ('',( #7887 ) ) ;
#7879 = COLOUR_RGB ( '',0.2509803921568627400, 0.2509803921568627400, 0.2509803921568627400 ) ;
#7880 = FACE_BOUND ( 'NONE', #4371, .T. ) ;
#7881 = FACE_OUTER_BOUND ( 'NONE', #4243, .T. ) ;
#7882 = DIRECTION ( 'NONE',  ( 1.000000000000000000, 0.0000000000000000000, 0.0000000000000000000 ) ) ;
#7883 = DIRECTION ( 'NONE',  ( 2.465190328815662400E-032, 1.483603526480291300E-031, -1.000000000000000000 ) ) ;
#7884 = CARTESIAN_POINT ( 'NONE',  ( 14.50000000000000500, 10.99999999999999600, -0.5000000000000038900 ) ) ;
#7885 = AXIS2_PLACEMENT_3D ( 'NONE', #7884, #7883, #7882 ) ;
#7886 = CIRCLE ( 'NONE', #7885, 0.9999999999999991100 ) ;
#7887 = FILL_AREA_STYLE_COLOUR ( '', #7879 ) ;
#7888 = DIRECTION ( 'NONE',  ( -2.465190328815662400E-032, -1.483603526480291300E-031, 1.000000000000000000 ) ) ;
#7889 = VECTOR ( 'NONE', #7888, 1000.000000000000000 ) ;
#7890 = CARTESIAN_POINT ( 'NONE',  ( 14.49999999999999800, -12.00000000000000000, -3.000000000000002700 ) ) ;
#7891 = DIRECTION ( 'NONE',  ( 1.000000000000000000, 0.0000000000000000000, 0.0000000000000000000 ) ) ;
#7892 = DIRECTION ( 'NONE',  ( 2.465190328815662400E-032, 1.483603526480291300E-031, -1.000000000000000000 ) ) ;
#7893 = CARTESIAN_POINT ( 'NONE',  ( 14.50000000000000500, -11.00000000000000000, -0.5000000000000038900 ) ) ;
#7894 = AXIS2_PLACEMENT_3D ( 'NONE', #7893, #7892, #7891 ) ;
#7895 = CIRCLE ( 'NONE', #7894, 1.000000000000000900 ) ;
#7896 = LINE ( 'NONE', #7890, #7889 ) ;
#7897 = DIRECTION ( 'NONE',  ( -1.000000000000000000, 9.860761315262647600E-032, 2.465190328815661900E-032 ) ) ;
#7898 = VECTOR ( 'NONE', #7897, 1000.000000000000000 ) ;
#7899 = CARTESIAN_POINT ( 'NONE',  ( 4.250000000000010700, -9.899999999999995000, -2.999999999999999100 ) ) ;
#7900 = LINE ( 'NONE', #7899, #7898 ) ;
#7901 = CARTESIAN_POINT ( 'NONE',  ( -2.099999999999997900, -2.000000000000001800, -18.49999999999999300 ) ) ;
#7902 = DIRECTION ( 'NONE',  ( 4.336808689942009100E-017, 1.000000000000000000, -1.560795254757677200E-031 ) ) ;
#7903 = VECTOR ( 'NONE', #7902, 1000.000000000000000 ) ;
#7904 = CARTESIAN_POINT ( 'NONE',  ( -2.099999999999990800, 7.999999999999996400, -18.49999999999999300 ) ) ;
#7905 = LINE ( 'NONE', #7904, #7903 ) ;
#7906 =( LENGTH_UNIT ( ) NAMED_UNIT ( * ) SI_UNIT ( .MILLI., .METRE. ) );
#7907 = PRESENTATION_STYLE_ASSIGNMENT (( #7827 ) ) ;
#7908 = CARTESIAN_POINT ( 'NONE',  ( 10.20000000000000800, -6.250000000000001800, -18.49999999999998900 ) ) ;
#7909 = AXIS2_PLACEMENT_3D ( 'NONE', #7908, #7826, #7825 ) ;
#7910 = CIRCLE ( 'NONE', #7909, 2.999999999999999100 ) ;
#7911 = DIRECTION ( 'NONE',  ( 9.860761315262649800E-032, -1.000000000000000000, 1.483603526480291300E-031 ) ) ;
#7912 = VECTOR ( 'NONE', #7911, 1000.000000000000000 ) ;
#7913 = CARTESIAN_POINT ( 'NONE',  ( 9.100000000000003200, 1.999999999999998200, -18.49999999999999600 ) ) ;
#7914 = LINE ( 'NONE', #7913, #7912 ) ;
#7915 = DIRECTION ( 'NONE',  ( 9.860761315262649800E-032, -1.000000000000000000, 1.483603526480291300E-031 ) ) ;
#7916 = VECTOR ( 'NONE', #7915, 1000.000000000000000 ) ;
#7917 = CARTESIAN_POINT ( 'NONE',  ( 7.149999999999996800, 9.599999999999996100, -2.999999999999999100 ) ) ;
#7918 = LINE ( 'NONE', #7917, #7916 ) ;
#7919 = CARTESIAN_POINT ( 'NONE',  ( 7.150000000000003900, 8.599999999999997900, -2.999999999999999100 ) ) ;
#7920 = DIRECTION ( 'NONE',  ( -1.000000000000000000, 9.860761315262647600E-032, 2.465190328815661900E-032 ) ) ;
#7921 = VECTOR ( 'NONE', #7920, 1000.000000000000000 ) ;
#7922 = CARTESIAN_POINT ( 'NONE',  ( 13.00000000000000500, 3.199999999999998000, -2.999999999999999100 ) ) ;
#7923 = LINE ( 'NONE', #7922, #7921 ) ;
#7924 = DIRECTION ( 'NONE',  ( -8.673617379884047800E-017, 1.000000000000000000, -1.575739102807085600E-031 ) ) ;
#7925 = VECTOR ( 'NONE', #7924, 1000.000000000000000 ) ;
#7926 = CARTESIAN_POINT ( 'NONE',  ( 4.900000000000001200, 1.999999999999998200, -18.49999999999999300 ) ) ;
#7927 = LINE ( 'NONE', #7926, #7925 ) ;
#7928 = DIRECTION ( 'NONE',  ( 9.860761315262649800E-032, -1.000000000000000000, 1.483603526480291300E-031 ) ) ;
#7929 = VECTOR ( 'NONE', #7928, 1000.000000000000000 ) ;
#7930 = CARTESIAN_POINT ( 'NONE',  ( -4.899999999999995000, 1.999999999999998200, -18.49999999999999300 ) ) ;
#7931 = MECHANICAL_DESIGN_GEOMETRIC_PRESENTATION_REPRESENTATION (  '', ( #7833 ), #7995 ) ;
#7932 = DIRECTION ( 'NONE',  ( -1.000000000000000000, 9.860761315262647600E-032, 2.465190328815661900E-032 ) ) ;
#7933 = VECTOR ( 'NONE', #7932, 1000.000000000000000 ) ;
#7934 = CARTESIAN_POINT ( 'NONE',  ( -4.899999999999995000, -8.000000000000000000, -18.49999999999998900 ) ) ;
#7935 = LINE ( 'NONE', #7934, #7933 ) ;
#7936 = LINE ( 'NONE', #7930, #7929 ) ;
#7937 = DIRECTION ( 'NONE',  ( 1.000000000000000000, -9.860761315262647600E-032, -2.465190328815661900E-032 ) ) ;
#7938 = VECTOR ( 'NONE', #7937, 1000.000000000000000 ) ;
#7939 = CARTESIAN_POINT ( 'NONE',  ( 9.100000000000003200, 1.999999999999998200, -18.49999999999999600 ) ) ;
#7940 = LINE ( 'NONE', #7939, #7938 ) ;
#7941 = CARTESIAN_POINT ( 'NONE',  ( -3.649999999999993700, 9.899999999999993200, -3.000000000000002700 ) ) ;
#7942 = DIRECTION ( 'NONE',  ( 0.0000000000000000000, -1.000000000000000000, -2.891205793294679000E-015 ) ) ;
#7943 = VECTOR ( 'NONE', #7942, 1000.000000000000000 ) ;
#7944 = CARTESIAN_POINT ( 'NONE',  ( -3.649999999999993700, 9.599999999999996100, -3.000000000000002700 ) ) ;
#7945 = LINE ( 'NONE', #7944, #7943 ) ;
#7946 = CARTESIAN_POINT ( 'NONE',  ( -7.649999999999983500, 8.599999999999997900, -3.000000000000002700 ) ) ;
#7947 = DIRECTION ( 'NONE',  ( 1.000000000000000000, -9.860761315262647600E-032, -2.465190328815661900E-032 ) ) ;
#7948 = VECTOR ( 'NONE', #7947, 1000.000000000000000 ) ;
#7949 = CARTESIAN_POINT ( 'NONE',  ( -7.649999999999983500, 8.599999999999997900, -3.000000000000002700 ) ) ;
#7950 = LINE ( 'NONE', #7949, #7948 ) ;
#7951 = DIRECTION ( 'NONE',  ( 1.000000000000000000, -1.213093339843922100E-016, -2.465190328815662400E-032 ) ) ;
#7952 = VECTOR ( 'NONE', #7951, 1000.000000000000000 ) ;
#7953 = CARTESIAN_POINT ( 'NONE',  ( 7.149999999999996800, 9.599999999999996100, -2.999999999999999100 ) ) ;
#7954 = LINE ( 'NONE', #7953, #7952 ) ;
#7955 = CARTESIAN_POINT ( 'NONE',  ( -13.50000000000000500, 3.199999999999998000, -2.999999999999999100 ) ) ;
#7956 = DIRECTION ( 'NONE',  ( 9.860761315262649800E-032, -1.000000000000000000, 1.483603526480291300E-031 ) ) ;
#7957 = VECTOR ( 'NONE', #7956, 1000.000000000000000 ) ;
#7958 = CARTESIAN_POINT ( 'NONE',  ( -13.50000000000000500, 3.799999999999998000, -2.999999999999999100 ) ) ;
#7959 = LINE ( 'NONE', #7958, #7957 ) ;
#7960 = DIRECTION ( 'NONE',  ( -9.860761315262649800E-032, 1.000000000000000000, -1.483603526480291300E-031 ) ) ;
#7961 = DIRECTION ( 'NONE',  ( 1.000000000000000000, -1.734723475976777700E-014, 0.0000000000000000000 ) ) ;
#7962 = VECTOR ( 'NONE', #7961, 1000.000000000000000 ) ;
#7963 = CARTESIAN_POINT ( 'NONE',  ( 7.650000000000003900, 8.599999999999987200, -2.999999999999999100 ) ) ;
#7964 = LINE ( 'NONE', #7963, #7962 ) ;
#7965 = CARTESIAN_POINT ( 'NONE',  ( 7.650000000000003900, 8.599999999999990800, -2.999999999999999100 ) ) ;
#7966 = DIRECTION ( 'NONE',  ( 5.782411586589075600E-015, 1.000000000000000000, -1.422034582438806900E-031 ) ) ;
#7967 = VECTOR ( 'NONE', #7966, 1000.000000000000000 ) ;
#7968 = CARTESIAN_POINT ( 'NONE',  ( 7.650000000000011000, 9.200000000000017100, -2.999999999999999100 ) ) ;
#7969 = LINE ( 'NONE', #7968, #7967 ) ;
#7970 = VECTOR ( 'NONE', #7960, 1000.000000000000000 ) ;
#7971 = CARTESIAN_POINT ( 'NONE',  ( -13.49999999999999100, -3.799999999999998000, -2.999999999999999100 ) ) ;
#7972 = LINE ( 'NONE', #7971, #7970 ) ;
#7973 = CARTESIAN_POINT ( 'NONE',  ( 13.20000000000000300, -6.250000000000001800, -3.000000000000002700 ) ) ;
#7974 = DIRECTION ( 'NONE',  ( -1.828760838527578000E-016, -1.000000000000000000, 1.562589305603316300E-031 ) ) ;
#7975 = VECTOR ( 'NONE', #7974, 1000.000000000000000 ) ;
#7976 = CARTESIAN_POINT ( 'NONE',  ( 13.20000000000000300, 3.235786437626878300, -2.999999999999999100 ) ) ;
#7977 = LINE ( 'NONE', #7976, #7975 ) ;
#7978 = LINE ( 'NONE', #7984, #7844 ) ;
#7979 = DIRECTION ( 'NONE',  ( -1.000000000000000000, 0.0000000000000000000, 0.0000000000000000000 ) ) ;
#7980 = DIRECTION ( 'NONE',  ( 2.465190328815662400E-032, 1.483603526480291300E-031, -1.000000000000000000 ) ) ;
#7981 = CARTESIAN_POINT ( 'NONE',  ( 12.20000000000000300, 3.235786437626878300, -2.999999999999999100 ) ) ;
#7982 = AXIS2_PLACEMENT_3D ( 'NONE', #7981, #7980, #7979 ) ;
#7983 = CIRCLE ( 'NONE', #7982, 1.000000000000000900 ) ;
#7984 = CARTESIAN_POINT ( 'NONE',  ( 12.90710678118655400, 3.942893218813421800, -2.999999999999999100 ) ) ;
#7985 = DIRECTION ( 'NONE',  ( 1.000000000000000000, -9.860761315262647600E-032, -2.465190328815661900E-032 ) ) ;
#7986 = VECTOR ( 'NONE', #7985, 1000.000000000000000 ) ;
#7987 = CARTESIAN_POINT ( 'NONE',  ( -4.249999999999996400, 9.899999999999995000, -3.000000000000002700 ) ) ;
#7988 = LINE ( 'NONE', #7987, #7986 ) ;
#7989 = DIRECTION ( 'NONE',  ( 5.782411586589075600E-015, -1.000000000000000000, 1.545172470521776400E-031 ) ) ;
#7990 = VECTOR ( 'NONE', #7989, 1000.000000000000000 ) ;
#7991 = CARTESIAN_POINT ( 'NONE',  ( -7.649999999999996800, 9.200000000000027700, -3.000000000000002700 ) ) ;
#7992 = LINE ( 'NONE', #7991, #7990 ) ;
#7993 = CARTESIAN_POINT ( 'NONE',  ( -14.49999999999999300, -11.00000000000000000, -2.999999999999999100 ) ) ;
#7994 = PLANE ( 'NONE',  #7831 ) ;
#7995 =( GEOMETRIC_REPRESENTATION_CONTEXT ( 3 ) GLOBAL_UNCERTAINTY_ASSIGNED_CONTEXT ( ( #7806 ) ) GLOBAL_UNIT_ASSIGNED_CONTEXT ( ( #7906, #7859, #7807 ) ) REPRESENTATION_CONTEXT ( 'NONE', 'WORKASPACE' ) );
#7996 = CARTESIAN_POINT ( 'NONE',  ( -14.49999999999999300, 11.99999999999999300, -2.999999999999999100 ) ) ;
#7997 = DIRECTION ( 'NONE',  ( 1.000000000000000000, -9.860761315262647600E-032, -2.465190328815661900E-032 ) ) ;
#7998 = VECTOR ( 'NONE', #7997, 1000.000000000000000 ) ;
#7999 = CARTESIAN_POINT ( 'NONE',  ( -13.00000000000000500, 3.199999999999998000, -2.999999999999999100 ) ) ;
#8000 = LINE ( 'NONE', #7999, #7998 ) ;
#8001 = DIRECTION ( 'NONE',  ( 1.000000000000000000, -9.860761315262647600E-032, -2.465190328815661900E-032 ) ) ;
#8002 = VECTOR ( 'NONE', #8001, 1000.000000000000000 ) ;
#8003 = CARTESIAN_POINT ( 'NONE',  ( -12.99999999999999100, -3.799999999999998000, -2.999999999999999100 ) ) ;
#8004 = LINE ( 'NONE', #8003, #8002 ) ;
#8005 = CARTESIAN_POINT ( 'NONE',  ( -13.49999999999999100, -3.799999999999998000, -2.999999999999999100 ) ) ;
#8006 = CARTESIAN_POINT ( 'NONE',  ( -4.249999999999996400, 9.899999999999996800, -3.000000000000002700 ) ) ;
#8007 = CARTESIAN_POINT ( 'NONE',  ( -4.249999999999983100, 9.599999999999997900, -3.000000000000002700 ) ) ;
#8008 = CARTESIAN_POINT ( 'NONE',  ( -3.649999999999993700, 9.599999999999997900, -3.000000000000002700 ) ) ;
#8009 = CARTESIAN_POINT ( 'NONE',  ( -7.149999999999996800, 9.599999999999997900, -3.000000000000002700 ) ) ;
#8010 = CARTESIAN_POINT ( 'NONE',  ( 4.900000000000001200, 1.999999999999998200, -18.49999999999999300 ) ) ;
#8011 = CARTESIAN_POINT ( 'NONE',  ( 15.50000000000000000, -10.99999999999999300, -3.000000000000002700 ) ) ;
#8012 = DIRECTION ( 'NONE',  ( -9.860761315262649800E-032, 1.000000000000000000, -1.483603526480291300E-031 ) ) ;
#8013 = VECTOR ( 'NONE', #8012, 1000.000000000000000 ) ;
#8014 = CARTESIAN_POINT ( 'NONE',  ( 15.50000000000000700, 10.99999999999998600, -3.000000000000002700 ) ) ;
#8015 = LINE ( 'NONE', #8014, #8013 ) ;
#8016 = CARTESIAN_POINT ( 'NONE',  ( 13.20000000000000300, -3.200000000000001500, -3.000000000000002700 ) ) ;
#8017 = CARTESIAN_POINT ( 'NONE',  ( 13.49999999999999800, -3.200000000000001500, -2.999999999999999100 ) ) ;
#8018 = CARTESIAN_POINT ( 'NONE',  ( 13.20000000000000300, 3.235786437626878300, -18.49999999999999300 ) ) ;
#8019 = DIRECTION ( 'NONE',  ( 1.000000000000000000, -9.860761315262647600E-032, -2.465190328815661900E-032 ) ) ;
#8020 = VECTOR ( 'NONE', #8019, 1000.000000000000000 ) ;
#8021 = CARTESIAN_POINT ( 'NONE',  ( 2.100000000000004500, 7.999999999999996400, -18.49999999999999600 ) ) ;
#8022 = CARTESIAN_POINT ( 'NONE',  ( -14.49999999999999300, -11.00000000000000000, 0.0000000000000000000 ) ) ;
#8023 = AXIS2_PLACEMENT_3D ( 'NONE', #8022, #8025, #8024 ) ;
#8024 = DIRECTION ( 'NONE',  ( 1.000000000000000000, -9.860761315262647600E-032, -2.465190328815661900E-032 ) ) ;
#8025 = DIRECTION ( 'NONE',  ( 2.465190328815661900E-032, -1.483603526480291100E-031, 1.000000000000000000 ) ) ;
#8026 = CARTESIAN_POINT ( 'NONE',  ( 6.885786437626953700, 8.149999999999996800, -0.4999999999999970000 ) ) ;
#8027 = UNCERTAINTY_MEASURE_WITH_UNIT (LENGTH_MEASURE( 1.000000000000000100E-005 ), #8119, 'distance_accuracy_value', 'NONE');
#8028 =( GEOMETRIC_REPRESENTATION_CONTEXT ( 3 ) GLOBAL_UNCERTAINTY_ASSIGNED_CONTEXT ( ( #8029 ) ) GLOBAL_UNIT_ASSIGNED_CONTEXT ( ( #8043, #8042, #8041 ) ) REPRESENTATION_CONTEXT ( 'NONE', 'WORKASPACE' ) );
#8029 = UNCERTAINTY_MEASURE_WITH_UNIT (LENGTH_MEASURE( 1.000000000000000100E-005 ), #8043, 'distance_accuracy_value', 'NONE');
#8030 = LINE ( 'NONE', #8157, #8156 ) ;
#8031 = DIRECTION ( 'NONE',  ( 2.465190328815662400E-032, 1.483603526480291100E-031, -1.000000000000000000 ) ) ;
#8032 = DIRECTION ( 'NONE',  ( 9.860761315262649800E-032, -1.000000000000000000, -1.483603526480291100E-031 ) ) ;
#8033 = CARTESIAN_POINT ( 'NONE',  ( -14.49999999999997900, -12.00000000000000000, -2.999999999999999100 ) ) ;
#8034 = AXIS2_PLACEMENT_3D ( 'NONE', #8033, #8032, #8031 ) ;
#8035 = PLANE ( 'NONE',  #8034 ) ;
#8036 =( GEOMETRIC_REPRESENTATION_CONTEXT ( 3 ) GLOBAL_UNCERTAINTY_ASSIGNED_CONTEXT ( ( #8037 ) ) GLOBAL_UNIT_ASSIGNED_CONTEXT ( ( #8045, #8044, #8038 ) ) REPRESENTATION_CONTEXT ( 'NONE', 'WORKASPACE' ) );
#8037 = UNCERTAINTY_MEASURE_WITH_UNIT (LENGTH_MEASURE( 1.000000000000000100E-005 ), #8045, 'distance_accuracy_value', 'NONE');
#8038 =( NAMED_UNIT ( * ) SI_UNIT ( $, .STERADIAN. ) SOLID_ANGLE_UNIT ( ) );
#8039 = PLANE ( 'NONE',  #8023 ) ;
#8040 =( GEOMETRIC_REPRESENTATION_CONTEXT ( 3 ) GLOBAL_UNCERTAINTY_ASSIGNED_CONTEXT ( ( #8127 ) ) GLOBAL_UNIT_ASSIGNED_CONTEXT ( ( #7870, #8118, #8128 ) ) REPRESENTATION_CONTEXT ( 'NONE', 'WORKASPACE' ) );
#8041 =( NAMED_UNIT ( * ) SI_UNIT ( $, .STERADIAN. ) SOLID_ANGLE_UNIT ( ) );
#8042 =( NAMED_UNIT ( * ) PLANE_ANGLE_UNIT ( ) SI_UNIT ( $, .RADIAN. ) );
#8043 =( LENGTH_UNIT ( ) NAMED_UNIT ( * ) SI_UNIT ( .MILLI., .METRE. ) );
#8044 =( NAMED_UNIT ( * ) PLANE_ANGLE_UNIT ( ) SI_UNIT ( $, .RADIAN. ) );
#8045 =( LENGTH_UNIT ( ) NAMED_UNIT ( * ) SI_UNIT ( .MILLI., .METRE. ) );
#8046 = MECHANICAL_DESIGN_GEOMETRIC_PRESENTATION_REPRESENTATION (  '', ( #8048 ), #8036 ) ;
#8047 = PRESENTATION_LAYER_ASSIGNMENT (  '', '', ( #8048 ) ) ;
#8048 = STYLED_ITEM ( 'NONE', ( #8049 ), #4273 ) ;
#8049 = PRESENTATION_STYLE_ASSIGNMENT (( #8050 ) ) ;
#8050 = SURFACE_STYLE_USAGE ( .BOTH. , #8051 ) ;
#8051 = SURFACE_SIDE_STYLE ('',( #8052 ) ) ;
#8052 = SURFACE_STYLE_FILL_AREA ( #8053 ) ;
#8053 = FILL_AREA_STYLE ('',( #8054 ) ) ;
#8054 = FILL_AREA_STYLE_COLOUR ( '', #8055 ) ;
#8055 = COLOUR_RGB ( '',0.2509803921568627400, 0.2509803921568627400, 0.2509803921568627400 ) ;
#8056 = FACE_OUTER_BOUND ( 'NONE', #4344, .T. ) ;
#8057 = CARTESIAN_POINT ( 'NONE',  ( 15.50000000000000700, -10.99999999999999300, -0.5000000000000038900 ) ) ;
#8058 = SURFACE_SIDE_STYLE ('',( #8059 ) ) ;
#8059 = SURFACE_STYLE_FILL_AREA ( #8060 ) ;
#8060 = FILL_AREA_STYLE ('',( #8061 ) ) ;
#8061 = FILL_AREA_STYLE_COLOUR ( '', #8062 ) ;
#8062 = COLOUR_RGB ( '',0.2509803921568627400, 0.2509803921568627400, 0.2509803921568627400 ) ;
#8063 = FACE_OUTER_BOUND ( 'NONE', #4246, .T. ) ;
#8064 = MECHANICAL_DESIGN_GEOMETRIC_PRESENTATION_REPRESENTATION (  '', ( #8066 ), #8028 ) ;
#8065 = PRESENTATION_LAYER_ASSIGNMENT (  '', '', ( #8066 ) ) ;
#8066 = STYLED_ITEM ( 'NONE', ( #8067 ), #4251 ) ;
#8067 = PRESENTATION_STYLE_ASSIGNMENT (( #8068 ) ) ;
#8068 = SURFACE_STYLE_USAGE ( .BOTH. , #8069 ) ;
#8069 = SURFACE_SIDE_STYLE ('',( #8070 ) ) ;
#8070 = SURFACE_STYLE_FILL_AREA ( #8071 ) ;
#8071 = FILL_AREA_STYLE ('',( #8120 ) ) ;
#8072 = COLOUR_RGB ( '',0.2509803921568627400, 0.2509803921568627400, 0.2509803921568627400 ) ;
#8073 = LINE ( 'NONE', #8146, #8145 ) ;
#8074 = CARTESIAN_POINT ( 'NONE',  ( 7.250000000000006200, -9.199999999999995700, -2.999999999999999100 ) ) ;
#8075 = CARTESIAN_POINT ( 'NONE',  ( -3.649999999999993700, -9.899999999999995000, -3.000000000000002700 ) ) ;
#8076 = DIRECTION ( 'NONE',  ( 9.860761315262649800E-032, -1.000000000000000000, 1.483603526480291300E-031 ) ) ;
#8077 = VECTOR ( 'NONE', #8076, 1000.000000000000000 ) ;
#8078 = CARTESIAN_POINT ( 'NONE',  ( 7.250000000000006200, -9.199999999999995700, -2.999999999999999100 ) ) ;
#8079 =( LENGTH_UNIT ( ) NAMED_UNIT ( * ) SI_UNIT ( .MILLI., .METRE. ) );
#8080 = MECHANICAL_DESIGN_GEOMETRIC_PRESENTATION_REPRESENTATION (  '', ( #8082 ), #8165 ) ;
#8081 = PRESENTATION_LAYER_ASSIGNMENT (  '', '', ( #8082 ) ) ;
#8082 = STYLED_ITEM ( 'NONE', ( #8083 ), #4262 ) ;
#8083 = PRESENTATION_STYLE_ASSIGNMENT (( #8084 ) ) ;
#8084 = SURFACE_STYLE_USAGE ( .BOTH. , #8085 ) ;
#8085 = SURFACE_SIDE_STYLE ('',( #8086 ) ) ;
#8086 = SURFACE_STYLE_FILL_AREA ( #8087 ) ;
#8087 = FILL_AREA_STYLE ('',( #8142 ) ) ;
#8088 = COLOUR_RGB ( '',0.2509803921568627400, 0.2509803921568627400, 0.2509803921568627400 ) ;
#8089 = LINE ( 'NONE', #8078, #8077 ) ;
#8090 = DIRECTION ( 'NONE',  ( 1.000000000000000000, 0.0000000000000000000, 0.0000000000000000000 ) ) ;
#8091 = DIRECTION ( 'NONE',  ( -2.465190328815662400E-032, -1.483603526480291300E-031, 1.000000000000000000 ) ) ;
#8092 = AXIS2_PLACEMENT_3D ( 'NONE', #8094, #8091, #8090 ) ;
#8093 = CYLINDRICAL_SURFACE ( 'NONE', #8092, 1.000000000000006000 ) ;
#8094 = CARTESIAN_POINT ( 'NONE',  ( -6.885786437626946600, 7.150000000000000400, -2.999999999999999100 ) ) ;
#8095 = CARTESIAN_POINT ( 'NONE',  ( -12.65000000000000200, -6.150000000000003000, 0.0000000000000000000 ) ) ;
#8096 = DIRECTION ( 'NONE',  ( -2.465190328815662400E-032, -1.483603526480291100E-031, 1.000000000000000000 ) ) ;
#8097 = DIRECTION ( 'NONE',  ( -9.860761315262649800E-032, 1.000000000000000000, 1.483603526480291100E-031 ) ) ;
#8098 = CARTESIAN_POINT ( 'NONE',  ( -6.885786437626960000, 8.149999999999996800, -2.999999999999999100 ) ) ;
#8099 = CARTESIAN_POINT ( 'NONE',  ( -10.14999999999999900, -8.649999999999998600, 0.0000000000000000000 ) ) ;
#8100 = DIRECTION ( 'NONE',  ( -2.465190328815662400E-032, -1.483603526480291300E-031, 1.000000000000000000 ) ) ;
#8101 = VECTOR ( 'NONE', #8100, 1000.000000000000000 ) ;
#8102 = CARTESIAN_POINT ( 'NONE',  ( 15.50000000000000700, 10.99999999999998600, -3.000000000000002700 ) ) ;
#8103 = LINE ( 'NONE', #8102, #8101 ) ;
#8104 = CARTESIAN_POINT ( 'NONE',  ( 4.250000000000010700, -9.600000000000001400, -2.999999999999999100 ) ) ;
#8105 = DIRECTION ( 'NONE',  ( -2.465190328815662400E-032, -1.483603526480291300E-031, 1.000000000000000000 ) ) ;
#8106 = VECTOR ( 'NONE', #8105, 1000.000000000000000 ) ;
#8107 = CARTESIAN_POINT ( 'NONE',  ( -14.49999999999997900, -12.00000000000000000, -2.999999999999999100 ) ) ;
#8108 = LINE ( 'NONE', #8107, #8106 ) ;
#8109 = CARTESIAN_POINT ( 'NONE',  ( 10.20000000000000800, -9.250000000000001800, -2.999999999999999100 ) ) ;
#8110 = DIRECTION ( 'NONE',  ( 2.465190328815662400E-032, 1.483603526480291100E-031, -1.000000000000000000 ) ) ;
#8111 = DIRECTION ( 'NONE',  ( 1.000000000000000000, -9.860761315262647600E-032, 2.465190328815662400E-032 ) ) ;
#8112 = AXIS2_PLACEMENT_3D ( 'NONE', #8163, #8111, #8110 ) ;
#8113 =( NAMED_UNIT ( * ) SI_UNIT ( $, .STERADIAN. ) SOLID_ANGLE_UNIT ( ) );
#8114 =( NAMED_UNIT ( * ) PLANE_ANGLE_UNIT ( ) SI_UNIT ( $, .RADIAN. ) );
#8115 = AXIS2_PLACEMENT_3D ( 'NONE', #8098, #8097, #8096 ) ;
#8116 = PLANE ( 'NONE',  #8115 ) ;
#8117 =( GEOMETRIC_REPRESENTATION_CONTEXT ( 3 ) GLOBAL_UNCERTAINTY_ASSIGNED_CONTEXT ( ( #8027 ) ) GLOBAL_UNIT_ASSIGNED_CONTEXT ( ( #8119, #8114, #8113 ) ) REPRESENTATION_CONTEXT ( 'NONE', 'WORKASPACE' ) );
#8118 =( NAMED_UNIT ( * ) PLANE_ANGLE_UNIT ( ) SI_UNIT ( $, .RADIAN. ) );
#8119 =( LENGTH_UNIT ( ) NAMED_UNIT ( * ) SI_UNIT ( .MILLI., .METRE. ) );
#8120 = FILL_AREA_STYLE_COLOUR ( '', #8072 ) ;
#8121 = DIRECTION ( 'NONE',  ( 1.000000000000000000, -5.204170427930401600E-015, -2.465190328815741300E-032 ) ) ;
#8122 = DIRECTION ( 'NONE',  ( 2.465190328815662400E-032, 1.483603526480291300E-031, -1.000000000000000000 ) ) ;
#8123 = CARTESIAN_POINT ( 'NONE',  ( -6.885786437626946600, 7.150000000000000400, 0.0000000000000000000 ) ) ;
#8124 = AXIS2_PLACEMENT_3D ( 'NONE', #8123, #8122, #8121 ) ;
#8125 = CIRCLE ( 'NONE', #8124, 1.500000000000005800 ) ;
#8126 = FACE_OUTER_BOUND ( 'NONE', #4419, .T. ) ;
#8127 = UNCERTAINTY_MEASURE_WITH_UNIT (LENGTH_MEASURE( 1.000000000000000100E-005 ), #7870, 'distance_accuracy_value', 'NONE');
#8128 =( NAMED_UNIT ( * ) SI_UNIT ( $, .STERADIAN. ) SOLID_ANGLE_UNIT ( ) );
#8129 = CARTESIAN_POINT ( 'NONE',  ( -6.885786437626974200, 8.649999999999998600, -3.469446951953614200E-015 ) ) ;
#8130 = DIRECTION ( 'NONE',  ( -1.000000000000000000, 2.891205793294679000E-015, 2.465190328815661900E-032 ) ) ;
#8131 = VECTOR ( 'NONE', #8130, 1000.000000000000000 ) ;
#8132 = CARTESIAN_POINT ( 'NONE',  ( 7.850000000000003200, -9.199999999999999300, -2.999999999999999100 ) ) ;
#8133 = LINE ( 'NONE', #8132, #8131 ) ;
#8134 = DIRECTION ( 'NONE',  ( -9.860761315262649800E-032, 1.000000000000000000, -2.891205793294679800E-015 ) ) ;
#8135 = VECTOR ( 'NONE', #8134, 1000.000000000000000 ) ;
#8136 = CARTESIAN_POINT ( 'NONE',  ( -3.649999999999993700, -9.599999999999994300, -3.000000000000002700 ) ) ;
#8137 = FACE_OUTER_BOUND ( 'NONE', #4239, .T. ) ;
#8138 = DIRECTION ( 'NONE',  ( -2.465190328815662400E-032, -1.483603526480291300E-031, 1.000000000000000000 ) ) ;
#8139 = VECTOR ( 'NONE', #8138, 1000.000000000000000 ) ;
#8140 = CARTESIAN_POINT ( 'NONE',  ( 15.50000000000000000, -10.99999999999999300, -3.000000000000002700 ) ) ;
#8141 = LINE ( 'NONE', #8140, #8139 ) ;
#8142 = FILL_AREA_STYLE_COLOUR ( '', #8088 ) ;
#8143 = CARTESIAN_POINT ( 'NONE',  ( 14.49999999999999800, -11.50000000000000000, -3.469446951953614200E-015 ) ) ;
#8144 = DIRECTION ( 'NONE',  ( 1.000000000000000000, -9.860761315262647600E-032, -2.465190328815661900E-032 ) ) ;
#8145 = VECTOR ( 'NONE', #8144, 1000.000000000000000 ) ;
#8146 = CARTESIAN_POINT ( 'NONE',  ( -4.249999999999996400, -9.899999999999995000, -3.000000000000002700 ) ) ;
#8147 = LINE ( 'NONE', #8136, #8135 ) ;
#8148 = CARTESIAN_POINT ( 'NONE',  ( 3.650000000000007500, -9.600000000000001400, -3.000000000000002700 ) ) ;
#8149 = DIRECTION ( 'NONE',  ( -9.860761315262649800E-032, 1.000000000000000000, -2.891205793294679800E-015 ) ) ;
#8150 = VECTOR ( 'NONE', #8149, 1000.000000000000000 ) ;
#8151 = CARTESIAN_POINT ( 'NONE',  ( 3.650000000000007500, -9.600000000000001400, -3.000000000000002700 ) ) ;
#8152 = LINE ( 'NONE', #8151, #8150 ) ;
#8153 = CARTESIAN_POINT ( 'NONE',  ( -3.649999999999993700, -9.599999999999994300, -3.000000000000002700 ) ) ;
#8154 = CARTESIAN_POINT ( 'NONE',  ( -14.49999999999997900, -12.00000000000000000, -0.5000000000000004400 ) ) ;
#8155 = DIRECTION ( 'NONE',  ( 1.000000000000000000, -9.860761315262647600E-032, -2.465190328815661900E-032 ) ) ;
#8156 = VECTOR ( 'NONE', #8155, 1000.000000000000000 ) ;
#8157 = CARTESIAN_POINT ( 'NONE',  ( -14.49999999999999300, -11.50000000000000000, 0.0000000000000000000 ) ) ;
#8158 = MECHANICAL_DESIGN_GEOMETRIC_PRESENTATION_REPRESENTATION (  '', ( #8160 ), #8117 ) ;
#8159 = PRESENTATION_LAYER_ASSIGNMENT (  '', '', ( #8160 ) ) ;
#8160 = STYLED_ITEM ( 'NONE', ( #8161 ), #4245 ) ;
#8161 = PRESENTATION_STYLE_ASSIGNMENT (( #8162 ) ) ;
#8162 = SURFACE_STYLE_USAGE ( .BOTH. , #8058 ) ;
#8163 = CARTESIAN_POINT ( 'NONE',  ( 15.50000000000000700, 10.99999999999998600, -3.000000000000002700 ) ) ;
#8164 = PLANE ( 'NONE',  #8112 ) ;
#8165 =( GEOMETRIC_REPRESENTATION_CONTEXT ( 3 ) GLOBAL_UNCERTAINTY_ASSIGNED_CONTEXT ( ( #8166 ) ) GLOBAL_UNIT_ASSIGNED_CONTEXT ( ( #8079, #8168, #8167 ) ) REPRESENTATION_CONTEXT ( 'NONE', 'WORKASPACE' ) );
#8166 = UNCERTAINTY_MEASURE_WITH_UNIT (LENGTH_MEASURE( 1.000000000000000100E-005 ), #8079, 'distance_accuracy_value', 'NONE');
#8167 =( NAMED_UNIT ( * ) SI_UNIT ( $, .STERADIAN. ) SOLID_ANGLE_UNIT ( ) );
#8168 =( NAMED_UNIT ( * ) PLANE_ANGLE_UNIT ( ) SI_UNIT ( $, .RADIAN. ) );
#8169 = AXIS2_PLACEMENT_3D ( 'NONE', #8210, #8324, #8209 ) ;
#8170 = AXIS2_PLACEMENT_3D ( 'NONE', #8257, #8256, #8255 ) ;
#8171 = CIRCLE ( 'NONE', #8170, 0.4999999999999987200 ) ;
#8172 = CARTESIAN_POINT ( 'NONE',  ( 7.946446609406784500, 8.210660171779808900, 3.469446951953614200E-015 ) ) ;
#8173 = DIRECTION ( 'NONE',  ( -1.000000000000000000, 9.860761315262647600E-032, 2.465190328815661900E-032 ) ) ;
#8174 = VECTOR ( 'NONE', #8173, 1000.000000000000000 ) ;
#8175 = CARTESIAN_POINT ( 'NONE',  ( -14.49999999999999300, 11.49999999999999300, 0.0000000000000000000 ) ) ;
#8176 = LINE ( 'NONE', #8175, #8174 ) ;
#8177 = LINE ( 'NONE', #8206, #8205 ) ;
#8178 = FILL_AREA_STYLE_COLOUR ( '', #8202 ) ;
#8179 = CARTESIAN_POINT ( 'NONE',  ( -4.249999999999996400, -9.899999999999995000, -3.000000000000002700 ) ) ;
#8180 = CARTESIAN_POINT ( 'NONE',  ( 7.850000000000009400, -9.250000000000001800, -2.999999999999999100 ) ) ;
#8181 = CARTESIAN_POINT ( 'NONE',  ( -14.99999999999999300, 10.99999999999998900, 0.0000000000000000000 ) ) ;
#8182 = LINE ( 'NONE', #8192, #8323 ) ;
#8183 = CARTESIAN_POINT ( 'NONE',  ( -12.21066017177981800, 3.946446609406711700, 3.469446951953614200E-015 ) ) ;
#8184 = DIRECTION ( 'NONE',  ( -1.000000000000000000, -8.545435842250266200E-017, -0.0000000000000000000 ) ) ;
#8185 = VECTOR ( 'NONE', #8184, 1000.000000000000000 ) ;
#8186 = CARTESIAN_POINT ( 'NONE',  ( -10.14999999999999900, -8.649999999999998600, 0.0000000000000000000 ) ) ;
#8187 = LINE ( 'NONE', #8186, #8185 ) ;
#8188 = DIRECTION ( 'NONE',  ( -1.000000000000000000, 9.860761315262647600E-032, 2.465190328815661900E-032 ) ) ;
#8189 = VECTOR ( 'NONE', #8188, 1000.000000000000000 ) ;
#8190 = CARTESIAN_POINT ( 'NONE',  ( 7.250000000000006200, -9.600000000000001400, -2.999999999999999100 ) ) ;
#8191 = LINE ( 'NONE', #8190, #8189 ) ;
#8192 = CARTESIAN_POINT ( 'NONE',  ( 6.885786437626953700, 8.649999999999998600, 0.0000000000000000000 ) ) ;
#8193 = DIRECTION ( 'NONE',  ( 1.000000000000000000, -9.860761315262647600E-032, -2.465190328815661900E-032 ) ) ;
#8194 = MECHANICAL_DESIGN_GEOMETRIC_PRESENTATION_REPRESENTATION (  '', ( #8196 ), #8331 ) ;
#8195 = PRESENTATION_LAYER_ASSIGNMENT (  '', '', ( #8196 ) ) ;
#8196 = STYLED_ITEM ( 'NONE', ( #8197 ), #4306 ) ;
#8197 = PRESENTATION_STYLE_ASSIGNMENT (( #8198 ) ) ;
#8198 = SURFACE_STYLE_USAGE ( .BOTH. , #8199 ) ;
#8199 = SURFACE_SIDE_STYLE ('',( #8200 ) ) ;
#8200 = SURFACE_STYLE_FILL_AREA ( #8201 ) ;
#8201 = FILL_AREA_STYLE ('',( #8178 ) ) ;
#8202 = COLOUR_RGB ( '',0.2509803921568627400, 0.2509803921568627400, 0.2509803921568627400 ) ;
#8203 = FACE_OUTER_BOUND ( 'NONE', #4307, .T. ) ;
#8204 = DIRECTION ( 'NONE',  ( -2.465190328815662400E-032, -1.483603526480291300E-031, 1.000000000000000000 ) ) ;
#8205 = VECTOR ( 'NONE', #8204, 1000.000000000000000 ) ;
#8206 = CARTESIAN_POINT ( 'NONE',  ( -15.49999999999999300, -10.99999999999999300, -2.999999999999999100 ) ) ;
#8207 = DIRECTION ( 'NONE',  ( 1.000000000000000000, 0.0000000000000000000, 0.0000000000000000000 ) ) ;
#8208 = AXIS2_PLACEMENT_3D ( 'NONE', #8259, #8258, #8207 ) ;
#8209 = DIRECTION ( 'NONE',  ( 1.000000000000000000, -2.891205793294679400E-015, 0.0000000000000000000 ) ) ;
#8210 = CARTESIAN_POINT ( 'NONE',  ( 6.885786437626953700, 7.149999999999996800, 3.469446951953614200E-015 ) ) ;
#8211 = CARTESIAN_POINT ( 'NONE',  ( -14.49999999999999300, 11.49999999999999300, 0.0000000000000000000 ) ) ;
#8212 = AXIS2_PLACEMENT_3D ( 'NONE', #8392, #8337, #8338 ) ;
#8213 = PLANE ( 'NONE',  #8212 ) ;
#8214 =( GEOMETRIC_REPRESENTATION_CONTEXT ( 3 ) GLOBAL_UNCERTAINTY_ASSIGNED_CONTEXT ( ( #8215 ) ) GLOBAL_UNIT_ASSIGNED_CONTEXT ( ( #8261, #8217, #8216 ) ) REPRESENTATION_CONTEXT ( 'NONE', 'WORKASPACE' ) );
#8215 = UNCERTAINTY_MEASURE_WITH_UNIT (LENGTH_MEASURE( 1.000000000000000100E-005 ), #8261, 'distance_accuracy_value', 'NONE');
#8216 =( NAMED_UNIT ( * ) SI_UNIT ( $, .STERADIAN. ) SOLID_ANGLE_UNIT ( ) );
#8217 =( NAMED_UNIT ( * ) PLANE_ANGLE_UNIT ( ) SI_UNIT ( $, .RADIAN. ) );
#8218 = CARTESIAN_POINT ( 'NONE',  ( -14.49999999999999300, 11.99999999999999500, -0.5000000000000004400 ) ) ;
#8219 = CARTESIAN_POINT ( 'NONE',  ( 14.49999999999999800, 11.99999999999999600, -0.5000000000000038900 ) ) ;
#8220 = DIRECTION ( 'NONE',  ( 1.000000000000000000, -9.860761315262647600E-032, -2.465190328815661900E-032 ) ) ;
#8221 = VECTOR ( 'NONE', #8220, 1000.000000000000000 ) ;
#8222 = CARTESIAN_POINT ( 'NONE',  ( -14.49999999999999300, 11.99999999999999500, -0.5000000000000004400 ) ) ;
#8223 = LINE ( 'NONE', #8222, #8221 ) ;
#8224 = DIRECTION ( 'NONE',  ( -2.465190328815662400E-032, -1.483603526480291300E-031, 1.000000000000000000 ) ) ;
#8225 = VECTOR ( 'NONE', #8224, 1000.000000000000000 ) ;
#8226 = CARTESIAN_POINT ( 'NONE',  ( -15.49999999999999300, 10.99999999999998800, -2.999999999999999100 ) ) ;
#8227 = LINE ( 'NONE', #8226, #8225 ) ;
#8228 = CARTESIAN_POINT ( 'NONE',  ( 15.00000000000000700, 10.99999999999999300, -3.469446951953614200E-015 ) ) ;
#8229 = CARTESIAN_POINT ( 'NONE',  ( 15.00000000000000700, -10.99999999999999300, -3.469446951953614200E-015 ) ) ;
#8230 = DIRECTION ( 'NONE',  ( -9.860761315262649800E-032, 1.000000000000000000, -1.483603526480291300E-031 ) ) ;
#8231 = VECTOR ( 'NONE', #8230, 1000.000000000000000 ) ;
#8232 = CARTESIAN_POINT ( 'NONE',  ( 15.00000000000000700, -11.00000000000000000, -3.469446951953614200E-015 ) ) ;
#8233 = LINE ( 'NONE', #8232, #8231 ) ;
#8234 = CARTESIAN_POINT ( 'NONE',  ( -14.49999999999997900, -11.50000000000000000, 0.0000000000000000000 ) ) ;
#8235 = DIRECTION ( 'NONE',  ( 1.000000000000000000, 0.0000000000000000000, -2.465190328815664100E-032 ) ) ;
#8236 = DIRECTION ( 'NONE',  ( -2.465190328815662400E-032, -1.483603526480291300E-031, 1.000000000000000000 ) ) ;
#8237 = CARTESIAN_POINT ( 'NONE',  ( -14.49999999999999300, -11.00000000000000000, 0.0000000000000000000 ) ) ;
#8238 = AXIS2_PLACEMENT_3D ( 'NONE', #8237, #8236, #8235 ) ;
#8239 = CIRCLE ( 'NONE', #8238, 0.4999999999999987200 ) ;
#8240 = CARTESIAN_POINT ( 'NONE',  ( -14.99999999999999300, -10.99999999999999600, 0.0000000000000000000 ) ) ;
#8241 = DIRECTION ( 'NONE',  ( 9.860761315262649800E-032, -1.000000000000000000, 1.483603526480291300E-031 ) ) ;
#8242 = VECTOR ( 'NONE', #8241, 1000.000000000000000 ) ;
#8243 = CARTESIAN_POINT ( 'NONE',  ( -14.99999999999999300, -11.00000000000000000, 0.0000000000000000000 ) ) ;
#8244 = LINE ( 'NONE', #8243, #8242 ) ;
#8245 = DIRECTION ( 'NONE',  ( 1.000000000000000000, 0.0000000000000000000, -2.465190328815659700E-032 ) ) ;
#8246 = DIRECTION ( 'NONE',  ( -2.465190328815662400E-032, -1.483603526480291300E-031, 1.000000000000000000 ) ) ;
#8247 = CARTESIAN_POINT ( 'NONE',  ( -14.49999999999999300, 10.99999999999999500, 0.0000000000000000000 ) ) ;
#8248 = AXIS2_PLACEMENT_3D ( 'NONE', #8247, #8246, #8245 ) ;
#8249 = CIRCLE ( 'NONE', #8248, 0.5000000000000004400 ) ;
#8250 = DIRECTION ( 'NONE',  ( 9.860761315262649800E-032, -1.000000000000000000, 1.483603526480291300E-031 ) ) ;
#8251 = VECTOR ( 'NONE', #8250, 1000.000000000000000 ) ;
#8252 = CARTESIAN_POINT ( 'NONE',  ( 15.50000000000000700, 10.99999999999998800, -0.5000000000000038900 ) ) ;
#8253 = LINE ( 'NONE', #8252, #8251 ) ;
#8254 = CARTESIAN_POINT ( 'NONE',  ( 14.50000000000000500, 11.49999999999999300, -3.469446951953614200E-015 ) ) ;
#8255 = DIRECTION ( 'NONE',  ( 1.000000000000000000, 0.0000000000000000000, 0.0000000000000000000 ) ) ;
#8256 = DIRECTION ( 'NONE',  ( -2.465190328815662400E-032, -1.483603526480291300E-031, 1.000000000000000000 ) ) ;
#8257 = CARTESIAN_POINT ( 'NONE',  ( 14.50000000000000500, 10.99999999999999600, -3.469446951953614200E-015 ) ) ;
#8258 = DIRECTION ( 'NONE',  ( -2.465190328815662400E-032, -1.483603526480291300E-031, 1.000000000000000000 ) ) ;
#8259 = CARTESIAN_POINT ( 'NONE',  ( 14.50000000000000500, -11.00000000000000000, -3.469446951953614200E-015 ) ) ;
#8260 = CIRCLE ( 'NONE', #8208, 0.5000000000000004400 ) ;
#8261 =( LENGTH_UNIT ( ) NAMED_UNIT ( * ) SI_UNIT ( .MILLI., .METRE. ) );
#8262 = MECHANICAL_DESIGN_GEOMETRIC_PRESENTATION_REPRESENTATION (  '', ( #8264 ), #8214 ) ;
#8263 = PRESENTATION_LAYER_ASSIGNMENT (  '', '', ( #8264 ) ) ;
#8264 = STYLED_ITEM ( 'NONE', ( #8265 ), #4373 ) ;
#8265 = PRESENTATION_STYLE_ASSIGNMENT (( #8266 ) ) ;
#8266 = SURFACE_STYLE_USAGE ( .BOTH. , #8267 ) ;
#8267 = SURFACE_SIDE_STYLE ('',( #8268 ) ) ;
#8268 = SURFACE_STYLE_FILL_AREA ( #8269 ) ;
#8269 = FILL_AREA_STYLE ('',( #8276 ) ) ;
#8270 = COLOUR_RGB ( '',0.2509803921568627400, 0.2509803921568627400, 0.2509803921568627400 ) ;
#8271 = FACE_OUTER_BOUND ( 'NONE', #4374, .T. ) ;
#8272 = DIRECTION ( 'NONE',  ( -1.919836738009939400E-016, 1.000000000000000000, -1.388406965217473800E-031 ) ) ;
#8273 = VECTOR ( 'NONE', #8272, 1000.000000000000000 ) ;
#8274 = CARTESIAN_POINT ( 'NONE',  ( -12.65000000000000200, 2.885786437626897800, 0.0000000000000000000 ) ) ;
#8275 = LINE ( 'NONE', #8274, #8273 ) ;
#8276 = FILL_AREA_STYLE_COLOUR ( '', #8270 ) ;
#8277 = CARTESIAN_POINT ( 'NONE',  ( 12.65000000000000200, -6.149999999999999500, -3.469446951953614200E-015 ) ) ;
#8278 = CARTESIAN_POINT ( 'NONE',  ( -7.592893218813505200, 7.857106781186546500, -0.5000000000000004400 ) ) ;
#8279 = CARTESIAN_POINT ( 'NONE',  ( -6.885786437626960000, 8.149999999999996800, -0.5000000000000004400 ) ) ;
#8280 = CARTESIAN_POINT ( 'NONE',  ( -6.885786437626974200, 8.149999999999996800, -16.69999999999999200 ) ) ;
#8281 = DIRECTION ( 'NONE',  ( -2.465190328815662400E-032, -1.483603526480291300E-031, 1.000000000000000000 ) ) ;
#8282 = VECTOR ( 'NONE', #8281, 1000.000000000000000 ) ;
#8283 = CARTESIAN_POINT ( 'NONE',  ( -6.885786437626960000, 8.149999999999996800, -2.999999999999999100 ) ) ;
#8284 = LINE ( 'NONE', #8283, #8282 ) ;
#8285 = DIRECTION ( 'NONE',  ( 1.000000000000000000, 0.0000000000000000000, -2.465190328815661300E-032 ) ) ;
#8286 = DIRECTION ( 'NONE',  ( 2.465190328815662400E-032, 1.483603526480291300E-031, -1.000000000000000000 ) ) ;
#8287 = CARTESIAN_POINT ( 'NONE',  ( -10.14999999999999900, -6.149999999999999500, 0.0000000000000000000 ) ) ;
#8288 = AXIS2_PLACEMENT_3D ( 'NONE', #8287, #8286, #8285 ) ;
#8289 = CIRCLE ( 'NONE', #8288, 2.500000000000000400 ) ;
#8290 = CARTESIAN_POINT ( 'NONE',  ( 6.885786437626946600, 8.649999999999998600, 0.0000000000000000000 ) ) ;
#8291 = CARTESIAN_POINT ( 'NONE',  ( -7.946446609406778300, 8.210660171779814200, 0.0000000000000000000 ) ) ;
#8292 = DIRECTION ( 'NONE',  ( 0.7071067811865419100, 0.7071067811865531200, -1.232595164407831200E-031 ) ) ;
#8293 = VECTOR ( 'NONE', #8292, 1000.000000000000000 ) ;
#8294 = CARTESIAN_POINT ( 'NONE',  ( -7.946446609406778300, 8.210660171779817800, 0.0000000000000000000 ) ) ;
#8295 = LINE ( 'NONE', #8294, #8293 ) ;
#8296 = DIRECTION ( 'NONE',  ( -9.860761315262649800E-032, 1.000000000000000000, -1.483603526480291300E-031 ) ) ;
#8297 = VECTOR ( 'NONE', #8296, 1000.000000000000000 ) ;
#8298 = CARTESIAN_POINT ( 'NONE',  ( 7.850000000000003200, -9.199999999999999300, -2.999999999999999100 ) ) ;
#8299 = LINE ( 'NONE', #8298, #8297 ) ;
#8300 = CARTESIAN_POINT ( 'NONE',  ( -15.49999999999999300, 10.99999999999998900, -0.5000000000000004400 ) ) ;
#8301 = DIRECTION ( 'NONE',  ( -2.465190328815662400E-032, -1.483603526480291300E-031, 1.000000000000000000 ) ) ;
#8302 = VECTOR ( 'NONE', #8301, 1000.000000000000000 ) ;
#8303 = CARTESIAN_POINT ( 'NONE',  ( 14.49999999999999800, 11.99999999999999500, -3.000000000000002700 ) ) ;
#8304 = LINE ( 'NONE', #8303, #8302 ) ;
#8305 = CARTESIAN_POINT ( 'NONE',  ( -4.249999999999996400, -9.600000000000001400, -3.000000000000002700 ) ) ;
#8306 = CARTESIAN_POINT ( 'NONE',  ( 4.250000000000003600, -9.899999999999995000, -2.999999999999999100 ) ) ;
#8307 = DIRECTION ( 'NONE',  ( -9.860761315262649800E-032, 1.000000000000000000, -2.891205793294679800E-015 ) ) ;
#8308 = VECTOR ( 'NONE', #8307, 1000.000000000000000 ) ;
#8309 = CARTESIAN_POINT ( 'NONE',  ( -4.249999999999996400, -9.599999999999997900, -3.000000000000002700 ) ) ;
#8310 = LINE ( 'NONE', #8309, #8308 ) ;
#8311 = DIRECTION ( 'NONE',  ( -1.000000000000000000, 9.860761315262647600E-032, 2.465190328815661900E-032 ) ) ;
#8312 = VECTOR ( 'NONE', #8311, 1000.000000000000000 ) ;
#8313 = CARTESIAN_POINT ( 'NONE',  ( 7.250000000000006200, -9.600000000000001400, -2.999999999999999100 ) ) ;
#8314 = LINE ( 'NONE', #8313, #8312 ) ;
#8315 = CARTESIAN_POINT ( 'NONE',  ( 7.250000000000006200, -9.600000000000001400, -2.999999999999999100 ) ) ;
#8316 = CARTESIAN_POINT ( 'NONE',  ( 7.850000000000003200, -9.199999999999999300, -2.999999999999999100 ) ) ;
#8317 = CARTESIAN_POINT ( 'NONE',  ( 3.650000000000007500, -9.899999999999998600, -3.000000000000002700 ) ) ;
#8318 = DIRECTION ( 'NONE',  ( -9.860761315262649800E-032, 1.000000000000000000, -2.891205793294679800E-015 ) ) ;
#8319 = VECTOR ( 'NONE', #8318, 1000.000000000000000 ) ;
#8320 = CARTESIAN_POINT ( 'NONE',  ( 4.250000000000010700, -9.599999999999997900, -2.999999999999999100 ) ) ;
#8321 = LINE ( 'NONE', #8320, #8319 ) ;
#8322 = CIRCLE ( 'NONE', #8169, 1.499999999999999600 ) ;
#8323 = VECTOR ( 'NONE', #8193, 1000.000000000000000 ) ;
#8324 = DIRECTION ( 'NONE',  ( 2.465190328815662400E-032, 1.483603526480291300E-031, -1.000000000000000000 ) ) ;
#8325 = DIRECTION ( 'NONE',  ( -2.465190328815662400E-032, -1.483603526480291100E-031, 1.000000000000000000 ) ) ;
#8326 = DIRECTION ( 'NONE',  ( -9.860761315262649800E-032, 1.000000000000000000, 1.483603526480291100E-031 ) ) ;
#8327 = CARTESIAN_POINT ( 'NONE',  ( -14.49999999999999300, 11.99999999999999300, -2.999999999999999100 ) ) ;
#8328 = AXIS2_PLACEMENT_3D ( 'NONE', #8327, #8326, #8325 ) ;
#8329 = CARTESIAN_POINT ( 'NONE',  ( -15.49999999999999300, -10.99999999999999300, -0.5000000000000004400 ) ) ;
#8330 = PLANE ( 'NONE',  #8328 ) ;
#8331 =( GEOMETRIC_REPRESENTATION_CONTEXT ( 3 ) GLOBAL_UNCERTAINTY_ASSIGNED_CONTEXT ( ( #8332 ) ) GLOBAL_UNIT_ASSIGNED_CONTEXT ( ( #8335, #8334, #8333 ) ) REPRESENTATION_CONTEXT ( 'NONE', 'WORKASPACE' ) );
#8332 = UNCERTAINTY_MEASURE_WITH_UNIT (LENGTH_MEASURE( 1.000000000000000100E-005 ), #8335, 'distance_accuracy_value', 'NONE');
#8333 =( NAMED_UNIT ( * ) SI_UNIT ( $, .STERADIAN. ) SOLID_ANGLE_UNIT ( ) );
#8334 =( NAMED_UNIT ( * ) PLANE_ANGLE_UNIT ( ) SI_UNIT ( $, .RADIAN. ) );
#8335 =( LENGTH_UNIT ( ) NAMED_UNIT ( * ) SI_UNIT ( .MILLI., .METRE. ) );
#8336 =( NAMED_UNIT ( * ) PLANE_ANGLE_UNIT ( ) SI_UNIT ( $, .RADIAN. ) );
#8337 = DIRECTION ( 'NONE',  ( -1.000000000000000000, 9.860761315262647600E-032, -2.465190328815662400E-032 ) ) ;
#8338 = DIRECTION ( 'NONE',  ( -2.465190328815662400E-032, -1.483603526480291100E-031, 1.000000000000000000 ) ) ;
#8339 = PRESENTATION_LAYER_ASSIGNMENT (  '', '', ( #8387 ) ) ;
#8340 = CARTESIAN_POINT ( 'NONE',  ( 14.49999999999999800, -12.00000000000000000, -0.5000000000000038900 ) ) ;
#8341 = DIRECTION ( 'NONE',  ( -1.000000000000000000, 9.860761315262647600E-032, 2.465190328815661900E-032 ) ) ;
#8342 = VECTOR ( 'NONE', #8341, 1000.000000000000000 ) ;
#8343 = CARTESIAN_POINT ( 'NONE',  ( -14.49999999999997900, -12.00000000000000000, -0.5000000000000004400 ) ) ;
#8344 = LINE ( 'NONE', #8343, #8342 ) ;
#8345 = COLOUR_RGB ( '',0.2509803921568627400, 0.2509803921568627400, 0.2509803921568627400 ) ;
#8346 = MECHANICAL_DESIGN_GEOMETRIC_PRESENTATION_REPRESENTATION (  '', ( #8348 ), #8416 ) ;
#8347 = PRESENTATION_LAYER_ASSIGNMENT (  '', '', ( #8348 ) ) ;
#8348 = STYLED_ITEM ( 'NONE', ( #8349 ), #4389 ) ;
#8349 = PRESENTATION_STYLE_ASSIGNMENT (( #8350 ) ) ;
#8350 = SURFACE_STYLE_USAGE ( .BOTH. , #8351 ) ;
#8351 = SURFACE_SIDE_STYLE ('',( #8352 ) ) ;
#8352 = SURFACE_STYLE_FILL_AREA ( #8353 ) ;
#8353 = FILL_AREA_STYLE ('',( #8378 ) ) ;
#8354 = COLOUR_RGB ( '',0.2509803921568627400, 0.2509803921568627400, 0.2509803921568627400 ) ;
#8355 = FACE_OUTER_BOUND ( 'NONE', #4390, .T. ) ;
#8356 = DIRECTION ( 'NONE',  ( 1.000000000000000000, 0.0000000000000000000, 0.0000000000000000000 ) ) ;
#8357 = DIRECTION ( 'NONE',  ( 2.465190328815662400E-032, 1.483603526480291300E-031, -1.000000000000000000 ) ) ;
#8358 = FILL_AREA_STYLE_COLOUR ( '', #8345 ) ;
#8359 = SURFACE_SIDE_STYLE ('',( #8360 ) ) ;
#8360 = SURFACE_STYLE_FILL_AREA ( #8361 ) ;
#8361 = FILL_AREA_STYLE ('',( #8358 ) ) ;
#8362 =( LENGTH_UNIT ( ) NAMED_UNIT ( * ) SI_UNIT ( .MILLI., .METRE. ) );
#8363 = SURFACE_STYLE_USAGE ( .BOTH. , #8359 ) ;
#8364 =( LENGTH_UNIT ( ) NAMED_UNIT ( * ) SI_UNIT ( .MILLI., .METRE. ) );
#8365 = MECHANICAL_DESIGN_GEOMETRIC_PRESENTATION_REPRESENTATION (  '', ( #8367 ), #8386 ) ;
#8366 = PRESENTATION_LAYER_ASSIGNMENT (  '', '', ( #8367 ) ) ;
#8367 = STYLED_ITEM ( 'NONE', ( #8368 ), #4378 ) ;
#8368 = PRESENTATION_STYLE_ASSIGNMENT (( #8369 ) ) ;
#8369 = SURFACE_STYLE_USAGE ( .BOTH. , #8370 ) ;
#8370 = SURFACE_SIDE_STYLE ('',( #8400 ) ) ;
#8371 = FACE_OUTER_BOUND ( 'NONE', #4409, .T. ) ;
#8372 = PRESENTATION_STYLE_ASSIGNMENT (( #8363 ) ) ;
#8373 = MECHANICAL_DESIGN_GEOMETRIC_PRESENTATION_REPRESENTATION (  '', ( #8387 ), #8404 ) ;
#8374 =( NAMED_UNIT ( * ) PLANE_ANGLE_UNIT ( ) SI_UNIT ( $, .RADIAN. ) );
#8375 = CARTESIAN_POINT ( 'NONE',  ( -14.49999999999999300, 10.99999999999999500, -0.5000000000000004400 ) ) ;
#8376 = AXIS2_PLACEMENT_3D ( 'NONE', #8375, #8357, #8356 ) ;
#8377 = CIRCLE ( 'NONE', #8376, 1.000000000000000900 ) ;
#8378 = FILL_AREA_STYLE_COLOUR ( '', #8354 ) ;
#8379 = DIRECTION ( 'NONE',  ( -9.860761315262649800E-032, 1.000000000000000000, -1.483603526480291300E-031 ) ) ;
#8380 = VECTOR ( 'NONE', #8379, 1000.000000000000000 ) ;
#8381 = CARTESIAN_POINT ( 'NONE',  ( -15.49999999999999300, 10.99999999999998900, -0.5000000000000004400 ) ) ;
#8382 = LINE ( 'NONE', #8381, #8380 ) ;
#8383 = UNCERTAINTY_MEASURE_WITH_UNIT (LENGTH_MEASURE( 1.000000000000000100E-005 ), #8362, 'distance_accuracy_value', 'NONE');
#8384 = CYLINDRICAL_SURFACE ( 'NONE', #8390, 1.000000000000000900 ) ;
#8385 = CARTESIAN_POINT ( 'NONE',  ( 14.49999999999999800, -11.00000000000000000, -3.000000000000002700 ) ) ;
#8386 =( GEOMETRIC_REPRESENTATION_CONTEXT ( 3 ) GLOBAL_UNCERTAINTY_ASSIGNED_CONTEXT ( ( #8405 ) ) GLOBAL_UNIT_ASSIGNED_CONTEXT ( ( #8364, #8374, #8406 ) ) REPRESENTATION_CONTEXT ( 'NONE', 'WORKASPACE' ) );
#8387 = STYLED_ITEM ( 'NONE', ( #8372 ), #4377 ) ;
#8388 = DIRECTION ( 'NONE',  ( 1.000000000000000000, 0.0000000000000000000, 0.0000000000000000000 ) ) ;
#8389 = DIRECTION ( 'NONE',  ( -2.465190328815662400E-032, -1.483603526480291300E-031, 1.000000000000000000 ) ) ;
#8390 = AXIS2_PLACEMENT_3D ( 'NONE', #8385, #8389, #8388 ) ;
#8391 = CARTESIAN_POINT ( 'NONE',  ( 15.50000000000000700, 10.99999999999998800, -0.5000000000000038900 ) ) ;
#8392 = CARTESIAN_POINT ( 'NONE',  ( -15.49999999999999300, 10.99999999999998800, -2.999999999999999100 ) ) ;
#8393 = CYLINDRICAL_SURFACE ( 'NONE', #8399, 0.9999999999999991100 ) ;
#8394 = FILL_AREA_STYLE_COLOUR ( '', #8402 ) ;
#8395 = FACE_OUTER_BOUND ( 'NONE', #4263, .T. ) ;
#8396 = DIRECTION ( 'NONE',  ( 1.000000000000000000, 0.0000000000000000000, 0.0000000000000000000 ) ) ;
#8397 = DIRECTION ( 'NONE',  ( -2.465190328815662400E-032, -1.483603526480291300E-031, 1.000000000000000000 ) ) ;
#8398 = CARTESIAN_POINT ( 'NONE',  ( 14.50000000000000500, 10.99999999999999600, -3.000000000000002700 ) ) ;
#8399 = AXIS2_PLACEMENT_3D ( 'NONE', #8398, #8397, #8396 ) ;
#8400 = SURFACE_STYLE_FILL_AREA ( #8401 ) ;
#8401 = FILL_AREA_STYLE ('',( #8394 ) ) ;
#8402 = COLOUR_RGB ( '',0.2509803921568627400, 0.2509803921568627400, 0.2509803921568627400 ) ;
#8403 =( NAMED_UNIT ( * ) SI_UNIT ( $, .STERADIAN. ) SOLID_ANGLE_UNIT ( ) );
#8404 =( GEOMETRIC_REPRESENTATION_CONTEXT ( 3 ) GLOBAL_UNCERTAINTY_ASSIGNED_CONTEXT ( ( #8383 ) ) GLOBAL_UNIT_ASSIGNED_CONTEXT ( ( #8362, #8336, #8403 ) ) REPRESENTATION_CONTEXT ( 'NONE', 'WORKASPACE' ) );
#8405 = UNCERTAINTY_MEASURE_WITH_UNIT (LENGTH_MEASURE( 1.000000000000000100E-005 ), #8364, 'distance_accuracy_value', 'NONE');
#8406 =( NAMED_UNIT ( * ) SI_UNIT ( $, .STERADIAN. ) SOLID_ANGLE_UNIT ( ) );
#8407 = UNCERTAINTY_MEASURE_WITH_UNIT (LENGTH_MEASURE( 1.000000000000000100E-005 ), #8410, 'distance_accuracy_value', 'NONE');
#8408 =( NAMED_UNIT ( * ) SI_UNIT ( $, .STERADIAN. ) SOLID_ANGLE_UNIT ( ) );
#8409 =( NAMED_UNIT ( * ) PLANE_ANGLE_UNIT ( ) SI_UNIT ( $, .RADIAN. ) );
#8410 =( LENGTH_UNIT ( ) NAMED_UNIT ( * ) SI_UNIT ( .MILLI., .METRE. ) );
#8411 = DIRECTION ( 'NONE',  ( 1.000000000000000000, 0.0000000000000000000, 0.0000000000000000000 ) ) ;
#8412 = DIRECTION ( 'NONE',  ( -2.465190328815662400E-032, -1.483603526480291300E-031, 1.000000000000000000 ) ) ;
#8413 = AXIS2_PLACEMENT_3D ( 'NONE', #8415, #8412, #8411 ) ;
#8414 = CYLINDRICAL_SURFACE ( 'NONE', #8413, 1.000000000000000900 ) ;
#8415 = CARTESIAN_POINT ( 'NONE',  ( -14.49999999999999300, 10.99999999999999300, -2.999999999999999100 ) ) ;
#8416 =( GEOMETRIC_REPRESENTATION_CONTEXT ( 3 ) GLOBAL_UNCERTAINTY_ASSIGNED_CONTEXT ( ( #8407 ) ) GLOBAL_UNIT_ASSIGNED_CONTEXT ( ( #8410, #8409, #8408 ) ) REPRESENTATION_CONTEXT ( 'NONE', 'WORKASPACE' ) );
#8417 = LINE ( 'NONE', #8481, #8493 ) ;
#8418 = CIRCLE ( 'NONE', #8487, 1.000000000000006000 ) ;
#8419 = DIRECTION ( 'NONE',  ( -2.465190328815662400E-032, -1.483603526480291300E-031, 1.000000000000000000 ) ) ;
#8420 = CARTESIAN_POINT ( 'NONE',  ( 11.15000000000000700, 2.885786437626908500, 3.469446951953614200E-015 ) ) ;
#8421 = AXIS2_PLACEMENT_3D ( 'NONE', #8420, #8472, #8471 ) ;
#8422 = CIRCLE ( 'NONE', #8421, 1.500000000000001300 ) ;
#8423 = DIRECTION ( 'NONE',  ( 0.7071067811865438000, -0.7071067811865513500, 9.860761315262649800E-032 ) ) ;
#8424 = VECTOR ( 'NONE', #8423, 1000.000000000000000 ) ;
#8425 = VECTOR ( 'NONE', #8449, 1000.000000000000000 ) ;
#8426 = CARTESIAN_POINT ( 'NONE',  ( 6.885786437626953700, 8.149999999999996800, -2.999999999999995600 ) ) ;
#8427 = LINE ( 'NONE', #8426, #8425 ) ;
#8428 = DIRECTION ( 'NONE',  ( -1.000000000000000000, 0.0000000000000000000, 0.0000000000000000000 ) ) ;
#8429 = DIRECTION ( 'NONE',  ( 2.465190328815662400E-032, 1.483603526480291300E-031, -1.000000000000000000 ) ) ;
#8430 = DIRECTION ( 'NONE',  ( 1.000000000000000000, 0.0000000000000000000, 0.0000000000000000000 ) ) ;
#8431 = DIRECTION ( 'NONE',  ( 1.000000000000000000, 3.469446951953615400E-015, 0.0000000000000000000 ) ) ;
#8432 = DIRECTION ( 'NONE',  ( 2.465190328815662400E-032, 1.483603526480291300E-031, -1.000000000000000000 ) ) ;
#8433 = CARTESIAN_POINT ( 'NONE',  ( -11.15000000000000000, 2.885786437626901300, 3.469446951953614200E-015 ) ) ;
#8434 = AXIS2_PLACEMENT_3D ( 'NONE', #8433, #8432, #8431 ) ;
#8435 = DIRECTION ( 'NONE',  ( 1.000000000000000000, 0.0000000000000000000, 0.0000000000000000000 ) ) ;
#8436 = DIRECTION ( 'NONE',  ( -2.465190328815662400E-032, -1.483603526480291300E-031, 1.000000000000000000 ) ) ;
#8437 = CARTESIAN_POINT ( 'NONE',  ( -6.885786437626946600, 7.150000000000000400, -0.5000000000000004400 ) ) ;
#8438 = AXIS2_PLACEMENT_3D ( 'NONE', #8437, #8436, #8435 ) ;
#8439 = CIRCLE ( 'NONE', #8438, 1.000000000000006000 ) ;
#8440 = CARTESIAN_POINT ( 'NONE',  ( 12.21066017177982500, 3.946446609406724100, 0.0000000000000000000 ) ) ;
#8441 = CARTESIAN_POINT ( 'NONE',  ( 10.15000000000000600, -8.649999999999998600, 0.0000000000000000000 ) ) ;
#8442 = DIRECTION ( 'NONE',  ( 1.000000000000000000, 0.0000000000000000000, -2.465190328815661900E-032 ) ) ;
#8443 = DIRECTION ( 'NONE',  ( 2.465190328815662400E-032, 1.483603526480291300E-031, -1.000000000000000000 ) ) ;
#8444 = CARTESIAN_POINT ( 'NONE',  ( 10.14999999999999900, -6.149999999999995900, 0.0000000000000000000 ) ) ;
#8445 = AXIS2_PLACEMENT_3D ( 'NONE', #8444, #8443, #8442 ) ;
#8446 = CIRCLE ( 'NONE', #8445, 2.500000000000000400 ) ;
#8447 = CIRCLE ( 'NONE', #8485, 0.9999999999999991100 ) ;
#8448 = CARTESIAN_POINT ( 'NONE',  ( 6.885786437626953700, 8.149999999999996800, -16.69999999999999600 ) ) ;
#8449 = DIRECTION ( 'NONE',  ( -2.465190328815662400E-032, -1.483603526480291300E-031, 1.000000000000000000 ) ) ;
#8450 = CARTESIAN_POINT ( 'NONE',  ( 12.65000000000000900, 2.885786437626897800, 0.0000000000000000000 ) ) ;
#8451 = DIRECTION ( 'NONE',  ( -2.465190328815662400E-032, -1.483603526480291300E-031, 1.000000000000000000 ) ) ;
#8452 = VECTOR ( 'NONE', #8451, 1000.000000000000000 ) ;
#8453 = CARTESIAN_POINT ( 'NONE',  ( -7.592893218813505200, 7.857106781186546500, -2.999999999999999100 ) ) ;
#8454 = LINE ( 'NONE', #8453, #8452 ) ;
#8455 = CARTESIAN_POINT ( 'NONE',  ( -12.65000000000000200, 2.885786437626897800, 0.0000000000000000000 ) ) ;
#8456 = CIRCLE ( 'NONE', #8434, 1.499999999999999600 ) ;
#8457 = DIRECTION ( 'NONE',  ( -1.000000000000000000, 9.860761315262647600E-032, 2.465190328815661900E-032 ) ) ;
#8458 = VECTOR ( 'NONE', #8457, 1000.000000000000000 ) ;
#8459 = CARTESIAN_POINT ( 'NONE',  ( 7.250000000000006200, -9.600000000000001400, -2.999999999999999100 ) ) ;
#8460 = LINE ( 'NONE', #8459, #8458 ) ;
#8461 = DIRECTION ( 'NONE',  ( 1.000000000000000000, -1.213093339843922100E-016, -2.465190328815662400E-032 ) ) ;
#8462 = VECTOR ( 'NONE', #8461, 1000.000000000000000 ) ;
#8463 = CARTESIAN_POINT ( 'NONE',  ( 7.149999999999996800, 9.599999999999996100, -2.999999999999999100 ) ) ;
#8464 = LINE ( 'NONE', #8463, #8462 ) ;
#8465 = VECTOR ( 'NONE', #8419, 1000.000000000000000 ) ;
#8466 = DIRECTION ( 'NONE',  ( -1.000000000000000000, 7.381802025433223300E-016, 2.465190328815662400E-032 ) ) ;
#8467 = VECTOR ( 'NONE', #8466, 1000.000000000000000 ) ;
#8468 = CARTESIAN_POINT ( 'NONE',  ( 10.20000000000000800, -9.250000000000001800, -2.999999999999999100 ) ) ;
#8469 = LINE ( 'NONE', #8468, #8467 ) ;
#8470 =( NAMED_UNIT ( * ) PLANE_ANGLE_UNIT ( ) SI_UNIT ( $, .RADIAN. ) );
#8471 = DIRECTION ( 'NONE',  ( 1.000000000000000000, 0.0000000000000000000, 0.0000000000000000000 ) ) ;
#8472 = DIRECTION ( 'NONE',  ( 2.465190328815662400E-032, 1.483603526480291300E-031, -1.000000000000000000 ) ) ;
#8473 = CARTESIAN_POINT ( 'NONE',  ( 12.15000000000000700, -6.149999999999995900, -16.69999999999998900 ) ) ;
#8474 = CARTESIAN_POINT ( 'NONE',  ( 12.21066017177982500, 3.946446609406724100, 0.0000000000000000000 ) ) ;
#8475 = LINE ( 'NONE', #8474, #8424 ) ;
#8476 = DIRECTION ( 'NONE',  ( -1.919836738009937400E-016, -1.000000000000000000, 1.578800087743108600E-031 ) ) ;
#8477 = VECTOR ( 'NONE', #8476, 1000.000000000000000 ) ;
#8478 = CARTESIAN_POINT ( 'NONE',  ( 12.65000000000000200, -6.149999999999999500, -3.469446951953614200E-015 ) ) ;
#8479 = LINE ( 'NONE', #8478, #8477 ) ;
#8480 = DIRECTION ( 'NONE',  ( -2.465190328815662400E-032, -1.483603526480291300E-031, 1.000000000000000000 ) ) ;
#8481 = CARTESIAN_POINT ( 'NONE',  ( 12.15000000000000000, -6.149999999999995900, -3.000000000000002700 ) ) ;
#8482 = DIRECTION ( 'NONE',  ( 1.000000000000000000, 1.734723475976808700E-015, 0.0000000000000000000 ) ) ;
#8483 = DIRECTION ( 'NONE',  ( 2.465190328815662400E-032, 1.483603526480291300E-031, -1.000000000000000000 ) ) ;
#8484 = CARTESIAN_POINT ( 'NONE',  ( -14.49999999999999300, -11.00000000000000000, -0.5000000000000004400 ) ) ;
#8485 = AXIS2_PLACEMENT_3D ( 'NONE', #8484, #8483, #8482 ) ;
#8486 = CARTESIAN_POINT ( 'NONE',  ( -6.885786437626960000, 7.149999999999998600, -16.69999999999999200 ) ) ;
#8487 = AXIS2_PLACEMENT_3D ( 'NONE', #8486, #8429, #8428 ) ;
#8488 = AXIS2_PLACEMENT_3D ( 'NONE', #8490, #8489, #8430 ) ;
#8489 = DIRECTION ( 'NONE',  ( -2.465190328815662400E-032, -1.483603526480291300E-031, 1.000000000000000000 ) ) ;
#8490 = CARTESIAN_POINT ( 'NONE',  ( 11.15000000000000700, 2.885786437626908500, -0.4999999999999970000 ) ) ;
#8491 = CIRCLE ( 'NONE', #8488, 1.000000000000000900 ) ;
#8492 = CARTESIAN_POINT ( 'NONE',  ( -14.49999999999999300, 11.99999999999999300, -2.999999999999999100 ) ) ;
#8493 = VECTOR ( 'NONE', #8480, 1000.000000000000000 ) ;
#8494 = LINE ( 'NONE', #8492, #8465 ) ;
#8495 = FILL_AREA_STYLE ('',( #8502 ) ) ;
#8496 = COLOUR_RGB ( '',0.2509803921568627400, 0.2509803921568627400, 0.2509803921568627400 ) ;
#8497 = FACE_OUTER_BOUND ( 'NONE', #4478, .T. ) ;
#8498 = DIRECTION ( 'NONE',  ( -0.7071067811865438000, 0.7071067811865513500, -9.860761315262649800E-032 ) ) ;
#8499 = VECTOR ( 'NONE', #8498, 1000.000000000000000 ) ;
#8500 = CARTESIAN_POINT ( 'NONE',  ( 7.592893218813512300, 7.857106781186538500, -0.4999999999999970000 ) ) ;
#8501 = LINE ( 'NONE', #8500, #8499 ) ;
#8502 = FILL_AREA_STYLE_COLOUR ( '', #8496 ) ;
#8503 = FILL_AREA_STYLE_COLOUR ( '', #8513 ) ;
#8504 =( NAMED_UNIT ( * ) PLANE_ANGLE_UNIT ( ) SI_UNIT ( $, .RADIAN. ) );
#8505 = DIRECTION ( 'NONE',  ( 1.000000000000000000, 0.0000000000000000000, 0.0000000000000000000 ) ) ;
#8506 = DIRECTION ( 'NONE',  ( -2.465190328815662400E-032, -1.483603526480291300E-031, 1.000000000000000000 ) ) ;
#8507 = VECTOR ( 'NONE', #8506, 1000.000000000000000 ) ;
#8508 = CARTESIAN_POINT ( 'NONE',  ( 7.592893218813512300, 7.857106781186538500, -2.999999999999995600 ) ) ;
#8509 = LINE ( 'NONE', #8508, #8507 ) ;
#8510 = AXIS2_PLACEMENT_3D ( 'NONE', #8540, #8538, #8505 ) ;
#8511 =( GEOMETRIC_REPRESENTATION_CONTEXT ( 3 ) GLOBAL_UNCERTAINTY_ASSIGNED_CONTEXT ( ( #8536 ) ) GLOBAL_UNIT_ASSIGNED_CONTEXT ( ( #8528, #8504, #8526 ) ) REPRESENTATION_CONTEXT ( 'NONE', 'WORKASPACE' ) );
#8512 = FILL_AREA_STYLE ('',( #8503 ) ) ;
#8513 = COLOUR_RGB ( '',0.2509803921568627400, 0.2509803921568627400, 0.2509803921568627400 ) ;
#8514 = SURFACE_SIDE_STYLE ('',( #8515 ) ) ;
#8515 = SURFACE_STYLE_FILL_AREA ( #8512 ) ;
#8516 = FACE_OUTER_BOUND ( 'NONE', #4266, .T. ) ;
#8517 =( LENGTH_UNIT ( ) NAMED_UNIT ( * ) SI_UNIT ( .MILLI., .METRE. ) );
#8518 = MECHANICAL_DESIGN_GEOMETRIC_PRESENTATION_REPRESENTATION (  '', ( #8520 ), #8575 ) ;
#8519 = PRESENTATION_LAYER_ASSIGNMENT (  '', '', ( #8520 ) ) ;
#8520 = STYLED_ITEM ( 'NONE', ( #8521 ), #4446 ) ;
#8521 = PRESENTATION_STYLE_ASSIGNMENT (( #8522 ) ) ;
#8522 = SURFACE_STYLE_USAGE ( .BOTH. , #8523 ) ;
#8523 = SURFACE_SIDE_STYLE ('',( #8524 ) ) ;
#8524 = SURFACE_STYLE_FILL_AREA ( #8495 ) ;
#8525 = STYLED_ITEM ( 'NONE', ( #8533 ), #4440 ) ;
#8526 =( NAMED_UNIT ( * ) SI_UNIT ( $, .STERADIAN. ) SOLID_ANGLE_UNIT ( ) );
#8527 = PRESENTATION_LAYER_ASSIGNMENT (  '', '', ( #8525 ) ) ;
#8528 =( LENGTH_UNIT ( ) NAMED_UNIT ( * ) SI_UNIT ( .MILLI., .METRE. ) );
#8529 = DIRECTION ( 'NONE',  ( -1.000000000000000000, 0.0000000000000000000, 0.0000000000000000000 ) ) ;
#8530 = DIRECTION ( 'NONE',  ( 2.465190328815662400E-032, 1.483603526480291300E-031, -1.000000000000000000 ) ) ;
#8531 = CARTESIAN_POINT ( 'NONE',  ( 10.15000000000000600, -6.149999999999999500, -16.69999999999998900 ) ) ;
#8532 = AXIS2_PLACEMENT_3D ( 'NONE', #8531, #8530, #8529 ) ;
#8533 = PRESENTATION_STYLE_ASSIGNMENT (( #8534 ) ) ;
#8534 = SURFACE_STYLE_USAGE ( .BOTH. , #8514 ) ;
#8535 = CIRCLE ( 'NONE', #8510, 2.999999999999999100 ) ;
#8536 = UNCERTAINTY_MEASURE_WITH_UNIT (LENGTH_MEASURE( 1.000000000000000100E-005 ), #8528, 'distance_accuracy_value', 'NONE');
#8537 = CARTESIAN_POINT ( 'NONE',  ( -14.49999999999999300, -11.00000000000000000, -2.999999999999999100 ) ) ;
#8538 = DIRECTION ( 'NONE',  ( 2.465190328815662400E-032, 1.483603526480291300E-031, -1.000000000000000000 ) ) ;
#8539 = MECHANICAL_DESIGN_GEOMETRIC_PRESENTATION_REPRESENTATION (  '', ( #8525 ), #8511 ) ;
#8540 = CARTESIAN_POINT ( 'NONE',  ( 10.20000000000000800, -6.249999999999998200, -2.999999999999999100 ) ) ;
#8541 = DIRECTION ( 'NONE',  ( 1.000000000000000000, 0.0000000000000000000, 0.0000000000000000000 ) ) ;
#8542 = DIRECTION ( 'NONE',  ( -2.465190328815662400E-032, -1.483603526480291300E-031, 1.000000000000000000 ) ) ;
#8543 = AXIS2_PLACEMENT_3D ( 'NONE', #8537, #8542, #8541 ) ;
#8544 = CYLINDRICAL_SURFACE ( 'NONE', #8543, 0.9999999999999991100 ) ;
#8545 = CIRCLE ( 'NONE', #8532, 2.000000000000000000 ) ;
#8546 = DIRECTION ( 'NONE',  ( -2.465190328815662400E-032, -1.483603526480291300E-031, 1.000000000000000000 ) ) ;
#8547 =( GEOMETRIC_REPRESENTATION_CONTEXT ( 3 ) GLOBAL_UNCERTAINTY_ASSIGNED_CONTEXT ( ( #8564 ) ) GLOBAL_UNIT_ASSIGNED_CONTEXT ( ( #8570, #8566, #8565 ) ) REPRESENTATION_CONTEXT ( 'NONE', 'WORKASPACE' ) );
#8548 = STYLED_ITEM ( 'NONE', ( #8549 ), #4456 ) ;
#8549 = PRESENTATION_STYLE_ASSIGNMENT (( #8550 ) ) ;
#8550 = SURFACE_STYLE_USAGE ( .BOTH. , #8551 ) ;
#8551 = SURFACE_SIDE_STYLE ('',( #8552 ) ) ;
#8552 = SURFACE_STYLE_FILL_AREA ( #8553 ) ;
#8553 = FILL_AREA_STYLE ('',( #8554 ) ) ;
#8554 = FILL_AREA_STYLE_COLOUR ( '', #8555 ) ;
#8555 = COLOUR_RGB ( '',0.2509803921568627400, 0.2509803921568627400, 0.2509803921568627400 ) ;
#8556 = FACE_OUTER_BOUND ( 'NONE', #4730, .T. ) ;
#8557 = CARTESIAN_POINT ( 'NONE',  ( -12.15000000000000000, -6.150000000000003000, -0.5000000000000004400 ) ) ;
#8558 = CYLINDRICAL_SURFACE ( 'NONE', #8569, 2.000000000000000000 ) ;
#8559 = CARTESIAN_POINT ( 'NONE',  ( -12.14999999999998800, -6.150000000000003000, -16.69999999999999200 ) ) ;
#8560 = DIRECTION ( 'NONE',  ( -2.465190328815662400E-032, -1.483603526480291300E-031, 1.000000000000000000 ) ) ;
#8561 = VECTOR ( 'NONE', #8560, 1000.000000000000000 ) ;
#8562 = CARTESIAN_POINT ( 'NONE',  ( -12.14999999999998800, -6.150000000000003000, -2.999999999999999100 ) ) ;
#8563 = LINE ( 'NONE', #8562, #8561 ) ;
#8564 = UNCERTAINTY_MEASURE_WITH_UNIT (LENGTH_MEASURE( 1.000000000000000100E-005 ), #8570, 'distance_accuracy_value', 'NONE');
#8565 =( NAMED_UNIT ( * ) SI_UNIT ( $, .STERADIAN. ) SOLID_ANGLE_UNIT ( ) );
#8566 =( NAMED_UNIT ( * ) PLANE_ANGLE_UNIT ( ) SI_UNIT ( $, .RADIAN. ) );
#8567 =( NAMED_UNIT ( * ) SI_UNIT ( $, .STERADIAN. ) SOLID_ANGLE_UNIT ( ) );
#8568 = CARTESIAN_POINT ( 'NONE',  ( -10.14999999999999900, -6.149999999999999500, -2.999999999999999100 ) ) ;
#8569 = AXIS2_PLACEMENT_3D ( 'NONE', #8568, #8546, #8574 ) ;
#8570 =( LENGTH_UNIT ( ) NAMED_UNIT ( * ) SI_UNIT ( .MILLI., .METRE. ) );
#8571 = MECHANICAL_DESIGN_GEOMETRIC_PRESENTATION_REPRESENTATION (  '', ( #8548 ), #8547 ) ;
#8572 = PRESENTATION_LAYER_ASSIGNMENT (  '', '', ( #8548 ) ) ;
#8573 = UNCERTAINTY_MEASURE_WITH_UNIT (LENGTH_MEASURE( 1.000000000000000100E-005 ), #8517, 'distance_accuracy_value', 'NONE');
#8574 = DIRECTION ( 'NONE',  ( 1.000000000000000000, 0.0000000000000000000, 0.0000000000000000000 ) ) ;
#8575 =( GEOMETRIC_REPRESENTATION_CONTEXT ( 3 ) GLOBAL_UNCERTAINTY_ASSIGNED_CONTEXT ( ( #8573 ) ) GLOBAL_UNIT_ASSIGNED_CONTEXT ( ( #8517, #8470, #8567 ) ) REPRESENTATION_CONTEXT ( 'NONE', 'WORKASPACE' ) );
#8576 = VECTOR ( 'NONE', #8583, 1000.000000000000000 ) ;
#8577 =( GEOMETRIC_REPRESENTATION_CONTEXT ( 3 ) GLOBAL_UNCERTAINTY_ASSIGNED_CONTEXT ( ( #8578 ) ) GLOBAL_UNIT_ASSIGNED_CONTEXT ( ( #8606, #8580, #8579 ) ) REPRESENTATION_CONTEXT ( 'NONE', 'WORKASPACE' ) );
#8578 = UNCERTAINTY_MEASURE_WITH_UNIT (LENGTH_MEASURE( 1.000000000000000100E-005 ), #8606, 'distance_accuracy_value', 'NONE');
#8579 =( NAMED_UNIT ( * ) SI_UNIT ( $, .STERADIAN. ) SOLID_ANGLE_UNIT ( ) );
#8580 =( NAMED_UNIT ( * ) PLANE_ANGLE_UNIT ( ) SI_UNIT ( $, .RADIAN. ) );
#8581 = DIRECTION ( 'NONE',  ( 1.000000000000000000, -9.860761315262649800E-032, 2.465190328815662400E-032 ) ) ;
#8582 = CARTESIAN_POINT ( 'NONE',  ( -3.649999999999993700, -9.599999999999994300, -6.299999999999996300 ) ) ;
#8583 = DIRECTION ( 'NONE',  ( -1.000000000000000000, 9.860761315262647600E-032, 2.465190328815661900E-032 ) ) ;
#8584 = STYLED_ITEM ( 'NONE', ( #8585 ), #4471 ) ;
#8585 = PRESENTATION_STYLE_ASSIGNMENT (( #8586 ) ) ;
#8586 = SURFACE_STYLE_USAGE ( .BOTH. , #8587 ) ;
#8587 = SURFACE_SIDE_STYLE ('',( #8588 ) ) ;
#8588 = SURFACE_STYLE_FILL_AREA ( #8589 ) ;
#8589 = FILL_AREA_STYLE ('',( #8598 ) ) ;
#8590 = COLOUR_RGB ( '',0.2509803921568627400, 0.2509803921568627400, 0.2509803921568627400 ) ;
#8591 = FACE_OUTER_BOUND ( 'NONE', #4472, .T. ) ;
#8592 = DIRECTION ( 'NONE',  ( -2.465190328815662400E-032, -1.483603526480291300E-031, 1.000000000000000000 ) ) ;
#8593 = VECTOR ( 'NONE', #8592, 1000.000000000000000 ) ;
#8594 = CARTESIAN_POINT ( 'NONE',  ( 3.650000000000000400, 9.599999999999994300, -6.299999999999996300 ) ) ;
#8595 = CARTESIAN_POINT ( 'NONE',  ( 4.250000000000003600, 9.599999999999997900, -6.299999999999996300 ) ) ;
#8596 = CARTESIAN_POINT ( 'NONE',  ( -10.14999999999998600, -8.149999999999996800, -2.999999999999999100 ) ) ;
#8597 = LINE ( 'NONE', #8596, #8593 ) ;
#8598 = FILL_AREA_STYLE_COLOUR ( '', #8590 ) ;
#8599 = CARTESIAN_POINT ( 'NONE',  ( -4.249999999999996400, -9.599999999999997900, -6.299999999999996300 ) ) ;
#8600 = DIRECTION ( 'NONE',  ( 2.465190328815662400E-032, -5.256737805990322100E-016, -1.000000000000000000 ) ) ;
#8601 = VECTOR ( 'NONE', #8600, 1000.000000000000000 ) ;
#8602 = CARTESIAN_POINT ( 'NONE',  ( -4.249999999999996400, -9.599999999999997900, -6.299999999999996300 ) ) ;
#8603 = DIRECTION ( 'NONE',  ( 2.465190328815662400E-032, 1.483603526480291100E-031, -1.000000000000000000 ) ) ;
#8604 = PLANE ( 'NONE',  #8610 ) ;
#8605 = LINE ( 'NONE', #8602, #8601 ) ;
#8606 =( LENGTH_UNIT ( ) NAMED_UNIT ( * ) SI_UNIT ( .MILLI., .METRE. ) );
#8607 = MECHANICAL_DESIGN_GEOMETRIC_PRESENTATION_REPRESENTATION (  '', ( #8584 ), #8577 ) ;
#8608 = PRESENTATION_LAYER_ASSIGNMENT (  '', '', ( #8584 ) ) ;
#8609 = LINE ( 'NONE', #8595, #8576 ) ;
#8610 = AXIS2_PLACEMENT_3D ( 'NONE', #8611, #8581, #8603 ) ;
#8611 = CARTESIAN_POINT ( 'NONE',  ( -7.149999999999982600, 9.599999999999997900, -16.69999999999999200 ) ) ;
#8612 = CARTESIAN_POINT ( 'NONE',  ( 7.249999999999999100, -9.199999999999995700, -16.69999999999999200 ) ) ;
#8613 = FILL_AREA_STYLE_COLOUR ( '', #8640 ) ;
#8614 = AXIS2_PLACEMENT_3D ( 'NONE', #8639, #8638, #8637 ) ;
#8615 = PLANE ( 'NONE',  #8614 ) ;
#8616 =( GEOMETRIC_REPRESENTATION_CONTEXT ( 3 ) GLOBAL_UNCERTAINTY_ASSIGNED_CONTEXT ( ( #8621 ) ) GLOBAL_UNIT_ASSIGNED_CONTEXT ( ( #8626, #8618, #8617 ) ) REPRESENTATION_CONTEXT ( 'NONE', 'WORKASPACE' ) );
#8617 =( NAMED_UNIT ( * ) SI_UNIT ( $, .STERADIAN. ) SOLID_ANGLE_UNIT ( ) );
#8618 =( NAMED_UNIT ( * ) PLANE_ANGLE_UNIT ( ) SI_UNIT ( $, .RADIAN. ) );
#8619 = DIRECTION ( 'NONE',  ( 1.000000000000000000, 0.0000000000000000000, 0.0000000000000000000 ) ) ;
#8620 = DIRECTION ( 'NONE',  ( -2.465190328815662400E-032, -1.483603526480291300E-031, 1.000000000000000000 ) ) ;
#8621 = UNCERTAINTY_MEASURE_WITH_UNIT (LENGTH_MEASURE( 1.000000000000000100E-005 ), #8626, 'distance_accuracy_value', 'NONE');
#8622 = AXIS2_PLACEMENT_3D ( 'NONE', #8612, #8646, #8645 ) ;
#8623 = FACE_OUTER_BOUND ( 'NONE', #4480, .T. ) ;
#8624 = CARTESIAN_POINT ( 'NONE',  ( -11.15000000000000000, 2.885786437626901300, -0.4999999999999970000 ) ) ;
#8625 = PLANE ( 'NONE',  #8622 ) ;
#8626 =( LENGTH_UNIT ( ) NAMED_UNIT ( * ) SI_UNIT ( .MILLI., .METRE. ) );
#8627 = MECHANICAL_DESIGN_GEOMETRIC_PRESENTATION_REPRESENTATION (  '', ( #8629 ), #8616 ) ;
#8628 = PRESENTATION_LAYER_ASSIGNMENT (  '', '', ( #8629 ) ) ;
#8629 = STYLED_ITEM ( 'NONE', ( #8630 ), #4479 ) ;
#8630 = PRESENTATION_STYLE_ASSIGNMENT (( #8641 ) ) ;
#8631 = AXIS2_PLACEMENT_3D ( 'NONE', #8624, #8620, #8619 ) ;
#8632 = CIRCLE ( 'NONE', #8631, 0.9999999999999991100 ) ;
#8633 = DIRECTION ( 'NONE',  ( -2.465190328815663000E-032, -1.237084493598725400E-031, 1.000000000000000000 ) ) ;
#8634 = CARTESIAN_POINT ( 'NONE',  ( 11.85710678118655200, 3.592893218813453200, -2.999999999999999100 ) ) ;
#8635 = LINE ( 'NONE', #8634, #8687 ) ;
#8636 = VECTOR ( 'NONE', #8633, 1000.000000000000000 ) ;
#8637 = DIRECTION ( 'NONE',  ( -0.7071067811865438000, 0.7071067811865512400, -9.860761315262649800E-032 ) ) ;
#8638 = DIRECTION ( 'NONE',  ( 0.7071067811865512400, 0.7071067811865438000, -1.479114197289397600E-031 ) ) ;
#8639 = CARTESIAN_POINT ( 'NONE',  ( 11.85710678118655200, 3.592893218813453200, -2.999999999999999100 ) ) ;
#8640 = COLOUR_RGB ( '',0.2509803921568627400, 0.2509803921568627400, 0.2509803921568627400 ) ;
#8641 = SURFACE_STYLE_USAGE ( .BOTH. , #8642 ) ;
#8642 = SURFACE_SIDE_STYLE ('',( #8643 ) ) ;
#8643 = SURFACE_STYLE_FILL_AREA ( #8644 ) ;
#8644 = FILL_AREA_STYLE ('',( #8613 ) ) ;
#8645 = DIRECTION ( 'NONE',  ( -2.465190328815662400E-032, -1.483603526480291100E-031, 1.000000000000000000 ) ) ;
#8646 = DIRECTION ( 'NONE',  ( -1.000000000000000000, 9.860761315262649800E-032, -2.465190328815662400E-032 ) ) ;
#8647 = DIRECTION ( 'NONE',  ( -2.465190328815662400E-032, -1.483603526480291300E-031, 1.000000000000000000 ) ) ;
#8648 = CARTESIAN_POINT ( 'NONE',  ( 7.592893218813512300, 7.857106781186538500, -16.69999999999999600 ) ) ;
#8649 = CARTESIAN_POINT ( 'NONE',  ( 12.15000000000000700, 2.885786437626904900, -0.5000000000000004400 ) ) ;
#8650 = PLANE ( 'NONE',  #8683 ) ;
#8651 =( GEOMETRIC_REPRESENTATION_CONTEXT ( 3 ) GLOBAL_UNCERTAINTY_ASSIGNED_CONTEXT ( ( #8652 ) ) GLOBAL_UNIT_ASSIGNED_CONTEXT ( ( #8657, #8656, #8653 ) ) REPRESENTATION_CONTEXT ( 'NONE', 'WORKASPACE' ) );
#8652 = UNCERTAINTY_MEASURE_WITH_UNIT (LENGTH_MEASURE( 1.000000000000000100E-005 ), #8657, 'distance_accuracy_value', 'NONE');
#8653 =( NAMED_UNIT ( * ) SI_UNIT ( $, .STERADIAN. ) SOLID_ANGLE_UNIT ( ) );
#8654 = CARTESIAN_POINT ( 'NONE',  ( 7.592893218813512300, 7.857106781186538500, -0.4999999999999970000 ) ) ;
#8655 = LINE ( 'NONE', #8676, #8660 ) ;
#8656 =( NAMED_UNIT ( * ) PLANE_ANGLE_UNIT ( ) SI_UNIT ( $, .RADIAN. ) );
#8657 =( LENGTH_UNIT ( ) NAMED_UNIT ( * ) SI_UNIT ( .MILLI., .METRE. ) );
#8658 = CARTESIAN_POINT ( 'NONE',  ( 12.15000000000000000, 2.885786437626904900, -16.69999999999999200 ) ) ;
#8659 = DIRECTION ( 'NONE',  ( -2.465190328815662400E-032, -1.483603526480291300E-031, 1.000000000000000000 ) ) ;
#8660 = VECTOR ( 'NONE', #8686, 999.9999999999998900 ) ;
#8661 = MECHANICAL_DESIGN_GEOMETRIC_PRESENTATION_REPRESENTATION (  '', ( #8663 ), #8651 ) ;
#8662 = PRESENTATION_LAYER_ASSIGNMENT (  '', '', ( #8663 ) ) ;
#8663 = STYLED_ITEM ( 'NONE', ( #8664 ), #4492 ) ;
#8664 = PRESENTATION_STYLE_ASSIGNMENT (( #8665 ) ) ;
#8665 = SURFACE_STYLE_USAGE ( .BOTH. , #8666 ) ;
#8666 = SURFACE_SIDE_STYLE ('',( #8667 ) ) ;
#8667 = SURFACE_STYLE_FILL_AREA ( #8668 ) ;
#8668 = FILL_AREA_STYLE ('',( #8669 ) ) ;
#8669 = FILL_AREA_STYLE_COLOUR ( '', #8670 ) ;
#8670 = COLOUR_RGB ( '',0.2509803921568627400, 0.2509803921568627400, 0.2509803921568627400 ) ;
#8671 = FACE_OUTER_BOUND ( 'NONE', #4493, .T. ) ;
#8672 = CARTESIAN_POINT ( 'NONE',  ( -7.649999999999983500, 8.599999999999997900, -16.69999999999999200 ) ) ;
#8673 = LINE ( 'NONE', #8672, #8636 ) ;
#8674 = DIRECTION ( 'NONE',  ( 1.000000000000000000, -9.860761315262647600E-032, -2.465190328815661900E-032 ) ) ;
#8675 = VECTOR ( 'NONE', #8674, 1000.000000000000000 ) ;
#8676 = CARTESIAN_POINT ( 'NONE',  ( 11.85710678118655200, 3.592893218813451500, -16.69999999999999200 ) ) ;
#8677 = CARTESIAN_POINT ( 'NONE',  ( 12.15000000000000700, 2.885786437626904900, -2.999999999999999100 ) ) ;
#8678 = LINE ( 'NONE', #8677, #8679 ) ;
#8679 = VECTOR ( 'NONE', #8659, 1000.000000000000000 ) ;
#8680 = DIRECTION ( 'NONE',  ( 5.782411586589075600E-015, -1.000000000000000000, 1.545172470521774400E-031 ) ) ;
#8681 = DIRECTION ( 'NONE',  ( -1.000000000000000000, -5.782411586589075600E-015, 2.465190328815662400E-032 ) ) ;
#8682 = CARTESIAN_POINT ( 'NONE',  ( -7.649999999999996800, 9.200000000000027700, -16.69999999999999200 ) ) ;
#8683 = AXIS2_PLACEMENT_3D ( 'NONE', #8682, #8681, #8680 ) ;
#8684 = CARTESIAN_POINT ( 'NONE',  ( -4.249999999999996400, -9.599999999999997900, -6.299999999999996300 ) ) ;
#8685 = LINE ( 'NONE', #8684, #8675 ) ;
#8686 = DIRECTION ( 'NONE',  ( 0.7071067811865438000, -0.7071067811865512400, 1.232595164407831400E-031 ) ) ;
#8687 = VECTOR ( 'NONE', #8647, 1000.000000000000000 ) ;
#8688 = CARTESIAN_POINT ( 'NONE',  ( 4.250000000000010700, -9.599999999999997900, -6.299999999999996300 ) ) ;
#8689 = LINE ( 'NONE', #8688, #8704 ) ;
#8690 = CIRCLE ( 'NONE', #8706, 2.000000000000000000 ) ;
#8691 = DIRECTION ( 'NONE',  ( 1.000000000000000000, 8.545435842250266200E-017, 0.0000000000000000000 ) ) ;
#8692 = VECTOR ( 'NONE', #8691, 1000.000000000000000 ) ;
#8693 = CARTESIAN_POINT ( 'NONE',  ( 10.15000000000000600, -8.149999999999996800, -0.5000000000000004400 ) ) ;
#8694 = LINE ( 'NONE', #8693, #8692 ) ;
#8695 = CARTESIAN_POINT ( 'NONE',  ( 4.250000000000010700, -9.599999999999997900, -6.299999999999996300 ) ) ;
#8696 = VECTOR ( 'NONE', #8700, 1000.000000000000000 ) ;
#8697 = LINE ( 'NONE', #8730, #8701 ) ;
#8698 = DIRECTION ( 'NONE',  ( 2.465190328815662400E-032, 1.483603526480291300E-031, -1.000000000000000000 ) ) ;
#8699 = CARTESIAN_POINT ( 'NONE',  ( 4.250000000000010700, -9.599999999999997900, -6.299999999999996300 ) ) ;
#8700 = DIRECTION ( 'NONE',  ( 2.465190328815662400E-032, -5.256737805990322100E-016, -1.000000000000000000 ) ) ;
#8701 = VECTOR ( 'NONE', #8698, 1000.000000000000000 ) ;
#8702 = CARTESIAN_POINT ( 'NONE',  ( -12.15000000000000000, 2.885786437626901300, -16.69999999999999600 ) ) ;
#8703 = DIRECTION ( 'NONE',  ( -1.000000000000000000, 9.860761315262647600E-032, 2.465190328815661900E-032 ) ) ;
#8704 = VECTOR ( 'NONE', #8703, 1000.000000000000000 ) ;
#8705 = CARTESIAN_POINT ( 'NONE',  ( -10.14999999999999900, -6.149999999999999500, -0.5000000000000004400 ) ) ;
#8706 = AXIS2_PLACEMENT_3D ( 'NONE', #8705, #8713, #8712 ) ;
#8707 = LINE ( 'NONE', #8711, #8710 ) ;
#8708 = LINE ( 'NONE', #8695, #8696 ) ;
#8709 = DIRECTION ( 'NONE',  ( -2.465190328815662400E-032, -1.483603526480291300E-031, 1.000000000000000000 ) ) ;
#8710 = VECTOR ( 'NONE', #8709, 1000.000000000000000 ) ;
#8711 = CARTESIAN_POINT ( 'NONE',  ( -12.15000000000000000, 2.885786437626897800, -2.999999999999999100 ) ) ;
#8712 = DIRECTION ( 'NONE',  ( 1.000000000000000000, 0.0000000000000000000, 0.0000000000000000000 ) ) ;
#8713 = DIRECTION ( 'NONE',  ( -2.465190328815662400E-032, -1.483603526480291300E-031, 1.000000000000000000 ) ) ;
#8714 =( NAMED_UNIT ( * ) SI_UNIT ( $, .STERADIAN. ) SOLID_ANGLE_UNIT ( ) );
#8715 = DIRECTION ( 'NONE',  ( 1.919836738009939400E-016, -1.000000000000000000, 1.388406965217473800E-031 ) ) ;
#8716 = VECTOR ( 'NONE', #8715, 1000.000000000000000 ) ;
#8717 = CARTESIAN_POINT ( 'NONE',  ( -12.15000000000000000, -6.150000000000003000, -0.5000000000000004400 ) ) ;
#8718 = LINE ( 'NONE', #8717, #8716 ) ;
#8719 = CARTESIAN_POINT ( 'NONE',  ( -12.15000000000000000, 2.885786437626897800, -0.4999999999999970000 ) ) ;
#8720 = CARTESIAN_POINT ( 'NONE',  ( -10.14999999999999900, -8.149999999999996800, -0.5000000000000004400 ) ) ;
#8721 = DIRECTION ( 'NONE',  ( 1.919836738009937400E-016, 1.000000000000000000, -1.578800087743108600E-031 ) ) ;
#8722 = VECTOR ( 'NONE', #8721, 1000.000000000000000 ) ;
#8723 = CARTESIAN_POINT ( 'NONE',  ( 12.15000000000000700, 2.885786437626904900, -0.5000000000000004400 ) ) ;
#8724 = LINE ( 'NONE', #8723, #8722 ) ;
#8725 = CARTESIAN_POINT ( 'NONE',  ( 12.15000000000000000, -6.149999999999995900, -0.5000000000000038900 ) ) ;
#8726 = DIRECTION ( 'NONE',  ( 1.000000000000000000, -9.860761315262647600E-032, -2.465190328815661900E-032 ) ) ;
#8727 = VECTOR ( 'NONE', #8726, 1000.000000000000000 ) ;
#8728 = CARTESIAN_POINT ( 'NONE',  ( 6.885786437626953700, 8.149999999999996800, -16.69999999999999600 ) ) ;
#8729 = LINE ( 'NONE', #8728, #8727 ) ;
#8730 = CARTESIAN_POINT ( 'NONE',  ( -7.649999999999996800, 9.600000000000022700, -13.39999999999999500 ) ) ;
#8731 = LINE ( 'NONE', #8867, #8758 ) ;
#8732 = DIRECTION ( 'NONE',  ( -1.000000000000000000, 9.860761315262647600E-032, 2.465190328815661900E-032 ) ) ;
#8733 = STYLED_ITEM ( 'NONE', ( #8734 ), #4533 ) ;
#8734 = PRESENTATION_STYLE_ASSIGNMENT (( #8735 ) ) ;
#8735 = SURFACE_STYLE_USAGE ( .BOTH. , #8861 ) ;
#8736 =( GEOMETRIC_REPRESENTATION_CONTEXT ( 3 ) GLOBAL_UNCERTAINTY_ASSIGNED_CONTEXT ( ( #8766 ) ) GLOBAL_UNIT_ASSIGNED_CONTEXT ( ( #8756, #8863, #8767 ) ) REPRESENTATION_CONTEXT ( 'NONE', 'WORKASPACE' ) );
#8737 = DIRECTION ( 'NONE',  ( -2.465190328815663000E-032, -1.237084493598725400E-031, 1.000000000000000000 ) ) ;
#8738 = VECTOR ( 'NONE', #8737, 1000.000000000000000 ) ;
#8739 = CARTESIAN_POINT ( 'NONE',  ( -7.249999999999985800, -9.600000000000001400, -16.69999999999998900 ) ) ;
#8740 = DIRECTION ( 'NONE',  ( 1.919836738009937100E-016, 1.000000000000000000, -1.578800087743108400E-031 ) ) ;
#8741 = DIRECTION ( 'NONE',  ( 1.000000000000000000, -1.919836738009937100E-016, -2.917038411497410200E-062 ) ) ;
#8742 = CARTESIAN_POINT ( 'NONE',  ( 12.15000000000000700, 2.885786437626904900, -2.999999999999999100 ) ) ;
#8743 = AXIS2_PLACEMENT_3D ( 'NONE', #8742, #8741, #8740 ) ;
#8744 = LINE ( 'NONE', #8739, #8738 ) ;
#8745 = PLANE ( 'NONE',  #8743 ) ;
#8746 =( GEOMETRIC_REPRESENTATION_CONTEXT ( 3 ) GLOBAL_UNCERTAINTY_ASSIGNED_CONTEXT ( ( #8747 ) ) GLOBAL_UNIT_ASSIGNED_CONTEXT ( ( #8809, #8808, #8807 ) ) REPRESENTATION_CONTEXT ( 'NONE', 'WORKASPACE' ) );
#8747 = UNCERTAINTY_MEASURE_WITH_UNIT (LENGTH_MEASURE( 1.000000000000000100E-005 ), #8809, 'distance_accuracy_value', 'NONE');
#8748 = DIRECTION ( 'NONE',  ( 2.465190328815662400E-032, 1.483603526480291300E-031, -1.000000000000000000 ) ) ;
#8749 = CARTESIAN_POINT ( 'NONE',  ( 6.885786437626960000, 7.149999999999996800, -16.69999999999999600 ) ) ;
#8750 = AXIS2_PLACEMENT_3D ( 'NONE', #8749, #8748, #8879 ) ;
#8751 = CIRCLE ( 'NONE', #8750, 1.000000000000000000 ) ;
#8752 = FILL_AREA_STYLE_COLOUR ( '', #8877 ) ;
#8753 = DIRECTION ( 'NONE',  ( 1.000000000000000000, 0.0000000000000000000, 0.0000000000000000000 ) ) ;
#8754 = DIRECTION ( 'NONE',  ( -2.465190328815662400E-032, -1.483603526480291300E-031, 1.000000000000000000 ) ) ;
#8755 = AXIS2_PLACEMENT_3D ( 'NONE', #8864, #8754, #8753 ) ;
#8756 =( LENGTH_UNIT ( ) NAMED_UNIT ( * ) SI_UNIT ( .MILLI., .METRE. ) );
#8757 = MECHANICAL_DESIGN_GEOMETRIC_PRESENTATION_REPRESENTATION (  '', ( #8733 ), #8736 ) ;
#8758 = VECTOR ( 'NONE', #8732, 1000.000000000000000 ) ;
#8759 =( LENGTH_UNIT ( ) NAMED_UNIT ( * ) SI_UNIT ( .MILLI., .METRE. ) );
#8760 = MECHANICAL_DESIGN_GEOMETRIC_PRESENTATION_REPRESENTATION (  '', ( #8871 ), #8859 ) ;
#8761 = PRESENTATION_LAYER_ASSIGNMENT (  '', '', ( #8871 ) ) ;
#8762 = CIRCLE ( 'NONE', #8805, 2.000000000000000000 ) ;
#8763 = DIRECTION ( 'NONE',  ( 1.919836738009939400E-016, -1.000000000000000000, 1.388406965217474100E-031 ) ) ;
#8764 = DIRECTION ( 'NONE',  ( -1.000000000000000000, -1.919836738009939400E-016, 2.465190328815661900E-032 ) ) ;
#8765 = AXIS2_PLACEMENT_3D ( 'NONE', #8857, #8764, #8763 ) ;
#8766 = UNCERTAINTY_MEASURE_WITH_UNIT (LENGTH_MEASURE( 1.000000000000000100E-005 ), #8756, 'distance_accuracy_value', 'NONE');
#8767 =( NAMED_UNIT ( * ) SI_UNIT ( $, .STERADIAN. ) SOLID_ANGLE_UNIT ( ) );
#8768 =( LENGTH_UNIT ( ) NAMED_UNIT ( * ) SI_UNIT ( .MILLI., .METRE. ) );
#8769 = MECHANICAL_DESIGN_GEOMETRIC_PRESENTATION_REPRESENTATION (  '', ( #8771 ), #8831 ) ;
#8770 = PRESENTATION_LAYER_ASSIGNMENT (  '', '', ( #8771 ) ) ;
#8771 = STYLED_ITEM ( 'NONE', ( #8772 ), #4555 ) ;
#8772 = PRESENTATION_STYLE_ASSIGNMENT (( #8773 ) ) ;
#8773 = SURFACE_STYLE_USAGE ( .BOTH. , #8774 ) ;
#8774 = SURFACE_SIDE_STYLE ('',( #8775 ) ) ;
#8775 = SURFACE_STYLE_FILL_AREA ( #8776 ) ;
#8776 = FILL_AREA_STYLE ('',( #8777 ) ) ;
#8777 = FILL_AREA_STYLE_COLOUR ( '', #8778 ) ;
#8778 = COLOUR_RGB ( '',0.2509803921568627400, 0.2509803921568627400, 0.2509803921568627400 ) ;
#8779 = FACE_OUTER_BOUND ( 'NONE', #4497, .T. ) ;
#8780 = CARTESIAN_POINT ( 'NONE',  ( 3.650000000000007500, -9.600000000000001400, -6.299999999999996300 ) ) ;
#8781 =( LENGTH_UNIT ( ) NAMED_UNIT ( * ) SI_UNIT ( .MILLI., .METRE. ) );
#8782 = MECHANICAL_DESIGN_GEOMETRIC_PRESENTATION_REPRESENTATION (  '', ( #8784 ), #8827 ) ;
#8783 = PRESENTATION_LAYER_ASSIGNMENT (  '', '', ( #8784 ) ) ;
#8784 = STYLED_ITEM ( 'NONE', ( #8785 ), #4542 ) ;
#8785 = PRESENTATION_STYLE_ASSIGNMENT (( #8786 ) ) ;
#8786 = SURFACE_STYLE_USAGE ( .BOTH. , #8787 ) ;
#8787 = SURFACE_SIDE_STYLE ('',( #8788 ) ) ;
#8788 = SURFACE_STYLE_FILL_AREA ( #8789 ) ;
#8789 = FILL_AREA_STYLE ('',( #8801 ) ) ;
#8790 = COLOUR_RGB ( '',0.2509803921568627400, 0.2509803921568627400, 0.2509803921568627400 ) ;
#8791 = FACE_OUTER_BOUND ( 'NONE', #4545, .T. ) ;
#8792 = DIRECTION ( 'NONE',  ( 2.465190328815662400E-032, 1.483603526480291100E-031, -1.000000000000000000 ) ) ;
#8794 = DIRECTION ( 'NONE',  ( -1.000000000000000000, 9.860761315262647600E-032, -2.465190328815662400E-032 ) ) ;
#8793 = DIRECTION ( 'NONE',  ( -1.000000000000000000, 0.0000000000000000000, 0.0000000000000000000 ) ) ;
#8795 = CARTESIAN_POINT ( 'NONE',  ( -4.249999999999996400, 9.599999999999996100, -3.000000000000002700 ) ) ;
#8796 = DIRECTION ( 'NONE',  ( 2.465190328815662400E-032, 1.483603526480291300E-031, -1.000000000000000000 ) ) ;
#8797 = AXIS2_PLACEMENT_3D ( 'NONE', #8795, #8794, #8792 ) ;
#8798 = PLANE ( 'NONE',  #8797 ) ;
#8799 = AXIS2_PLACEMENT_3D ( 'NONE', #8806, #8796, #8793 ) ;
#8800 = CIRCLE ( 'NONE', #8799, 1.000000000000000900 ) ;
#8801 = FILL_AREA_STYLE_COLOUR ( '', #8790 ) ;
#8802 = DIRECTION ( 'NONE',  ( -1.000000000000000000, 0.0000000000000000000, 0.0000000000000000000 ) ) ;
#8803 = DIRECTION ( 'NONE',  ( 2.465190328815662400E-032, 1.483603526480291300E-031, -1.000000000000000000 ) ) ;
#8804 = CARTESIAN_POINT ( 'NONE',  ( -10.14999999999998600, -6.149999999999999500, -16.69999999999999200 ) ) ;
#8805 = AXIS2_PLACEMENT_3D ( 'NONE', #8804, #8803, #8802 ) ;
#8806 = CARTESIAN_POINT ( 'NONE',  ( 11.15000000000000000, 2.885786437626908500, -16.69999999999999200 ) ) ;
#8807 =( NAMED_UNIT ( * ) SI_UNIT ( $, .STERADIAN. ) SOLID_ANGLE_UNIT ( ) );
#8808 =( NAMED_UNIT ( * ) PLANE_ANGLE_UNIT ( ) SI_UNIT ( $, .RADIAN. ) );
#8809 =( LENGTH_UNIT ( ) NAMED_UNIT ( * ) SI_UNIT ( .MILLI., .METRE. ) );
#8810 = MECHANICAL_DESIGN_GEOMETRIC_PRESENTATION_REPRESENTATION (  '', ( #8812 ), #8746 ) ;
#8811 = PRESENTATION_LAYER_ASSIGNMENT (  '', '', ( #8812 ) ) ;
#8812 = STYLED_ITEM ( 'NONE', ( #8813 ), #4544 ) ;
#8813 = PRESENTATION_STYLE_ASSIGNMENT (( #8814 ) ) ;
#8814 = SURFACE_STYLE_USAGE ( .BOTH. , #8815 ) ;
#8815 = SURFACE_SIDE_STYLE ('',( #8816 ) ) ;
#8816 = SURFACE_STYLE_FILL_AREA ( #8817 ) ;
#8817 = FILL_AREA_STYLE ('',( #8818 ) ) ;
#8818 = FILL_AREA_STYLE_COLOUR ( '', #8819 ) ;
#8819 = COLOUR_RGB ( '',0.2509803921568627400, 0.2509803921568627400, 0.2509803921568627400 ) ;
#8820 = FACE_OUTER_BOUND ( 'NONE', #4467, .T. ) ;
#8821 = CARTESIAN_POINT ( 'NONE',  ( -10.14999999999998600, -8.150000000000000400, -16.69999999999999200 ) ) ;
#8822 = DIRECTION ( 'NONE',  ( 1.000000000000000000, 8.545435842250266200E-017, 0.0000000000000000000 ) ) ;
#8823 = DIRECTION ( 'NONE',  ( 8.545435842250266200E-017, -1.000000000000000000, 1.578020631721687900E-031 ) ) ;
#8824 = CARTESIAN_POINT ( 'NONE',  ( -10.14999999999998600, -8.149999999999996800, -2.999999999999999100 ) ) ;
#8825 = AXIS2_PLACEMENT_3D ( 'NONE', #8824, #8823, #8822 ) ;
#8826 = PLANE ( 'NONE',  #8825 ) ;
#8827 =( GEOMETRIC_REPRESENTATION_CONTEXT ( 3 ) GLOBAL_UNCERTAINTY_ASSIGNED_CONTEXT ( ( #8828 ) ) GLOBAL_UNIT_ASSIGNED_CONTEXT ( ( #8781, #8830, #8829 ) ) REPRESENTATION_CONTEXT ( 'NONE', 'WORKASPACE' ) );
#8828 = UNCERTAINTY_MEASURE_WITH_UNIT (LENGTH_MEASURE( 1.000000000000000100E-005 ), #8781, 'distance_accuracy_value', 'NONE');
#8829 =( NAMED_UNIT ( * ) SI_UNIT ( $, .STERADIAN. ) SOLID_ANGLE_UNIT ( ) );
#8830 =( NAMED_UNIT ( * ) PLANE_ANGLE_UNIT ( ) SI_UNIT ( $, .RADIAN. ) );
#8831 =( GEOMETRIC_REPRESENTATION_CONTEXT ( 3 ) GLOBAL_UNCERTAINTY_ASSIGNED_CONTEXT ( ( #8832 ) ) GLOBAL_UNIT_ASSIGNED_CONTEXT ( ( #8768, #8834, #8833 ) ) REPRESENTATION_CONTEXT ( 'NONE', 'WORKASPACE' ) );
#8832 = UNCERTAINTY_MEASURE_WITH_UNIT (LENGTH_MEASURE( 1.000000000000000100E-005 ), #8768, 'distance_accuracy_value', 'NONE');
#8833 =( NAMED_UNIT ( * ) SI_UNIT ( $, .STERADIAN. ) SOLID_ANGLE_UNIT ( ) );
#8834 =( NAMED_UNIT ( * ) PLANE_ANGLE_UNIT ( ) SI_UNIT ( $, .RADIAN. ) );
#8835 =( NAMED_UNIT ( * ) PLANE_ANGLE_UNIT ( ) SI_UNIT ( $, .RADIAN. ) );
#8836 =( LENGTH_UNIT ( ) NAMED_UNIT ( * ) SI_UNIT ( .MILLI., .METRE. ) );
#8837 = MECHANICAL_DESIGN_GEOMETRIC_PRESENTATION_REPRESENTATION (  '', ( #8839 ), #8884 ) ;
#8838 = PRESENTATION_LAYER_ASSIGNMENT (  '', '', ( #8839 ) ) ;
#8839 = STYLED_ITEM ( 'NONE', ( #8840 ), #4558 ) ;
#8840 = PRESENTATION_STYLE_ASSIGNMENT (( #8841 ) ) ;
#8841 = SURFACE_STYLE_USAGE ( .BOTH. , #8842 ) ;
#8842 = SURFACE_SIDE_STYLE ('',( #8843 ) ) ;
#8843 = SURFACE_STYLE_FILL_AREA ( #8844 ) ;
#8844 = FILL_AREA_STYLE ('',( #8851 ) ) ;
#8845 = COLOUR_RGB ( '',0.2509803921568627400, 0.2509803921568627400, 0.2509803921568627400 ) ;
#8846 = FACE_OUTER_BOUND ( 'NONE', #4499, .T. ) ;
#8847 = DIRECTION ( 'NONE',  ( 2.465190328815662400E-032, -5.256737805990322100E-016, -1.000000000000000000 ) ) ;
#8848 = VECTOR ( 'NONE', #8847, 1000.000000000000000 ) ;
#8849 = CARTESIAN_POINT ( 'NONE',  ( -3.649999999999993700, -9.599999999999994300, -6.299999999999996300 ) ) ;
#8850 = LINE ( 'NONE', #8849, #8848 ) ;
#8851 = FILL_AREA_STYLE_COLOUR ( '', #8845 ) ;
#8852 = DIRECTION ( 'NONE',  ( -2.465190328815662400E-032, -1.483603526480291100E-031, 1.000000000000000000 ) ) ;
#8853 = DIRECTION ( 'NONE',  ( -9.860761315262651900E-032, 1.000000000000000000, 1.483603526480291100E-031 ) ) ;
#8854 = CARTESIAN_POINT ( 'NONE',  ( 7.249999999999999100, -9.600000000000001400, -16.69999999999999200 ) ) ;
#8855 = AXIS2_PLACEMENT_3D ( 'NONE', #8854, #8853, #8852 ) ;
#8856 = PLANE ( 'NONE',  #8855 ) ;
#8857 = CARTESIAN_POINT ( 'NONE',  ( -12.15000000000000000, 2.885786437626897800, -2.999999999999999100 ) ) ;
#8858 = PLANE ( 'NONE',  #8765 ) ;
#8859 =( GEOMETRIC_REPRESENTATION_CONTEXT ( 3 ) GLOBAL_UNCERTAINTY_ASSIGNED_CONTEXT ( ( #8880 ) ) GLOBAL_UNIT_ASSIGNED_CONTEXT ( ( #8759, #8882, #8881 ) ) REPRESENTATION_CONTEXT ( 'NONE', 'WORKASPACE' ) );
#8860 = COLOUR_RGB ( '',0.2509803921568627400, 0.2509803921568627400, 0.2509803921568627400 ) ;
#8861 = SURFACE_SIDE_STYLE ('',( #8862 ) ) ;
#8862 = SURFACE_STYLE_FILL_AREA ( #8868 ) ;
#8863 =( NAMED_UNIT ( * ) PLANE_ANGLE_UNIT ( ) SI_UNIT ( $, .RADIAN. ) );
#8864 = CARTESIAN_POINT ( 'NONE',  ( 6.885786437626960000, 7.149999999999998600, -2.999999999999995600 ) ) ;
#8865 = CYLINDRICAL_SURFACE ( 'NONE', #8755, 0.9999999999999991100 ) ;
#8866 = PRESENTATION_LAYER_ASSIGNMENT (  '', '', ( #8733 ) ) ;
#8867 = CARTESIAN_POINT ( 'NONE',  ( -6.885786437626960000, 8.149999999999996800, -0.5000000000000004400 ) ) ;
#8868 = FILL_AREA_STYLE ('',( #8869 ) ) ;
#8869 = FILL_AREA_STYLE_COLOUR ( '', #8860 ) ;
#8870 = FACE_OUTER_BOUND ( 'NONE', #4489, .T. ) ;
#8871 = STYLED_ITEM ( 'NONE', ( #8872 ), #4536 ) ;
#8872 = PRESENTATION_STYLE_ASSIGNMENT (( #8873 ) ) ;
#8873 = SURFACE_STYLE_USAGE ( .BOTH. , #8874 ) ;
#8874 = SURFACE_SIDE_STYLE ('',( #8875 ) ) ;
#8875 = SURFACE_STYLE_FILL_AREA ( #8876 ) ;
#8876 = FILL_AREA_STYLE ('',( #8752 ) ) ;
#8877 = COLOUR_RGB ( '',0.2509803921568627400, 0.2509803921568627400, 0.2509803921568627400 ) ;
#8878 = FACE_OUTER_BOUND ( 'NONE', #4540, .T. ) ;
#8879 = DIRECTION ( 'NONE',  ( -1.000000000000000000, 0.0000000000000000000, 0.0000000000000000000 ) ) ;
#8880 = UNCERTAINTY_MEASURE_WITH_UNIT (LENGTH_MEASURE( 1.000000000000000100E-005 ), #8759, 'distance_accuracy_value', 'NONE');
#8881 =( NAMED_UNIT ( * ) SI_UNIT ( $, .STERADIAN. ) SOLID_ANGLE_UNIT ( ) );
#8882 =( NAMED_UNIT ( * ) PLANE_ANGLE_UNIT ( ) SI_UNIT ( $, .RADIAN. ) );
#8883 = UNCERTAINTY_MEASURE_WITH_UNIT (LENGTH_MEASURE( 1.000000000000000100E-005 ), #8836, 'distance_accuracy_value', 'NONE');
#8884 =( GEOMETRIC_REPRESENTATION_CONTEXT ( 3 ) GLOBAL_UNCERTAINTY_ASSIGNED_CONTEXT ( ( #8883 ) ) GLOBAL_UNIT_ASSIGNED_CONTEXT ( ( #8836, #8835, #8714 ) ) REPRESENTATION_CONTEXT ( 'NONE', 'WORKASPACE' ) );
#8885 = DIRECTION ( 'NONE',  ( 2.465190328815662400E-032, 1.483603526480291100E-031, -1.000000000000000000 ) ) ;
#8886 = DIRECTION ( 'NONE',  ( 1.000000000000000000, -9.860761315262649800E-032, 2.465190328815662400E-032 ) ) ;
#8887 = AXIS2_PLACEMENT_3D ( 'NONE', #8889, #8886, #8885 ) ;
#8888 = MECHANICAL_DESIGN_GEOMETRIC_PRESENTATION_REPRESENTATION (  '', ( #8895 ), #8912 ) ;
#8889 = CARTESIAN_POINT ( 'NONE',  ( -7.249999999999985800, -9.199999999999995700, -16.69999999999998900 ) ) ;
#8890 = PLANE ( 'NONE',  #8887 ) ;
#8891 = CARTESIAN_POINT ( 'NONE',  ( 3.650000000000007500, -9.600000000000001400, -6.299999999999996300 ) ) ;
#8892 = LINE ( 'NONE', #8891, #8904 ) ;
#8893 = FILL_AREA_STYLE_COLOUR ( '', #8901 ) ;
#8894 = PRESENTATION_LAYER_ASSIGNMENT (  '', '', ( #8895 ) ) ;
#8895 = STYLED_ITEM ( 'NONE', ( #8896 ), #4561 ) ;
#8896 = PRESENTATION_STYLE_ASSIGNMENT (( #8897 ) ) ;
#8897 = SURFACE_STYLE_USAGE ( .BOTH. , #8898 ) ;
#8898 = SURFACE_SIDE_STYLE ('',( #8899 ) ) ;
#8899 = SURFACE_STYLE_FILL_AREA ( #8900 ) ;
#8900 = FILL_AREA_STYLE ('',( #8893 ) ) ;
#8901 = COLOUR_RGB ( '',0.2509803921568627400, 0.2509803921568627400, 0.2509803921568627400 ) ;
#8902 = FACE_OUTER_BOUND ( 'NONE', #4579, .T. ) ;
#8903 = DIRECTION ( 'NONE',  ( 2.465190328815662400E-032, -5.256737805990322100E-016, -1.000000000000000000 ) ) ;
#8904 = VECTOR ( 'NONE', #8903, 1000.000000000000000 ) ;
#8905 =( LENGTH_UNIT ( ) NAMED_UNIT ( * ) SI_UNIT ( .MILLI., .METRE. ) );
#8906 = UNCERTAINTY_MEASURE_WITH_UNIT (LENGTH_MEASURE( 1.000000000000000100E-005 ), #8905, 'distance_accuracy_value', 'NONE');
#8907 =( NAMED_UNIT ( * ) SI_UNIT ( $, .STERADIAN. ) SOLID_ANGLE_UNIT ( ) );
#8908 =( NAMED_UNIT ( * ) PLANE_ANGLE_UNIT ( ) SI_UNIT ( $, .RADIAN. ) );
#8909 = AXIS2_PLACEMENT_3D ( 'NONE', #8911, #8914, #8913 ) ;
#8910 = CYLINDRICAL_SURFACE ( 'NONE', #8909, 1.000000000000000900 ) ;
#8911 = CARTESIAN_POINT ( 'NONE',  ( 11.15000000000000700, 2.885786437626908500, -2.999999999999995600 ) ) ;
#8912 =( GEOMETRIC_REPRESENTATION_CONTEXT ( 3 ) GLOBAL_UNCERTAINTY_ASSIGNED_CONTEXT ( ( #8906 ) ) GLOBAL_UNIT_ASSIGNED_CONTEXT ( ( #8905, #8908, #8907 ) ) REPRESENTATION_CONTEXT ( 'NONE', 'WORKASPACE' ) );
#8913 = DIRECTION ( 'NONE',  ( 1.000000000000000000, 0.0000000000000000000, 0.0000000000000000000 ) ) ;
#8914 = DIRECTION ( 'NONE',  ( -2.465190328815662400E-032, -1.483603526480291300E-031, 1.000000000000000000 ) ) ;
#8915 = DIRECTION ( 'NONE',  ( 1.000000000000000000, 2.611364411701354400E-015, 0.0000000000000000000 ) ) ;
#8916 = VECTOR ( 'NONE', #8915, 1000.000000000000000 ) ;
#8917 = CARTESIAN_POINT ( 'NONE',  ( 7.749999999999992900, 9.600000000000012100, -13.21272266173450100 ) ) ;
#8918 = PRESENTATION_LAYER_ASSIGNMENT (  '', '', ( #8922 ) ) ;
#8919 = FILL_AREA_STYLE_COLOUR ( '', #8926 ) ;
#8920 =( LENGTH_UNIT ( ) NAMED_UNIT ( * ) SI_UNIT ( .MILLI., .METRE. ) );
#8921 = MECHANICAL_DESIGN_GEOMETRIC_PRESENTATION_REPRESENTATION (  '', ( #8922 ), #8992 ) ;
#8922 = STYLED_ITEM ( 'NONE', ( #8923 ), #1716 ) ;
#8923 = PRESENTATION_STYLE_ASSIGNMENT (( #8933 ) ) ;
#8924 = UNCERTAINTY_MEASURE_WITH_UNIT (LENGTH_MEASURE( 1.000000000000000100E-005 ), #8920, 'distance_accuracy_value', 'NONE');
#8925 =( NAMED_UNIT ( * ) SI_UNIT ( $, .STERADIAN. ) SOLID_ANGLE_UNIT ( ) );
#8926 = COLOUR_RGB ( '',0.2509803921568627400, 0.2509803921568627400, 0.2509803921568627400 ) ;
#8927 = SURFACE_STYLE_FILL_AREA ( #8935 ) ;
#8928 = SURFACE_SIDE_STYLE ('',( #8927 ) ) ;
#8929 = CARTESIAN_POINT ( 'NONE',  ( 11.24999999999998900, 11.39943685299133600, -3.999999999999998200 ) ) ;
#8930 = VECTOR ( 'NONE', #8937, 1000.000000000000000 ) ;
#8931 = CARTESIAN_POINT ( 'NONE',  ( -11.24999999999997500, 9.600000000000019200, -13.21272266173450100 ) ) ;
#8932 = LINE ( 'NONE', #8938, #8930 ) ;
#8933 = SURFACE_STYLE_USAGE ( .BOTH. , #8928 ) ;
#8934 =( NAMED_UNIT ( * ) PLANE_ANGLE_UNIT ( ) SI_UNIT ( $, .RADIAN. ) );
#8935 = FILL_AREA_STYLE ('',( #8919 ) ) ;
#8936 = FACE_OUTER_BOUND ( 'NONE', #1650, .T. ) ;
#8937 = DIRECTION ( 'NONE',  ( 2.465190328815662400E-032, 1.483603526480291300E-031, -1.000000000000000000 ) ) ;
#8938 = CARTESIAN_POINT ( 'NONE',  ( -11.24999999999997500, 9.600000000000021000, -13.39999999999999300 ) ) ;
#8939 =( LENGTH_UNIT ( ) NAMED_UNIT ( * ) SI_UNIT ( .MILLI., .METRE. ) );
#8940 = MECHANICAL_DESIGN_GEOMETRIC_PRESENTATION_REPRESENTATION (  '', ( #8964 ), #8954 ) ;
#8941 = PRESENTATION_LAYER_ASSIGNMENT (  '', '', ( #8964 ) ) ;
#8942 =( NAMED_UNIT ( * ) PLANE_ANGLE_UNIT ( ) SI_UNIT ( $, .RADIAN. ) );
#8943 = DIRECTION ( 'NONE',  ( -2.465190328815662400E-032, -1.483603526480291100E-031, 1.000000000000000000 ) ) ;
#8944 = DIRECTION ( 'NONE',  ( -9.860761315262649800E-032, 1.000000000000000000, 1.483603526480291100E-031 ) ) ;
#8945 = AXIS2_PLACEMENT_3D ( 'NONE', #8955, #8944, #8943 ) ;
#8946 = MECHANICAL_DESIGN_GEOMETRIC_PRESENTATION_REPRESENTATION (  '', ( #8948 ), #8949 ) ;
#8947 = PRESENTATION_LAYER_ASSIGNMENT (  '', '', ( #8948 ) ) ;
#8948 = STYLED_ITEM ( 'NONE', ( #8976 ), #1717 ) ;
#8949 =( GEOMETRIC_REPRESENTATION_CONTEXT ( 3 ) GLOBAL_UNCERTAINTY_ASSIGNED_CONTEXT ( ( #8950 ) ) GLOBAL_UNIT_ASSIGNED_CONTEXT ( ( #9000, #8942, #8975 ) ) REPRESENTATION_CONTEXT ( 'NONE', 'WORKASPACE' ) );
#8950 = UNCERTAINTY_MEASURE_WITH_UNIT (LENGTH_MEASURE( 1.000000000000000100E-005 ), #9000, 'distance_accuracy_value', 'NONE');
#8951 = VECTOR ( 'NONE', #9312, 1000.000000000000100 ) ;
#8952 = CARTESIAN_POINT ( 'NONE',  ( 7.750000000000048800, -11.52001398958529100, -4.449999999999997500 ) ) ;
#8953 = PLANE ( 'NONE',  #9024 ) ;
#8954 =( GEOMETRIC_REPRESENTATION_CONTEXT ( 3 ) GLOBAL_UNCERTAINTY_ASSIGNED_CONTEXT ( ( #8989 ) ) GLOBAL_UNIT_ASSIGNED_CONTEXT ( ( #8939, #8991, #8990 ) ) REPRESENTATION_CONTEXT ( 'NONE', 'WORKASPACE' ) );
#8955 = CARTESIAN_POINT ( 'NONE',  ( 7.650000000000003900, 9.600000000000021000, -13.39999999999999300 ) ) ;
#8956 = PLANE ( 'NONE',  #8945 ) ;
#8957 = LINE ( 'NONE', #8983, #8982 ) ;
#8958 = DIRECTION ( 'NONE',  ( 1.000000000000000000, 2.611364411701354400E-015, 0.0000000000000000000 ) ) ;
#8959 = VECTOR ( 'NONE', #8958, 1000.000000000000000 ) ;
#8960 = CARTESIAN_POINT ( 'NONE',  ( 7.750000000000048800, -11.43075268000953700, -5.349999999999997000 ) ) ;
#8961 = LINE ( 'NONE', #8960, #8959 ) ;
#8962 = DIRECTION ( 'NONE',  ( -2.602085213965191300E-015, -1.000000000000000000, 1.431245598373658000E-031 ) ) ;
#8963 = DIRECTION ( 'NONE',  ( -1.000000000000000000, 2.602085213965191300E-015, 2.465190328815661900E-032 ) ) ;
#8964 = STYLED_ITEM ( 'NONE', ( #8965 ), #1735 ) ;
#8965 = PRESENTATION_STYLE_ASSIGNMENT (( #8966 ) ) ;
#8966 = SURFACE_STYLE_USAGE ( .BOTH. , #8967 ) ;
#8967 = SURFACE_SIDE_STYLE ('',( #8968 ) ) ;
#8968 = SURFACE_STYLE_FILL_AREA ( #8969 ) ;
#8969 = FILL_AREA_STYLE ('',( #8980 ) ) ;
#8970 = COLOUR_RGB ( '',0.2509803921568627400, 0.2509803921568627400, 0.2509803921568627400 ) ;
#8971 = FACE_OUTER_BOUND ( 'NONE', #1842, .T. ) ;
#8972 = DIRECTION ( 'NONE',  ( 1.000000000000000000, 2.611364411701354400E-015, 0.0000000000000000000 ) ) ;
#8973 = VECTOR ( 'NONE', #8972, 1000.000000000000000 ) ;
#8974 = CARTESIAN_POINT ( 'NONE',  ( 7.750000000000048800, -11.67190695319753700, -6.249999999999996400 ) ) ;
#8975 =( NAMED_UNIT ( * ) SI_UNIT ( $, .STERADIAN. ) SOLID_ANGLE_UNIT ( ) );
#8976 = PRESENTATION_STYLE_ASSIGNMENT (( #8977 ) ) ;
#8977 = SURFACE_STYLE_USAGE ( .BOTH. , #8978 ) ;
#8978 = SURFACE_SIDE_STYLE ('',( #8986 ) ) ;
#8979 = LINE ( 'NONE', #8974, #8973 ) ;
#8980 = FILL_AREA_STYLE_COLOUR ( '', #8970 ) ;
#8981 = DIRECTION ( 'NONE',  ( 1.000000000000000000, 2.611364411701354400E-015, 0.0000000000000000000 ) ) ;
#8982 = VECTOR ( 'NONE', #8981, 1000.000000000000000 ) ;
#8983 = CARTESIAN_POINT ( 'NONE',  ( 7.750000000000048800, -11.76116826277328500, -5.349999999999997000 ) ) ;
#8984 = COLOUR_RGB ( '',0.2509803921568627400, 0.2509803921568627400, 0.2509803921568627400 ) ;
#8985 = FACE_OUTER_BOUND ( 'NONE', #1696, .T. ) ;
#8986 = SURFACE_STYLE_FILL_AREA ( #8987 ) ;
#8987 = FILL_AREA_STYLE ('',( #8988 ) ) ;
#8988 = FILL_AREA_STYLE_COLOUR ( '', #8984 ) ;
#8989 = UNCERTAINTY_MEASURE_WITH_UNIT (LENGTH_MEASURE( 1.000000000000000100E-005 ), #8939, 'distance_accuracy_value', 'NONE');
#8990 =( NAMED_UNIT ( * ) SI_UNIT ( $, .STERADIAN. ) SOLID_ANGLE_UNIT ( ) );
#8991 =( NAMED_UNIT ( * ) PLANE_ANGLE_UNIT ( ) SI_UNIT ( $, .RADIAN. ) );
#8992 =( GEOMETRIC_REPRESENTATION_CONTEXT ( 3 ) GLOBAL_UNCERTAINTY_ASSIGNED_CONTEXT ( ( #8924 ) ) GLOBAL_UNIT_ASSIGNED_CONTEXT ( ( #8920, #8934, #8925 ) ) REPRESENTATION_CONTEXT ( 'NONE', 'WORKASPACE' ) );
#8993 = DIRECTION ( 'NONE',  ( 1.178532910594544900E-015, -0.4138029443011858600, -0.9103664774626038000 ) ) ;
#8994 = VECTOR ( 'NONE', #8993, 1000.000000000000200 ) ;
#8995 = CARTESIAN_POINT ( 'NONE',  ( 11.24999999999998900, 11.00000000000002300, -6.699999999999999300 ) ) ;
#8996 = LINE ( 'NONE', #8995, #8994 ) ;
#8997 = CARTESIAN_POINT ( 'NONE',  ( -11.24999999999997500, 9.600000000000021000, -13.39999999999999300 ) ) ;
#8998 = AXIS2_PLACEMENT_3D ( 'NONE', #8997, #8963, #8962 ) ;
#8999 = PLANE ( 'NONE',  #8998 ) ;
#9000 =( LENGTH_UNIT ( ) NAMED_UNIT ( * ) SI_UNIT ( .MILLI., .METRE. ) );
#9001 = CARTESIAN_POINT ( 'NONE',  ( 11.24999999999998900, 11.18959840682158800, -4.449999999999997500 ) ) ;
#9002 = DIRECTION ( 'NONE',  ( 9.860761315262649800E-032, -1.000000000000000000, 2.820542642494453700E-015 ) ) ;
#9003 = CARTESIAN_POINT ( 'NONE',  ( -11.24999999999997500, 12.10000000000002600, -6.699999999999999300 ) ) ;
#9004 = DIRECTION ( 'NONE',  ( 2.465190328815661900E-032, -1.483603526480291100E-031, 1.000000000000000000 ) ) ;
#9005 = CARTESIAN_POINT ( 'NONE',  ( -11.24999999999997500, 11.52001398958533700, -4.449999999999997500 ) ) ;
#9006 = LINE ( 'NONE', #9003, #9012 ) ;
#9007 = DIRECTION ( 'NONE',  ( -6.416096658305761100E-016, 0.05233595624294379300, 0.9986295347545739400 ) ) ;
#9008 = VECTOR ( 'NONE', #9007, 1000.000000000000100 ) ;
#9009 = CARTESIAN_POINT ( 'NONE',  ( 7.750000000000048800, -10.99999999999997500, -6.699999999999999300 ) ) ;
#9010 = LINE ( 'NONE', #9009, #9008 ) ;
#9011 = CARTESIAN_POINT ( 'NONE',  ( -11.24999999999997500, 12.10000000000002600, -6.699999999999999300 ) ) ;
#9012 = VECTOR ( 'NONE', #9002, 1000.000000000000000 ) ;
#9013 = DIRECTION ( 'NONE',  ( 1.000000000000000000, -9.860761315262647600E-032, -2.465190328815661900E-032 ) ) ;
#9014 = LINE ( 'NONE', #8952, #8951 ) ;
#9015 = DIRECTION ( 'NONE',  ( 1.000000000000000000, 2.611364411701354400E-015, 0.0000000000000000000 ) ) ;
#9016 = VECTOR ( 'NONE', #9015, 1000.000000000000000 ) ;
#9017 = CARTESIAN_POINT ( 'NONE',  ( 7.750000000000041700, -9.399999999999980800, -13.73374047467324900 ) ) ;
#9018 = LINE ( 'NONE', #9017, #9016 ) ;
#9019 = DIRECTION ( 'NONE',  ( 9.860761315262649800E-032, -1.000000000000000000, 1.483603526480291300E-031 ) ) ;
#9020 = VECTOR ( 'NONE', #9019, 1000.000000000000000 ) ;
#9021 = CARTESIAN_POINT ( 'NONE',  ( 7.750000000000048800, -11.52001398958529100, -4.449999999999997500 ) ) ;
#9022 = LINE ( 'NONE', #9021, #9020 ) ;
#9023 = CARTESIAN_POINT ( 'NONE',  ( 7.750000000000048800, -11.88174539936728100, -5.799999999999998000 ) ) ;
#9024 = AXIS2_PLACEMENT_3D ( 'NONE', #9023, #9004, #9013 ) ;
#9025 = STYLED_ITEM ( 'NONE', ( #9230 ), #1860 ) ;
#9026 = LINE ( 'NONE', #9075, #9074 ) ;
#9027 = DIRECTION ( 'NONE',  ( 2.465190328815663000E-032, 0.4226182617406961700, -0.9063077870366514900 ) ) ;
#9028 = VECTOR ( 'NONE', #9027, 1000.000000000000100 ) ;
#9029 = LINE ( 'NONE', #9030, #9036 ) ;
#9030 = CARTESIAN_POINT ( 'NONE',  ( -11.24999999999997500, 11.64059112617933200, -4.899999999999996800 ) ) ;
#9031 = CARTESIAN_POINT ( 'NONE',  ( 11.25000000000004400, -10.99999999999996800, -6.699999999999999300 ) ) ;
#9032 = DIRECTION ( 'NONE',  ( 1.076750522861380800E-015, -0.4138029443011834200, 0.9103664774626050200 ) ) ;
#9033 = VECTOR ( 'NONE', #9032, 999.9999999999998900 ) ;
#9034 = CARTESIAN_POINT ( 'NONE',  ( 11.25000000000004400, -10.99999999999996800, -6.699999999999999300 ) ) ;
#9035 = DIRECTION ( 'NONE',  ( 3.493763099184597100E-015, 0.4226182617406961700, 0.9063077870366514900 ) ) ;
#9036 = VECTOR ( 'NONE', #9035, 1000.000000000000100 ) ;
#9037 = CARTESIAN_POINT ( 'NONE',  ( 11.25000000000004400, -11.76116826277327500, -5.349999999999997000 ) ) ;
#9038 = LINE ( 'NONE', #9037, #9053 ) ;
#9039 = CARTESIAN_POINT ( 'NONE',  ( 11.25000000000005200, -12.09999999999996400, -6.699999999999999300 ) ) ;
#9040 = LINE ( 'NONE', #9067, #9066 ) ;
#9041 = DIRECTION ( 'NONE',  ( 2.465190328815662400E-032, 1.483603526480291300E-031, -1.000000000000000000 ) ) ;
#9042 = VECTOR ( 'NONE', #9041, 1000.000000000000000 ) ;
#9043 = CARTESIAN_POINT ( 'NONE',  ( 7.750000000000041700, -9.399999999999980800, -13.73374047467324900 ) ) ;
#9044 = LINE ( 'NONE', #9043, #9042 ) ;
#9045 = DIRECTION ( 'NONE',  ( 5.250126103214604900E-015, -1.000000000000000000, 1.506521953916711300E-031 ) ) ;
#9046 = VECTOR ( 'NONE', #9045, 1000.000000000000000 ) ;
#9047 = CARTESIAN_POINT ( 'NONE',  ( 11.25000000000004400, -11.76116826277327500, -5.349999999999997000 ) ) ;
#9048 = LINE ( 'NONE', #9047, #9046 ) ;
#9049 = CARTESIAN_POINT ( 'NONE',  ( 11.25000000000004400, -11.76116826277327500, -5.349999999999997000 ) ) ;
#9050 = CARTESIAN_POINT ( 'NONE',  ( -11.24999999999997500, 11.43075268000959000, -5.349999999999997000 ) ) ;
#9051 = CARTESIAN_POINT ( 'NONE',  ( 11.25000000000004400, -11.55132981660352700, -5.799999999999998000 ) ) ;
#9052 = DIRECTION ( 'NONE',  ( -3.493763099184596700E-015, 0.4226182617406961700, -0.9063077870366514900 ) ) ;
#9053 = VECTOR ( 'NONE', #9052, 1000.000000000000100 ) ;
#9054 = LINE ( 'NONE', #9034, #9033 ) ;
#9055 = DIRECTION ( 'NONE',  ( 5.250126103214604900E-015, -1.000000000000000000, 1.506521953916711300E-031 ) ) ;
#9056 = VECTOR ( 'NONE', #9055, 1000.000000000000000 ) ;
#9057 = CARTESIAN_POINT ( 'NONE',  ( 11.25000000000004400, -11.64059112617927700, -4.899999999999996800 ) ) ;
#9058 = LINE ( 'NONE', #9057, #9056 ) ;
#9059 = DIRECTION ( 'NONE',  ( 9.860761315262649800E-032, -1.000000000000000000, -2.820542642494452900E-015 ) ) ;
#9060 = VECTOR ( 'NONE', #9059, 1000.000000000000000 ) ;
#9061 = CARTESIAN_POINT ( 'NONE',  ( 7.750000000000048800, -12.09999999999997800, -6.699999999999999300 ) ) ;
#9062 = LINE ( 'NONE', #9061, #9060 ) ;
#9063 = PRESENTATION_LAYER_ASSIGNMENT (  '', '', ( #9025 ) ) ;
#9064 = CARTESIAN_POINT ( 'NONE',  ( 7.750000000000048800, -12.09999999999997800, -6.699999999999999300 ) ) ;
#9065 = DIRECTION ( 'NONE',  ( -9.209915483168969400E-016, 0.3583679495453007100, -0.9335804264972015200 ) ) ;
#9066 = VECTOR ( 'NONE', #9065, 1000.000000000000200 ) ;
#9067 = CARTESIAN_POINT ( 'NONE',  ( 7.750000000000048800, -12.09999999999997800, -6.699999999999999300 ) ) ;
#9068 = DIRECTION ( 'NONE',  ( -3.493763099184596700E-015, 0.4226182617406961700, -0.9063077870366514900 ) ) ;
#9069 = VECTOR ( 'NONE', #9068, 1000.000000000000100 ) ;
#9070 = CARTESIAN_POINT ( 'NONE',  ( 11.25000000000004400, -11.64059112617927700, -4.899999999999996800 ) ) ;
#9071 = LINE ( 'NONE', #9070, #9069 ) ;
#9072 = CARTESIAN_POINT ( 'NONE',  ( 7.750000000000048800, -11.55132981660353800, -5.799999999999998000 ) ) ;
#9073 = DIRECTION ( 'NONE',  ( 5.250126103214604900E-015, -1.000000000000000000, 1.506521953916711300E-031 ) ) ;
#9074 = VECTOR ( 'NONE', #9073, 1000.000000000000000 ) ;
#9075 = CARTESIAN_POINT ( 'NONE',  ( 7.750000000000048800, -11.88174539936728100, -5.799999999999998000 ) ) ;
#9076 = CARTESIAN_POINT ( 'NONE',  ( 7.750000000000048800, -11.88174539936728100, -5.799999999999998000 ) ) ;
#9077 = LINE ( 'NONE', #9076, #9028 ) ;
#9078 =( NAMED_UNIT ( * ) SI_UNIT ( $, .STERADIAN. ) SOLID_ANGLE_UNIT ( ) );
#9079 =( NAMED_UNIT ( * ) PLANE_ANGLE_UNIT ( ) SI_UNIT ( $, .RADIAN. ) );
#9080 = CARTESIAN_POINT ( 'NONE',  ( 7.750000000000048800, -11.43075268000953700, -5.349999999999997000 ) ) ;
#9081 = DIRECTION ( 'NONE',  ( 5.250126103214604900E-015, -1.000000000000000000, 1.506521953916711300E-031 ) ) ;
#9082 = VECTOR ( 'NONE', #9081, 1000.000000000000000 ) ;
#9083 = CARTESIAN_POINT ( 'NONE',  ( 7.750000000000048800, -11.76116826277328500, -5.349999999999997000 ) ) ;
#9084 = LINE ( 'NONE', #9083, #9082 ) ;
#9085 = CARTESIAN_POINT ( 'NONE',  ( -11.24999999999997500, 12.00232253596133200, -6.249999999999998200 ) ) ;
#9086 =( NAMED_UNIT ( * ) PLANE_ANGLE_UNIT ( ) SI_UNIT ( $, .RADIAN. ) );
#9087 =( LENGTH_UNIT ( ) NAMED_UNIT ( * ) SI_UNIT ( .MILLI., .METRE. ) );
#9088 = MECHANICAL_DESIGN_GEOMETRIC_PRESENTATION_REPRESENTATION (  '', ( #9093 ), #9129 ) ;
#9089 = DIRECTION ( 'NONE',  ( -9.860761315262651900E-032, 0.4226182617406961700, 0.9063077870366514900 ) ) ;
#9090 = VECTOR ( 'NONE', #9089, 1000.000000000000100 ) ;
#9091 = CARTESIAN_POINT ( 'NONE',  ( -11.24999999999997500, 12.00232253596133200, -6.249999999999998200 ) ) ;
#9092 = PRESENTATION_LAYER_ASSIGNMENT (  '', '', ( #9093 ) ) ;
#9093 = STYLED_ITEM ( 'NONE', ( #9094 ), #1841 ) ;
#9094 = PRESENTATION_STYLE_ASSIGNMENT (( #9095 ) ) ;
#9095 = SURFACE_STYLE_USAGE ( .BOTH. , #9096 ) ;
#9096 = SURFACE_SIDE_STYLE ('',( #9097 ) ) ;
#9097 = SURFACE_STYLE_FILL_AREA ( #9098 ) ;
#9098 = FILL_AREA_STYLE ('',( #9105 ) ) ;
#9099 = COLOUR_RGB ( '',0.2509803921568627400, 0.2509803921568627400, 0.2509803921568627400 ) ;
#9100 = FACE_OUTER_BOUND ( 'NONE', #1878, .T. ) ;
#9101 = DIRECTION ( 'NONE',  ( 9.860761315262649800E-032, -1.000000000000000000, 1.483603526480291300E-031 ) ) ;
#9102 = VECTOR ( 'NONE', #9101, 1000.000000000000000 ) ;
#9103 = CARTESIAN_POINT ( 'NONE',  ( -11.24999999999997500, 11.52001398958533700, -4.449999999999997500 ) ) ;
#9104 = LINE ( 'NONE', #9103, #9102 ) ;
#9105 = FILL_AREA_STYLE_COLOUR ( '', #9099 ) ;
#9106 = PRESENTATION_LAYER_ASSIGNMENT (  '', '', ( #9107 ) ) ;
#9107 = STYLED_ITEM ( 'NONE', ( #9108 ), #1808 ) ;
#9108 = PRESENTATION_STYLE_ASSIGNMENT (( #9109 ) ) ;
#9109 = SURFACE_STYLE_USAGE ( .BOTH. , #9110 ) ;
#9110 = SURFACE_SIDE_STYLE ('',( #9111 ) ) ;
#9111 = SURFACE_STYLE_FILL_AREA ( #9112 ) ;
#9112 = FILL_AREA_STYLE ('',( #9113 ) ) ;
#9113 = FILL_AREA_STYLE_COLOUR ( '', #9211 ) ;
#9114 = DIRECTION ( 'NONE',  ( 2.465190328815663000E-032, 0.4226182617406961700, -0.9063077870366514900 ) ) ;
#9115 = CARTESIAN_POINT ( 'NONE',  ( 11.25000000000004400, -12.00232253596127100, -6.249999999999998200 ) ) ;
#9116 = DIRECTION ( 'NONE',  ( 0.0000000000000000000, -1.000000000000000000, -5.250126103214574900E-015 ) ) ;
#9117 = VECTOR ( 'NONE', #9116, 1000.000000000000000 ) ;
#9118 = CARTESIAN_POINT ( 'NONE',  ( 11.25000000000004400, -12.00232253596127100, -6.249999999999998200 ) ) ;
#9119 = LINE ( 'NONE', #9118, #9117 ) ;
#9120 = CARTESIAN_POINT ( 'NONE',  ( 7.750000000000048800, -10.99999999999997500, -6.699999999999999300 ) ) ;
#9121 = PLANE ( 'NONE',  #9178 ) ;
#9122 =( GEOMETRIC_REPRESENTATION_CONTEXT ( 3 ) GLOBAL_UNCERTAINTY_ASSIGNED_CONTEXT ( ( #9170 ) ) GLOBAL_UNIT_ASSIGNED_CONTEXT ( ( #9247, #9246, #9171 ) ) REPRESENTATION_CONTEXT ( 'NONE', 'WORKASPACE' ) );
#9123 = DIRECTION ( 'NONE',  ( -2.465190328815662400E-032, 0.4226182617406961700, -0.9063077870366514900 ) ) ;
#9124 = DIRECTION ( 'NONE',  ( 2.366699901115322700E-015, -0.9063077870366514900, -0.4226182617406961700 ) ) ;
#9125 = CARTESIAN_POINT ( 'NONE',  ( 7.750000000000048800, -11.88174539936728100, -5.799999999999998000 ) ) ;
#9126 = AXIS2_PLACEMENT_3D ( 'NONE', #9125, #9124, #9123 ) ;
#9127 = LINE ( 'NONE', #9168, #9167 ) ;
#9128 = PLANE ( 'NONE',  #9126 ) ;
#9129 =( GEOMETRIC_REPRESENTATION_CONTEXT ( 3 ) GLOBAL_UNCERTAINTY_ASSIGNED_CONTEXT ( ( #9218 ) ) GLOBAL_UNIT_ASSIGNED_CONTEXT ( ( #9087, #9086, #9219 ) ) REPRESENTATION_CONTEXT ( 'NONE', 'WORKASPACE' ) );
#9130 = FACE_OUTER_BOUND ( 'NONE', #1809, .T. ) ;
#9131 = VECTOR ( 'NONE', #9114, 1000.000000000000100 ) ;
#9132 = DIRECTION ( 'NONE',  ( 9.860761315262649800E-032, -1.000000000000000000, 5.250126103214574900E-015 ) ) ;
#9133 =( LENGTH_UNIT ( ) NAMED_UNIT ( * ) SI_UNIT ( .MILLI., .METRE. ) );
#9134 = MECHANICAL_DESIGN_GEOMETRIC_PRESENTATION_REPRESENTATION (  '', ( #9107 ), #9217 ) ;
#9135 = CARTESIAN_POINT ( 'NONE',  ( 7.750000000000041700, -10.85849899593576500, -3.999999999999998200 ) ) ;
#9136 = DIRECTION ( 'NONE',  ( 3.206881258818513900E-015, -1.000000000000000000, 1.445548967516099300E-031 ) ) ;
#9137 = VECTOR ( 'NONE', #9136, 1000.000000000000000 ) ;
#9138 =( LENGTH_UNIT ( ) NAMED_UNIT ( * ) SI_UNIT ( .MILLI., .METRE. ) );
#9139 = MECHANICAL_DESIGN_GEOMETRIC_PRESENTATION_REPRESENTATION (  '', ( #9141 ), #9245 ) ;
#9140 = PRESENTATION_LAYER_ASSIGNMENT (  '', '', ( #9141 ) ) ;
#9141 = STYLED_ITEM ( 'NONE', ( #9142 ), #1854 ) ;
#9142 = PRESENTATION_STYLE_ASSIGNMENT (( #9143 ) ) ;
#9143 = SURFACE_STYLE_USAGE ( .BOTH. , #9144 ) ;
#9144 = SURFACE_SIDE_STYLE ('',( #9145 ) ) ;
#9145 = SURFACE_STYLE_FILL_AREA ( #9146 ) ;
#9146 = FILL_AREA_STYLE ('',( #9160 ) ) ;
#9147 = COLOUR_RGB ( '',0.2509803921568627400, 0.2509803921568627400, 0.2509803921568627400 ) ;
#9148 = FACE_OUTER_BOUND ( 'NONE', #1864, .T. ) ;
#9149 = DIRECTION ( 'NONE',  ( 9.946708721822467200E-016, 0.3583679495453008800, 0.9335804264972015200 ) ) ;
#9150 = VECTOR ( 'NONE', #9149, 1000.000000000000100 ) ;
#9151 = CARTESIAN_POINT ( 'NONE',  ( -11.24999999999997500, 12.10000000000002600, -6.699999999999999300 ) ) ;
#9152 = CARTESIAN_POINT ( 'NONE',  ( -11.24999999999997500, 11.55132981660358600, -5.799999999999998000 ) ) ;
#9153 = CARTESIAN_POINT ( 'NONE',  ( -11.24999999999997500, 11.18959840682158800, -4.449999999999997500 ) ) ;
#9154 = DIRECTION ( 'NONE',  ( -9.860761315262651900E-032, 0.4226182617406961700, 0.9063077870366514900 ) ) ;
#9155 = VECTOR ( 'NONE', #9154, 1000.000000000000100 ) ;
#9156 = CARTESIAN_POINT ( 'NONE',  ( -11.24999999999997500, 11.39943685299133600, -3.999999999999998200 ) ) ;
#9157 = LINE ( 'NONE', #9156, #9155 ) ;
#9158 = LINE ( 'NONE', #9085, #9169 ) ;
#9159 = LINE ( 'NONE', #9151, #9150 ) ;
#9160 = FILL_AREA_STYLE_COLOUR ( '', #9147 ) ;
#9161 = CARTESIAN_POINT ( 'NONE',  ( 11.25000000000004400, -11.43075268000953000, -5.349999999999997000 ) ) ;
#9162 = DIRECTION ( 'NONE',  ( 1.000000000000000000, 2.611364411701354400E-015, 0.0000000000000000000 ) ) ;
#9163 = VECTOR ( 'NONE', #9162, 1000.000000000000000 ) ;
#9164 = CARTESIAN_POINT ( 'NONE',  ( 7.750000000000048800, -11.55132981660353800, -5.799999999999998000 ) ) ;
#9165 = LINE ( 'NONE', #9164, #9163 ) ;
#9166 = DIRECTION ( 'NONE',  ( -1.000000000000000000, 2.611364411701354400E-015, 2.465190328815661900E-032 ) ) ;
#9167 = VECTOR ( 'NONE', #9166, 1000.000000000000000 ) ;
#9168 = CARTESIAN_POINT ( 'NONE',  ( -7.749999999999972500, 11.31017554341557800, -4.899999999999996800 ) ) ;
#9169 = VECTOR ( 'NONE', #9132, 1000.000000000000000 ) ;
#9170 = UNCERTAINTY_MEASURE_WITH_UNIT (LENGTH_MEASURE( 1.000000000000000100E-005 ), #9247, 'distance_accuracy_value', 'NONE');
#9171 =( NAMED_UNIT ( * ) SI_UNIT ( $, .STERADIAN. ) SOLID_ANGLE_UNIT ( ) );
#9172 = CARTESIAN_POINT ( 'NONE',  ( 7.750000000000048800, -11.39943685299129200, -3.999999999999998200 ) ) ;
#9173 = LINE ( 'NONE', #9172, #9137 ) ;
#9174 = LINE ( 'NONE', #9203, #9131 ) ;
#9175 = CARTESIAN_POINT ( 'NONE',  ( -11.24999999999997500, 11.79248408979158400, -6.699999999999999300 ) ) ;
#9176 = DIRECTION ( 'NONE',  ( 2.465190328815662400E-032, -0.4138029443011833600, 0.9103664774626050200 ) ) ;
#9177 = DIRECTION ( 'NONE',  ( -2.377298620851771000E-015, 0.9103664774626050200, 0.4138029443011833600 ) ) ;
#9178 = AXIS2_PLACEMENT_3D ( 'NONE', #9120, #9177, #9176 ) ;
#9179 = CARTESIAN_POINT ( 'NONE',  ( 11.25000000000004400, -11.67190695319752400, -6.249999999999996400 ) ) ;
#9180 = CARTESIAN_POINT ( 'NONE',  ( 7.750000000000048800, -11.79248408979153400, -6.699999999999999300 ) ) ;
#9181 = LINE ( 'NONE', #9208, #9210 ) ;
#9182 = CARTESIAN_POINT ( 'NONE',  ( 7.750000000000048800, -11.76116826277328500, -5.349999999999997000 ) ) ;
#9183 = DIRECTION ( 'NONE',  ( -3.493763099184596700E-015, 0.4226182617406961700, -0.9063077870366514900 ) ) ;
#9184 = VECTOR ( 'NONE', #9183, 1000.000000000000100 ) ;
#9185 = CARTESIAN_POINT ( 'NONE',  ( 7.750000000000048800, -11.76116826277328500, -5.349999999999997000 ) ) ;
#9186 = LINE ( 'NONE', #9185, #9184 ) ;
#9187 = DIRECTION ( 'NONE',  ( 2.465190328815662400E-032, 1.483603526480291300E-031, -1.000000000000000000 ) ) ;
#9188 = VECTOR ( 'NONE', #9187, 1000.000000000000000 ) ;
#9189 = CARTESIAN_POINT ( 'NONE',  ( 11.25000000000003700, -9.399999999999970200, -13.73374047467324900 ) ) ;
#9190 = LINE ( 'NONE', #9189, #9188 ) ;
#9191 = CARTESIAN_POINT ( 'NONE',  ( 11.25000000000004400, -11.88174539936727400, -5.799999999999998000 ) ) ;
#9192 = CARTESIAN_POINT ( 'NONE',  ( -11.24999999999997500, 12.00232253596133200, -6.249999999999998200 ) ) ;
#9193 = PRESENTATION_LAYER_ASSIGNMENT (  '', '', ( #9194 ) ) ;
#9194 = STYLED_ITEM ( 'NONE', ( #9195 ), #1828 ) ;
#9195 = PRESENTATION_STYLE_ASSIGNMENT (( #9196 ) ) ;
#9196 = SURFACE_STYLE_USAGE ( .BOTH. , #9197 ) ;
#9197 = SURFACE_SIDE_STYLE ('',( #9198 ) ) ;
#9198 = SURFACE_STYLE_FILL_AREA ( #9199 ) ;
#9199 = FILL_AREA_STYLE ('',( #9200 ) ) ;
#9200 = FILL_AREA_STYLE_COLOUR ( '', #9201 ) ;
#9201 = COLOUR_RGB ( '',0.2509803921568627400, 0.2509803921568627400, 0.2509803921568627400 ) ;
#9202 = FACE_OUTER_BOUND ( 'NONE', #1829, .T. ) ;
#9203 = CARTESIAN_POINT ( 'NONE',  ( 11.25000000000004400, -11.88174539936727400, -5.799999999999998000 ) ) ;
#9204 = DIRECTION ( 'NONE',  ( -1.000000000000000000, 2.611364411701354400E-015, 2.465190328815661900E-032 ) ) ;
#9205 = VECTOR ( 'NONE', #9204, 1000.000000000000000 ) ;
#9206 = CARTESIAN_POINT ( 'NONE',  ( -7.750000000000041700, -11.76116826277328500, -5.349999999999997000 ) ) ;
#9207 = LINE ( 'NONE', #9091, #9090 ) ;
#9208 = CARTESIAN_POINT ( 'NONE',  ( -11.24999999999997500, 11.52001398958533700, -4.449999999999997500 ) ) ;
#9209 = DIRECTION ( 'NONE',  ( -9.860761315262651900E-032, 0.4226182617406961700, 0.9063077870366514900 ) ) ;
#9210 = VECTOR ( 'NONE', #9209, 1000.000000000000100 ) ;
#9211 = COLOUR_RGB ( '',0.2509803921568627400, 0.2509803921568627400, 0.2509803921568627400 ) ;
#9212 = DIRECTION ( 'NONE',  ( 1.000000000000000000, 2.611364411701354400E-015, 0.0000000000000000000 ) ) ;
#9213 = VECTOR ( 'NONE', #9212, 1000.000000000000000 ) ;
#9214 = CARTESIAN_POINT ( 'NONE',  ( 7.750000000000048800, -12.09999999999997800, -6.699999999999999300 ) ) ;
#9215 = LINE ( 'NONE', #9214, #9213 ) ;
#9216 = PLANE ( 'NONE',  #9224 ) ;
#9217 =( GEOMETRIC_REPRESENTATION_CONTEXT ( 3 ) GLOBAL_UNCERTAINTY_ASSIGNED_CONTEXT ( ( #9226 ) ) GLOBAL_UNIT_ASSIGNED_CONTEXT ( ( #9133, #9079, #9078 ) ) REPRESENTATION_CONTEXT ( 'NONE', 'WORKASPACE' ) );
#9218 = UNCERTAINTY_MEASURE_WITH_UNIT (LENGTH_MEASURE( 1.000000000000000100E-005 ), #9087, 'distance_accuracy_value', 'NONE');
#9219 =( NAMED_UNIT ( * ) SI_UNIT ( $, .STERADIAN. ) SOLID_ANGLE_UNIT ( ) );
#9220 = CARTESIAN_POINT ( 'NONE',  ( -11.24999999999997500, 11.39943685299133600, -3.999999999999998200 ) ) ;
#9221 = DIRECTION ( 'NONE',  ( 2.465190328815662400E-032, 0.3583679495453007100, -0.9335804264972016300 ) ) ;
#9222 = DIRECTION ( 'NONE',  ( 2.437918701215765400E-015, -0.9335804264972016300, -0.3583679495453007100 ) ) ;
#9223 = CARTESIAN_POINT ( 'NONE',  ( 7.750000000000048800, -12.09999999999997800, -6.699999999999999300 ) ) ;
#9224 = AXIS2_PLACEMENT_3D ( 'NONE', #9223, #9222, #9221 ) ;
#9225 = LINE ( 'NONE', #9206, #9205 ) ;
#9226 = UNCERTAINTY_MEASURE_WITH_UNIT (LENGTH_MEASURE( 1.000000000000000100E-005 ), #9133, 'distance_accuracy_value', 'NONE');
#9227 = UNCERTAINTY_MEASURE_WITH_UNIT (LENGTH_MEASURE( 1.000000000000000100E-005 ), #9138, 'distance_accuracy_value', 'NONE');
#9228 =( NAMED_UNIT ( * ) SI_UNIT ( $, .STERADIAN. ) SOLID_ANGLE_UNIT ( ) );
#9229 =( NAMED_UNIT ( * ) PLANE_ANGLE_UNIT ( ) SI_UNIT ( $, .RADIAN. ) );
#9230 = PRESENTATION_STYLE_ASSIGNMENT (( #9231 ) ) ;
#9231 = SURFACE_STYLE_USAGE ( .BOTH. , #9232 ) ;
#9232 = SURFACE_SIDE_STYLE ('',( #9233 ) ) ;
#9233 = SURFACE_STYLE_FILL_AREA ( #9234 ) ;
#9234 = FILL_AREA_STYLE ('',( #9235 ) ) ;
#9235 = FILL_AREA_STYLE_COLOUR ( '', #9236 ) ;
#9236 = COLOUR_RGB ( '',0.2509803921568627400, 0.2509803921568627400, 0.2509803921568627400 ) ;
#9237 = FACE_OUTER_BOUND ( 'NONE', #1861, .T. ) ;
#9238 = CARTESIAN_POINT ( 'NONE',  ( 7.750000000000041700, -9.399999999999980800, -13.73374047467324900 ) ) ;
#9239 = CARTESIAN_POINT ( 'NONE',  ( 7.750000000000048800, -11.88174539936728100, -5.799999999999998000 ) ) ;
#9240 = DIRECTION ( 'NONE',  ( -1.182766006347820200E-015, 1.509301640448787000E-031, -1.000000000000000000 ) ) ;
#9241 = DIRECTION ( 'NONE',  ( 1.000000000000000000, 6.113672015462841500E-030, -1.182766006347820200E-015 ) ) ;
#9242 = CARTESIAN_POINT ( 'NONE',  ( 11.25000000000004400, -11.20454545454542500, -6.249999999999993800 ) ) ;
#9243 = AXIS2_PLACEMENT_3D ( 'NONE', #9242, #9241, #9240 ) ;
#9244 = PLANE ( 'NONE',  #9243 ) ;
#9245 =( GEOMETRIC_REPRESENTATION_CONTEXT ( 3 ) GLOBAL_UNCERTAINTY_ASSIGNED_CONTEXT ( ( #9227 ) ) GLOBAL_UNIT_ASSIGNED_CONTEXT ( ( #9138, #9229, #9228 ) ) REPRESENTATION_CONTEXT ( 'NONE', 'WORKASPACE' ) );
#9246 =( NAMED_UNIT ( * ) PLANE_ANGLE_UNIT ( ) SI_UNIT ( $, .RADIAN. ) );
#9247 =( LENGTH_UNIT ( ) NAMED_UNIT ( * ) SI_UNIT ( .MILLI., .METRE. ) );
#9248 = MECHANICAL_DESIGN_GEOMETRIC_PRESENTATION_REPRESENTATION (  '', ( #9194 ), #9122 ) ;
#9249 = LINE ( 'NONE', #9323, #9322 ) ;
#9250 = UNCERTAINTY_MEASURE_WITH_UNIT (LENGTH_MEASURE( 1.000000000000000100E-005 ), #9255, 'distance_accuracy_value', 'NONE');
#9251 =( NAMED_UNIT ( * ) SI_UNIT ( $, .STERADIAN. ) SOLID_ANGLE_UNIT ( ) );
#9252 =( NAMED_UNIT ( * ) PLANE_ANGLE_UNIT ( ) SI_UNIT ( $, .RADIAN. ) );
#9253 = AXIS2_PLACEMENT_3D ( 'NONE', #9266, #9265, #9261 ) ;
#9254 = PLANE ( 'NONE',  #9253 ) ;
#9255 =( LENGTH_UNIT ( ) NAMED_UNIT ( * ) SI_UNIT ( .MILLI., .METRE. ) );
#9256 = MECHANICAL_DESIGN_GEOMETRIC_PRESENTATION_REPRESENTATION (  '', ( #9258 ), #9300 ) ;
#9257 = PRESENTATION_LAYER_ASSIGNMENT (  '', '', ( #9258 ) ) ;
#9258 = STYLED_ITEM ( 'NONE', ( #9259 ), #1882 ) ;
#9259 = PRESENTATION_STYLE_ASSIGNMENT (( #9260 ) ) ;
#9260 = SURFACE_STYLE_USAGE ( .BOTH. , #9288 ) ;
#9261 = DIRECTION ( 'NONE',  ( -1.182766006347820200E-015, 1.509301640448787000E-031, -1.000000000000000000 ) ) ;
#9262 = DIRECTION ( 'NONE',  ( -6.416096658305761100E-016, 0.05233595624294379300, 0.9986295347545739400 ) ) ;
#9263 = VECTOR ( 'NONE', #9262, 1000.000000000000100 ) ;
#9264 = CARTESIAN_POINT ( 'NONE',  ( 11.25000000000004400, -10.99999999999996800, -6.699999999999999300 ) ) ;
#9265 = DIRECTION ( 'NONE',  ( 1.000000000000000000, 6.113672015462841500E-030, -1.182766006347820200E-015 ) ) ;
#9266 = CARTESIAN_POINT ( 'NONE',  ( 7.750000000000048800, -11.20454545454543200, -6.249999999999993800 ) ) ;
#9267 = CARTESIAN_POINT ( 'NONE',  ( 11.25000000000004400, -10.85849899593575800, -3.999999999999998200 ) ) ;
#9268 = DIRECTION ( 'NONE',  ( 1.000000000000000000, -9.860761315262647600E-032, -2.465190328815661900E-032 ) ) ;
#9269 = DIRECTION ( 'NONE',  ( 2.465190328815661900E-032, -1.483603526480291100E-031, 1.000000000000000000 ) ) ;
#9270 =( NAMED_UNIT ( * ) PLANE_ANGLE_UNIT ( ) SI_UNIT ( $, .RADIAN. ) );
#9271 = DIRECTION ( 'NONE',  ( 3.206881258818513900E-015, -1.000000000000000000, 1.445548967516099300E-031 ) ) ;
#9272 = VECTOR ( 'NONE', #9271, 1000.000000000000000 ) ;
#9273 = CARTESIAN_POINT ( 'NONE',  ( 11.25000000000004400, -11.39943685299128100, -3.999999999999998200 ) ) ;
#9274 = LINE ( 'NONE', #9273, #9272 ) ;
#9275 = FILL_AREA_STYLE_COLOUR ( '', #9327 ) ;
#9276 =( GEOMETRIC_REPRESENTATION_CONTEXT ( 3 ) GLOBAL_UNCERTAINTY_ASSIGNED_CONTEXT ( ( #9277 ) ) GLOBAL_UNIT_ASSIGNED_CONTEXT ( ( #9296, #9270, #9346 ) ) REPRESENTATION_CONTEXT ( 'NONE', 'WORKASPACE' ) );
#9277 = UNCERTAINTY_MEASURE_WITH_UNIT (LENGTH_MEASURE( 1.000000000000000100E-005 ), #9296, 'distance_accuracy_value', 'NONE');
#9278 = DIRECTION ( 'NONE',  ( 1.000000000000000000, 2.611364411701354400E-015, 0.0000000000000000000 ) ) ;
#9279 = VECTOR ( 'NONE', #9278, 1000.000000000000000 ) ;
#9280 = CARTESIAN_POINT ( 'NONE',  ( 7.750000000000048800, -10.99999999999997500, -6.699999999999999300 ) ) ;
#9281 = LINE ( 'NONE', #9280, #9279 ) ;
#9282 =( NAMED_UNIT ( * ) SI_UNIT ( $, .STERADIAN. ) SOLID_ANGLE_UNIT ( ) );
#9283 = DIRECTION ( 'NONE',  ( 2.465190328815663000E-032, 0.4226182617406961700, -0.9063077870366514900 ) ) ;
#9284 = VECTOR ( 'NONE', #9283, 1000.000000000000100 ) ;
#9285 = CARTESIAN_POINT ( 'NONE',  ( 11.25000000000004400, -12.00232253596127100, -6.249999999999998200 ) ) ;
#9286 = LINE ( 'NONE', #9285, #9284 ) ;
#9287 = FACE_OUTER_BOUND ( 'NONE', #1724, .T. ) ;
#9288 = SURFACE_SIDE_STYLE ('',( #9289 ) ) ;
#9289 = SURFACE_STYLE_FILL_AREA ( #9290 ) ;
#9290 = FILL_AREA_STYLE ('',( #9295 ) ) ;
#9291 = COLOUR_RGB ( '',0.2509803921568627400, 0.2509803921568627400, 0.2509803921568627400 ) ;
#9292 = DIRECTION ( 'NONE',  ( 1.000000000000000000, 2.611364411701354400E-015, 0.0000000000000000000 ) ) ;
#9293 = VECTOR ( 'NONE', #9292, 1000.000000000000000 ) ;
#9294 = CARTESIAN_POINT ( 'NONE',  ( 7.750000000000048800, -11.88174539936728100, -5.799999999999998000 ) ) ;
#9295 = FILL_AREA_STYLE_COLOUR ( '', #9291 ) ;
#9296 =( LENGTH_UNIT ( ) NAMED_UNIT ( * ) SI_UNIT ( .MILLI., .METRE. ) );
#9297 = CARTESIAN_POINT ( 'NONE',  ( 7.750000000000048800, -11.76116826277328500, -5.349999999999997000 ) ) ;
#9298 = AXIS2_PLACEMENT_3D ( 'NONE', #9297, #9269, #9268 ) ;
#9299 = PLANE ( 'NONE',  #9298 ) ;
#9300 =( GEOMETRIC_REPRESENTATION_CONTEXT ( 3 ) GLOBAL_UNCERTAINTY_ASSIGNED_CONTEXT ( ( #9250 ) ) GLOBAL_UNIT_ASSIGNED_CONTEXT ( ( #9255, #9252, #9251 ) ) REPRESENTATION_CONTEXT ( 'NONE', 'WORKASPACE' ) );
#9301 = CARTESIAN_POINT ( 'NONE',  ( 7.750000000000048800, -10.99999999999997500, -6.699999999999999300 ) ) ;
#9302 = CARTESIAN_POINT ( 'NONE',  ( 11.25000000000005200, -12.09999999999996400, -6.699999999999999300 ) ) ;
#9303 = CARTESIAN_POINT ( 'NONE',  ( 11.25000000000004400, -11.18959840682153300, -4.449999999999997500 ) ) ;
#9304 = LINE ( 'NONE', #9302, #9320 ) ;
#9305 = DIRECTION ( 'NONE',  ( 2.465190328815663000E-032, 0.4226182617406961700, -0.9063077870366514900 ) ) ;
#9306 = VECTOR ( 'NONE', #9305, 1000.000000000000100 ) ;
#9307 = CARTESIAN_POINT ( 'NONE',  ( 11.25000000000004400, -11.39943685299128100, -3.999999999999998200 ) ) ;
#9308 = LINE ( 'NONE', #9307, #9306 ) ;
#9309 = UNCERTAINTY_MEASURE_WITH_UNIT (LENGTH_MEASURE( 1.000000000000000100E-005 ), #9337, 'distance_accuracy_value', 'NONE');
#9310 =( NAMED_UNIT ( * ) SI_UNIT ( $, .STERADIAN. ) SOLID_ANGLE_UNIT ( ) );
#9311 = LINE ( 'NONE', #9264, #9263 ) ;
#9312 = DIRECTION ( 'NONE',  ( 2.465190328815663000E-032, 0.4226182617406961700, -0.9063077870366514900 ) ) ;
#9313 = CARTESIAN_POINT ( 'NONE',  ( 11.25000000000004400, -11.39943685299128100, -3.999999999999998200 ) ) ;
#9314 = DIRECTION ( 'NONE',  ( 1.076750522861380800E-015, -0.4138029443011834200, 0.9103664774626050200 ) ) ;
#9315 = VECTOR ( 'NONE', #9314, 999.9999999999998900 ) ;
#9316 = CARTESIAN_POINT ( 'NONE',  ( 7.750000000000048800, -10.99999999999997500, -6.699999999999999300 ) ) ;
#9317 = LINE ( 'NONE', #9316, #9315 ) ;
#9318 = CARTESIAN_POINT ( 'NONE',  ( 11.25000000000003700, -9.399999999999970200, -13.73374047467324900 ) ) ;
#9319 = DIRECTION ( 'NONE',  ( -9.209915483168969400E-016, 0.3583679495453007100, -0.9335804264972015200 ) ) ;
#9320 = VECTOR ( 'NONE', #9319, 1000.000000000000200 ) ;
#9321 = DIRECTION ( 'NONE',  ( 9.860761315262649800E-032, -1.000000000000000000, -2.820542642494452900E-015 ) ) ;
#9322 = VECTOR ( 'NONE', #9321, 1000.000000000000000 ) ;
#9323 = CARTESIAN_POINT ( 'NONE',  ( 11.25000000000005200, -12.09999999999996400, -6.699999999999999300 ) ) ;
#9324 = SURFACE_SIDE_STYLE ('',( #9325 ) ) ;
#9325 = SURFACE_STYLE_FILL_AREA ( #9326 ) ;
#9326 = FILL_AREA_STYLE ('',( #9275 ) ) ;
#9327 = COLOUR_RGB ( '',0.2509803921568627400, 0.2509803921568627400, 0.2509803921568627400 ) ;
#9328 = FACE_OUTER_BOUND ( 'NONE', #1728, .T. ) ;
#9329 = MECHANICAL_DESIGN_GEOMETRIC_PRESENTATION_REPRESENTATION (  '', ( #9025 ), #9276 ) ;
#9330 = CARTESIAN_POINT ( 'NONE',  ( -11.24999999999997500, 11.31017554341558900, -4.899999999999996800 ) ) ;
#9331 = CARTESIAN_POINT ( 'NONE',  ( 11.25000000000004400, -11.64059112617927700, -4.899999999999996800 ) ) ;
#9332 = CARTESIAN_POINT ( 'NONE',  ( 11.25000000000004400, -11.31017554341553400, -4.899999999999996800 ) ) ;
#9333 = DIRECTION ( 'NONE',  ( 2.465190328815663000E-032, 0.4226182617406961700, -0.9063077870366514900 ) ) ;
#9334 = VECTOR ( 'NONE', #9333, 1000.000000000000100 ) ;
#9335 = CARTESIAN_POINT ( 'NONE',  ( 11.25000000000004400, -11.52001398958527800, -4.449999999999997500 ) ) ;
#9336 = LINE ( 'NONE', #9335, #9334 ) ;
#9337 =( LENGTH_UNIT ( ) NAMED_UNIT ( * ) SI_UNIT ( .MILLI., .METRE. ) );
#9338 = MECHANICAL_DESIGN_GEOMETRIC_PRESENTATION_REPRESENTATION (  '', ( #9340 ), #9350 ) ;
#9339 = PRESENTATION_LAYER_ASSIGNMENT (  '', '', ( #9340 ) ) ;
#9340 = STYLED_ITEM ( 'NONE', ( #9341 ), #1877 ) ;
#9341 = PRESENTATION_STYLE_ASSIGNMENT (( #9342 ) ) ;
#9342 = SURFACE_STYLE_USAGE ( .BOTH. , #9324 ) ;
#9343 = DIRECTION ( 'NONE',  ( 5.250126103214604900E-015, -1.000000000000000000, 1.506521953916711300E-031 ) ) ;
#9344 = VECTOR ( 'NONE', #9343, 1000.000000000000000 ) ;
#9345 = CARTESIAN_POINT ( 'NONE',  ( 11.25000000000004400, -11.88174539936727400, -5.799999999999998000 ) ) ;
#9346 =( NAMED_UNIT ( * ) SI_UNIT ( $, .STERADIAN. ) SOLID_ANGLE_UNIT ( ) );
#9347 = CARTESIAN_POINT ( 'NONE',  ( 7.750000000000048800, -11.76116826277328500, -5.349999999999997000 ) ) ;
#9348 = AXIS2_PLACEMENT_3D ( 'NONE', #9347, #9353, #9352 ) ;
#9349 = PLANE ( 'NONE',  #9348 ) ;
#9350 =( GEOMETRIC_REPRESENTATION_CONTEXT ( 3 ) GLOBAL_UNCERTAINTY_ASSIGNED_CONTEXT ( ( #9309 ) ) GLOBAL_UNIT_ASSIGNED_CONTEXT ( ( #9337, #9351, #9310 ) ) REPRESENTATION_CONTEXT ( 'NONE', 'WORKASPACE' ) );
#9351 =( NAMED_UNIT ( * ) PLANE_ANGLE_UNIT ( ) SI_UNIT ( $, .RADIAN. ) );
#9352 = DIRECTION ( 'NONE',  ( -2.465190328815662400E-032, 0.4226182617406961700, -0.9063077870366514900 ) ) ;
#9353 = DIRECTION ( 'NONE',  ( 2.366699901115322700E-015, -0.9063077870366514900, -0.4226182617406961700 ) ) ;
#9354 = LINE ( 'NONE', #9294, #9293 ) ;
#9355 = LINE ( 'NONE', #9345, #9344 ) ;
#9356 = CARTESIAN_POINT ( 'NONE',  ( 11.25000000000004400, -11.79248408979152700, -6.699999999999999300 ) ) ;
#9357 = DIRECTION ( 'NONE',  ( -9.860761315262651900E-032, 0.4226182617406961700, 0.9063077870366514900 ) ) ;
#9358 = VECTOR ( 'NONE', #9357, 1000.000000000000100 ) ;
#9359 = CARTESIAN_POINT ( 'NONE',  ( -11.24999999999997500, 11.88174539936733300, -5.799999999999998000 ) ) ;
#9360 = LINE ( 'NONE', #9359, #9358 ) ;
#9361 = DIRECTION ( 'NONE',  ( 6.416096658305760200E-016, 0.05233595624294379300, -0.9986295347545739400 ) ) ;
#9362 = VECTOR ( 'NONE', #9361, 1000.000000000000100 ) ;
#9363 = CARTESIAN_POINT ( 'NONE',  ( -11.24999999999997500, 11.00000000000002500, -6.699999999999999300 ) ) ;
#9364 =( LENGTH_UNIT ( ) NAMED_UNIT ( * ) SI_UNIT ( .MILLI., .METRE. ) );
#9365 = MECHANICAL_DESIGN_GEOMETRIC_PRESENTATION_REPRESENTATION (  '', ( #9489 ), #9382 ) ;
#9366 = PRESENTATION_LAYER_ASSIGNMENT (  '', '', ( #9489 ) ) ;
#9367 = CARTESIAN_POINT ( 'NONE',  ( 7.750000000000048800, -12.00232253596128600, -6.249999999999998200 ) ) ;
#9368 = LINE ( 'NONE', #9367, #9471 ) ;
#9369 = LINE ( 'NONE', #9388, #9387 ) ;
#9370 = UNCERTAINTY_MEASURE_WITH_UNIT (LENGTH_MEASURE( 1.000000000000000100E-005 ), #9373, 'distance_accuracy_value', 'NONE');
#9371 =( NAMED_UNIT ( * ) SI_UNIT ( $, .STERADIAN. ) SOLID_ANGLE_UNIT ( ) );
#9372 =( NAMED_UNIT ( * ) PLANE_ANGLE_UNIT ( ) SI_UNIT ( $, .RADIAN. ) );
#9373 =( LENGTH_UNIT ( ) NAMED_UNIT ( * ) SI_UNIT ( .MILLI., .METRE. ) );
#9374 = MECHANICAL_DESIGN_GEOMETRIC_PRESENTATION_REPRESENTATION (  '', ( #9376 ), #9391 ) ;
#9375 = PRESENTATION_LAYER_ASSIGNMENT (  '', '', ( #9376 ) ) ;
#9376 = STYLED_ITEM ( 'NONE', ( #9377 ), #1945 ) ;
#9377 = PRESENTATION_STYLE_ASSIGNMENT (( #9446 ) ) ;
#9378 =( GEOMETRIC_REPRESENTATION_CONTEXT ( 3 ) GLOBAL_UNCERTAINTY_ASSIGNED_CONTEXT ( ( #9412 ) ) GLOBAL_UNIT_ASSIGNED_CONTEXT ( ( #9433, #9414, #9413 ) ) REPRESENTATION_CONTEXT ( 'NONE', 'WORKASPACE' ) );
#9379 = CARTESIAN_POINT ( 'NONE',  ( 7.750000000000048800, -12.00232253596128600, -6.249999999999998200 ) ) ;
#9380 = AXIS2_PLACEMENT_3D ( 'NONE', #9379, #9386, #9385 ) ;
#9381 = PLANE ( 'NONE',  #9380 ) ;
#9382 =( GEOMETRIC_REPRESENTATION_CONTEXT ( 3 ) GLOBAL_UNCERTAINTY_ASSIGNED_CONTEXT ( ( #9439 ) ) GLOBAL_UNIT_ASSIGNED_CONTEXT ( ( #9364, #9470, #9469 ) ) REPRESENTATION_CONTEXT ( 'NONE', 'WORKASPACE' ) );
#9383 = LINE ( 'NONE', #9401, #9400 ) ;
#9384 = CARTESIAN_POINT ( 'NONE',  ( 7.750000000000048800, -11.31017554341554100, -4.899999999999996800 ) ) ;
#9385 = DIRECTION ( 'NONE',  ( -2.465190328815662400E-032, 0.4226182617406961700, -0.9063077870366514900 ) ) ;
#9386 = DIRECTION ( 'NONE',  ( 2.366699901115322700E-015, -0.9063077870366514900, -0.4226182617406961700 ) ) ;
#9387 = VECTOR ( 'NONE', #9415, 1000.000000000000100 ) ;
#9388 = CARTESIAN_POINT ( 'NONE',  ( -11.24999999999997500, 11.76116826277333300, -5.349999999999997000 ) ) ;
#9389 = AXIS2_PLACEMENT_3D ( 'NONE', #9431, #9430, #9429 ) ;
#9390 = PLANE ( 'NONE',  #9389 ) ;
#9391 =( GEOMETRIC_REPRESENTATION_CONTEXT ( 3 ) GLOBAL_UNCERTAINTY_ASSIGNED_CONTEXT ( ( #9370 ) ) GLOBAL_UNIT_ASSIGNED_CONTEXT ( ( #9373, #9372, #9371 ) ) REPRESENTATION_CONTEXT ( 'NONE', 'WORKASPACE' ) );
#9392 = LINE ( 'NONE', #9432, #9440 ) ;
#9393 = DIRECTION ( 'NONE',  ( -3.493763099184596700E-015, 0.4226182617406961700, -0.9063077870366514900 ) ) ;
#9394 = VECTOR ( 'NONE', #9393, 1000.000000000000100 ) ;
#9395 = CARTESIAN_POINT ( 'NONE',  ( 7.750000000000048800, -11.64059112617928800, -4.899999999999996800 ) ) ;
#9396 = LINE ( 'NONE', #9395, #9394 ) ;
#9397 = DIRECTION ( 'NONE',  ( -5.250126103214604900E-015, -1.000000000000000000, 1.460685099043872000E-031 ) ) ;
#9398 = CARTESIAN_POINT ( 'NONE',  ( -11.24999999999997500, 11.64059112617933200, -4.899999999999996800 ) ) ;
#9399 = DIRECTION ( 'NONE',  ( -5.250126103214604900E-015, -1.000000000000000000, 1.460685099043872000E-031 ) ) ;
#9400 = VECTOR ( 'NONE', #9399, 1000.000000000000000 ) ;
#9401 = CARTESIAN_POINT ( 'NONE',  ( -11.24999999999997500, 11.64059112617933200, -4.899999999999996800 ) ) ;
#9402 =( LENGTH_UNIT ( ) NAMED_UNIT ( * ) SI_UNIT ( .MILLI., .METRE. ) );
#9403 = MECHANICAL_DESIGN_GEOMETRIC_PRESENTATION_REPRESENTATION (  '', ( #9405 ), #9457 ) ;
#9404 = PRESENTATION_LAYER_ASSIGNMENT (  '', '', ( #9405 ) ) ;
#9405 = STYLED_ITEM ( 'NONE', ( #9406 ), #1940 ) ;
#9406 = PRESENTATION_STYLE_ASSIGNMENT (( #9407 ) ) ;
#9407 = SURFACE_STYLE_USAGE ( .BOTH. , #9478 ) ;
#9408 = VECTOR ( 'NONE', #9397, 1000.000000000000000 ) ;
#9409 = CARTESIAN_POINT ( 'NONE',  ( -11.24999999999997500, 11.88174539936733300, -5.799999999999998000 ) ) ;
#9410 = LINE ( 'NONE', #9409, #9408 ) ;
#9411 = DIRECTION ( 'NONE',  ( 0.0000000000000000000, -1.000000000000000000, -5.250126103214574900E-015 ) ) ;
#9412 = UNCERTAINTY_MEASURE_WITH_UNIT (LENGTH_MEASURE( 1.000000000000000100E-005 ), #9433, 'distance_accuracy_value', 'NONE');
#9413 =( NAMED_UNIT ( * ) SI_UNIT ( $, .STERADIAN. ) SOLID_ANGLE_UNIT ( ) );
#9414 =( NAMED_UNIT ( * ) PLANE_ANGLE_UNIT ( ) SI_UNIT ( $, .RADIAN. ) );
#9415 = DIRECTION ( 'NONE',  ( 3.493763099184597100E-015, 0.4226182617406961700, 0.9063077870366514900 ) ) ;
#9416 = SURFACE_STYLE_USAGE ( .BOTH. , #9417 ) ;
#9417 = SURFACE_SIDE_STYLE ('',( #9418 ) ) ;
#9418 = SURFACE_STYLE_FILL_AREA ( #9419 ) ;
#9419 = FILL_AREA_STYLE ('',( #9426 ) ) ;
#9420 = COLOUR_RGB ( '',0.2509803921568627400, 0.2509803921568627400, 0.2509803921568627400 ) ;
#9421 = FACE_OUTER_BOUND ( 'NONE', #1954, .T. ) ;
#9422 = DIRECTION ( 'NONE',  ( 2.465190328815663000E-032, 0.4226182617406961700, -0.9063077870366514900 ) ) ;
#9423 = VECTOR ( 'NONE', #9422, 1000.000000000000100 ) ;
#9424 = CARTESIAN_POINT ( 'NONE',  ( 7.750000000000048800, -11.39943685299129200, -3.999999999999998200 ) ) ;
#9425 = LINE ( 'NONE', #9424, #9423 ) ;
#9426 = FILL_AREA_STYLE_COLOUR ( '', #9420 ) ;
#9427 = CARTESIAN_POINT ( 'NONE',  ( 7.750000000000048800, -11.18959840682154400, -4.449999999999997500 ) ) ;
#9428 = CARTESIAN_POINT ( 'NONE',  ( 7.750000000000048800, -11.39943685299129200, -3.999999999999998200 ) ) ;
#9429 = DIRECTION ( 'NONE',  ( 0.0000000000000000000, -1.000000000000000000, -5.250126103214575700E-015 ) ) ;
#9430 = DIRECTION ( 'NONE',  ( 1.368180632492692600E-029, -5.250126103214575700E-015, 1.000000000000000000 ) ) ;
#9431 = CARTESIAN_POINT ( 'NONE',  ( 7.750000000000048800, -12.00232253596128600, -6.249999999999998200 ) ) ;
#9432 = CARTESIAN_POINT ( 'NONE',  ( 7.750000000000048800, -12.00232253596128600, -6.249999999999998200 ) ) ;
#9433 =( LENGTH_UNIT ( ) NAMED_UNIT ( * ) SI_UNIT ( .MILLI., .METRE. ) );
#9434 = MECHANICAL_DESIGN_GEOMETRIC_PRESENTATION_REPRESENTATION (  '', ( #9436 ), #9378 ) ;
#9435 = PRESENTATION_LAYER_ASSIGNMENT (  '', '', ( #9436 ) ) ;
#9436 = STYLED_ITEM ( 'NONE', ( #9437 ), #1938 ) ;
#9437 = PRESENTATION_STYLE_ASSIGNMENT (( #9458 ) ) ;
#9438 = DIRECTION ( 'NONE',  ( 2.465190328815663000E-032, 0.4226182617406961700, -0.9063077870366514900 ) ) ;
#9439 = UNCERTAINTY_MEASURE_WITH_UNIT (LENGTH_MEASURE( 1.000000000000000100E-005 ), #9364, 'distance_accuracy_value', 'NONE');
#9440 = VECTOR ( 'NONE', #9411, 1000.000000000000000 ) ;
#9441 = CARTESIAN_POINT ( 'NONE',  ( -11.24999999999997500, 10.85849899593581300, -3.999999999999998200 ) ) ;
#9442 = VECTOR ( 'NONE', #9475, 1000.000000000000000 ) ;
#9443 = CARTESIAN_POINT ( 'NONE',  ( 11.25000000000004400, -11.52001398958527800, -4.449999999999997500 ) ) ;
#9444 = LINE ( 'NONE', #9443, #9442 ) ;
#9445 = FILL_AREA_STYLE_COLOUR ( '', #9454 ) ;
#9446 = SURFACE_STYLE_USAGE ( .BOTH. , #9447 ) ;
#9447 = SURFACE_SIDE_STYLE ('',( #9448 ) ) ;
#9448 = SURFACE_STYLE_FILL_AREA ( #9449 ) ;
#9449 = FILL_AREA_STYLE ('',( #9445 ) ) ;
#9450 = DIRECTION ( 'NONE',  ( 9.860761315262649800E-032, -1.000000000000000000, -2.820542642494453300E-015 ) ) ;
#9451 = DIRECTION ( 'NONE',  ( 7.346267179870673800E-030, -2.820542642494453300E-015, 1.000000000000000000 ) ) ;
#9452 = CARTESIAN_POINT ( 'NONE',  ( 7.750000000000048800, -12.09999999999997800, -6.699999999999999300 ) ) ;
#9453 = AXIS2_PLACEMENT_3D ( 'NONE', #9452, #9451, #9450 ) ;
#9454 = COLOUR_RGB ( '',0.2509803921568627400, 0.2509803921568627400, 0.2509803921568627400 ) ;
#9455 = FACE_OUTER_BOUND ( 'NONE', #1946, .T. ) ;
#9456 = PLANE ( 'NONE',  #9453 ) ;
#9457 =( GEOMETRIC_REPRESENTATION_CONTEXT ( 3 ) GLOBAL_UNCERTAINTY_ASSIGNED_CONTEXT ( ( #9497 ) ) GLOBAL_UNIT_ASSIGNED_CONTEXT ( ( #9402, #9499, #9498 ) ) REPRESENTATION_CONTEXT ( 'NONE', 'WORKASPACE' ) );
#9458 = SURFACE_STYLE_USAGE ( .BOTH. , #9459 ) ;
#9459 = SURFACE_SIDE_STYLE ('',( #9460 ) ) ;
#9460 = SURFACE_STYLE_FILL_AREA ( #9461 ) ;
#9461 = FILL_AREA_STYLE ('',( #9468 ) ) ;
#9462 = COLOUR_RGB ( '',0.2509803921568627400, 0.2509803921568627400, 0.2509803921568627400 ) ;
#9463 = FACE_OUTER_BOUND ( 'NONE', #1939, .T. ) ;
#9464 = DIRECTION ( 'NONE',  ( 5.250126103214604900E-015, -1.000000000000000000, 1.506521953916711300E-031 ) ) ;
#9465 = VECTOR ( 'NONE', #9464, 1000.000000000000000 ) ;
#9466 = CARTESIAN_POINT ( 'NONE',  ( 7.750000000000048800, -11.64059112617928800, -4.899999999999996800 ) ) ;
#9467 = LINE ( 'NONE', #9466, #9465 ) ;
#9468 = FILL_AREA_STYLE_COLOUR ( '', #9462 ) ;
#9469 =( NAMED_UNIT ( * ) SI_UNIT ( $, .STERADIAN. ) SOLID_ANGLE_UNIT ( ) );
#9470 =( NAMED_UNIT ( * ) PLANE_ANGLE_UNIT ( ) SI_UNIT ( $, .RADIAN. ) );
#9471 = VECTOR ( 'NONE', #9438, 1000.000000000000100 ) ;
#9472 = CARTESIAN_POINT ( 'NONE',  ( 7.750000000000048800, -12.00232253596128600, -6.249999999999998200 ) ) ;
#9473 = CARTESIAN_POINT ( 'NONE',  ( 7.750000000000048800, -11.52001398958529100, -4.449999999999997500 ) ) ;
#9474 = CARTESIAN_POINT ( 'NONE',  ( 11.25000000000004400, -11.52001398958527800, -4.449999999999997500 ) ) ;
#9475 = DIRECTION ( 'NONE',  ( 9.860761315262649800E-032, -1.000000000000000000, 1.483603526480291300E-031 ) ) ;
#9476 = CARTESIAN_POINT ( 'NONE',  ( 7.750000000000048800, -11.67190695319753700, -6.249999999999996400 ) ) ;
#9477 = LINE ( 'NONE', #9363, #9362 ) ;
#9478 = SURFACE_SIDE_STYLE ('',( #9479 ) ) ;
#9479 = SURFACE_STYLE_FILL_AREA ( #9480 ) ;
#9480 = FILL_AREA_STYLE ('',( #9481 ) ) ;
#9481 = FILL_AREA_STYLE_COLOUR ( '', #9487 ) ;
#9482 = DIRECTION ( 'NONE',  ( 1.000000000000000000, 2.611364411701354400E-015, 0.0000000000000000000 ) ) ;
#9483 = DIRECTION ( 'NONE',  ( 2.611364411701354400E-015, -1.000000000000000000, 1.519445224301200500E-031 ) ) ;
#9484 = CARTESIAN_POINT ( 'NONE',  ( 7.750000000000041700, -9.399999999999980800, -13.73374047467324900 ) ) ;
#9485 = AXIS2_PLACEMENT_3D ( 'NONE', #9484, #9483, #9482 ) ;
#9486 = PLANE ( 'NONE',  #9485 ) ;
#9487 = COLOUR_RGB ( '',0.2509803921568627400, 0.2509803921568627400, 0.2509803921568627400 ) ;
#9488 = FACE_OUTER_BOUND ( 'NONE', #1941, .T. ) ;
#9489 = STYLED_ITEM ( 'NONE', ( #9490 ), #1923 ) ;
#9490 = PRESENTATION_STYLE_ASSIGNMENT (( #9491 ) ) ;
#9491 = SURFACE_STYLE_USAGE ( .BOTH. , #9492 ) ;
#9492 = SURFACE_SIDE_STYLE ('',( #9493 ) ) ;
#9493 = SURFACE_STYLE_FILL_AREA ( #9494 ) ;
#9494 = FILL_AREA_STYLE ('',( #9515 ) ) ;
#9495 = COLOUR_RGB ( '',0.2509803921568627400, 0.2509803921568627400, 0.2509803921568627400 ) ;
#9496 = FACE_OUTER_BOUND ( 'NONE', #1924, .T. ) ;
#9497 = UNCERTAINTY_MEASURE_WITH_UNIT (LENGTH_MEASURE( 1.000000000000000100E-005 ), #9402, 'distance_accuracy_value', 'NONE');
#9498 =( NAMED_UNIT ( * ) SI_UNIT ( $, .STERADIAN. ) SOLID_ANGLE_UNIT ( ) );
#9499 =( NAMED_UNIT ( * ) PLANE_ANGLE_UNIT ( ) SI_UNIT ( $, .RADIAN. ) );
#9500 = CARTESIAN_POINT ( 'NONE',  ( -11.24999999999997500, 11.76116826277333300, -5.349999999999997000 ) ) ;
#9501 = DIRECTION ( 'NONE',  ( -5.250126103214604900E-015, -1.000000000000000000, 1.460685099043872000E-031 ) ) ;
#9502 = VECTOR ( 'NONE', #9501, 1000.000000000000000 ) ;
#9503 = CARTESIAN_POINT ( 'NONE',  ( -11.24999999999997500, 11.76116826277333300, -5.349999999999997000 ) ) ;
#9504 = LINE ( 'NONE', #9503, #9502 ) ;
#9505 =( NAMED_UNIT ( * ) PLANE_ANGLE_UNIT ( ) SI_UNIT ( $, .RADIAN. ) );
#9506 =( LENGTH_UNIT ( ) NAMED_UNIT ( * ) SI_UNIT ( .MILLI., .METRE. ) );
#9507 = MECHANICAL_DESIGN_GEOMETRIC_PRESENTATION_REPRESENTATION (  '', ( #9509 ), #9540 ) ;
#9508 = PRESENTATION_LAYER_ASSIGNMENT (  '', '', ( #9509 ) ) ;
#9509 = STYLED_ITEM ( 'NONE', ( #9510 ), #1953 ) ;
#9510 = PRESENTATION_STYLE_ASSIGNMENT (( #9416 ) ) ;
#9511 = DIRECTION ( 'NONE',  ( 1.000000000000000000, 2.611364411701354400E-015, 0.0000000000000000000 ) ) ;
#9512 = VECTOR ( 'NONE', #9511, 1000.000000000000000 ) ;
#9513 = CARTESIAN_POINT ( 'NONE',  ( 7.750000000000048800, -11.79248408979153400, -6.699999999999999300 ) ) ;
#9514 = LINE ( 'NONE', #9513, #9512 ) ;
#9515 = FILL_AREA_STYLE_COLOUR ( '', #9495 ) ;
#9516 =( NAMED_UNIT ( * ) SI_UNIT ( $, .STERADIAN. ) SOLID_ANGLE_UNIT ( ) );
#9517 =( NAMED_UNIT ( * ) PLANE_ANGLE_UNIT ( ) SI_UNIT ( $, .RADIAN. ) );
#9518 =( LENGTH_UNIT ( ) NAMED_UNIT ( * ) SI_UNIT ( .MILLI., .METRE. ) );
#9519 = MECHANICAL_DESIGN_GEOMETRIC_PRESENTATION_REPRESENTATION (  '', ( #9525 ), #9542 ) ;
#9520 = DIRECTION ( 'NONE',  ( -2.465190328815662400E-032, 0.4226182617406961700, -0.9063077870366514900 ) ) ;
#9521 = LINE ( 'NONE', #9535, #9534 ) ;
#9522 = FILL_AREA_STYLE_COLOUR ( '', #9531 ) ;
#9523 = AXIS2_PLACEMENT_3D ( 'NONE', #9539, #9538, #9520 ) ;
#9524 = PRESENTATION_LAYER_ASSIGNMENT (  '', '', ( #9525 ) ) ;
#9525 = STYLED_ITEM ( 'NONE', ( #9526 ), #1960 ) ;
#9526 = PRESENTATION_STYLE_ASSIGNMENT (( #9527 ) ) ;
#9527 = SURFACE_STYLE_USAGE ( .BOTH. , #9528 ) ;
#9528 = SURFACE_SIDE_STYLE ('',( #9529 ) ) ;
#9529 = SURFACE_STYLE_FILL_AREA ( #9530 ) ;
#9530 = FILL_AREA_STYLE ('',( #9522 ) ) ;
#9531 = COLOUR_RGB ( '',0.2509803921568627400, 0.2509803921568627400, 0.2509803921568627400 ) ;
#9532 = FACE_OUTER_BOUND ( 'NONE', #2086, .T. ) ;
#9533 = DIRECTION ( 'NONE',  ( 1.000000000000000000, 2.611364411701354400E-015, 0.0000000000000000000 ) ) ;
#9534 = VECTOR ( 'NONE', #9533, 1000.000000000000000 ) ;
#9535 = CARTESIAN_POINT ( 'NONE',  ( 7.750000000000048800, -11.39943685299129200, -3.999999999999998200 ) ) ;
#9536 = PLANE ( 'NONE',  #9523 ) ;
#9537 = UNCERTAINTY_MEASURE_WITH_UNIT (LENGTH_MEASURE( 1.000000000000000100E-005 ), #9506, 'distance_accuracy_value', 'NONE');
#9538 = DIRECTION ( 'NONE',  ( 2.366699901115322700E-015, -0.9063077870366514900, -0.4226182617406961700 ) ) ;
#9539 = CARTESIAN_POINT ( 'NONE',  ( 7.750000000000048800, -11.39943685299129200, -3.999999999999998200 ) ) ;
#9540 =( GEOMETRIC_REPRESENTATION_CONTEXT ( 3 ) GLOBAL_UNCERTAINTY_ASSIGNED_CONTEXT ( ( #9537 ) ) GLOBAL_UNIT_ASSIGNED_CONTEXT ( ( #9506, #9505, #9282 ) ) REPRESENTATION_CONTEXT ( 'NONE', 'WORKASPACE' ) );
#9541 = SURFACE_SIDE_STYLE ('',( #9672 ) ) ;
#9542 =( GEOMETRIC_REPRESENTATION_CONTEXT ( 3 ) GLOBAL_UNCERTAINTY_ASSIGNED_CONTEXT ( ( #9543 ) ) GLOBAL_UNIT_ASSIGNED_CONTEXT ( ( #9518, #9517, #9516 ) ) REPRESENTATION_CONTEXT ( 'NONE', 'WORKASPACE' ) );
#9543 = UNCERTAINTY_MEASURE_WITH_UNIT (LENGTH_MEASURE( 1.000000000000000100E-005 ), #9518, 'distance_accuracy_value', 'NONE');
#9544 = COLOUR_RGB ( '',0.2509803921568627400, 0.2509803921568627400, 0.2509803921568627400 ) ;
#9545 = PLANE ( 'NONE',  #9644 ) ;
#9546 = SURFACE_SIDE_STYLE ('',( #9547 ) ) ;
#9547 = SURFACE_STYLE_FILL_AREA ( #9548 ) ;
#9548 = FILL_AREA_STYLE ('',( #9549 ) ) ;
#9549 = FILL_AREA_STYLE_COLOUR ( '', #9550 ) ;
#9550 = COLOUR_RGB ( '',0.2509803921568627400, 0.2509803921568627400, 0.2509803921568627400 ) ;
#9551 = FACE_OUTER_BOUND ( 'NONE', #2017, .T. ) ;
#9552 = CARTESIAN_POINT ( 'NONE',  ( -7.750000000000027500, -11.39943685299129200, -3.999999999999998200 ) ) ;
#9553 = DIRECTION ( 'NONE',  ( -3.206881258818513900E-015, -1.000000000000000000, 1.521658085444484000E-031 ) ) ;
#9554 = VECTOR ( 'NONE', #9553, 1000.000000000000000 ) ;
#9555 = CARTESIAN_POINT ( 'NONE',  ( -7.750000000000027500, -11.39943685299129200, -3.999999999999998200 ) ) ;
#9556 =( NAMED_UNIT ( * ) PLANE_ANGLE_UNIT ( ) SI_UNIT ( $, .RADIAN. ) );
#9557 = DIRECTION ( 'NONE',  ( -2.607785627531976600E-015, 0.9986295347545739400, -0.05233595624294380000 ) ) ;
#9558 = CARTESIAN_POINT ( 'NONE',  ( 7.750000000000048800, -10.99999999999997500, -6.699999999999999300 ) ) ;
#9559 = CARTESIAN_POINT ( 'NONE',  ( -7.750000000000041700, -12.00232253596128200, -6.249999999999998200 ) ) ;
#9560 = CARTESIAN_POINT ( 'NONE',  ( -7.750000000000041700, -11.64059112617928800, -4.899999999999996800 ) ) ;
#9561 = LINE ( 'NONE', #9560, #9573 ) ;
#9562 =( GEOMETRIC_REPRESENTATION_CONTEXT ( 3 ) GLOBAL_UNCERTAINTY_ASSIGNED_CONTEXT ( ( #9618 ) ) GLOBAL_UNIT_ASSIGNED_CONTEXT ( ( #9582, #9556, #9574 ) ) REPRESENTATION_CONTEXT ( 'NONE', 'WORKASPACE' ) );
#9563 = DIRECTION ( 'NONE',  ( 9.860761315262649800E-032, -1.000000000000000000, 2.820542642494453700E-015 ) ) ;
#9564 = VECTOR ( 'NONE', #9563, 1000.000000000000000 ) ;
#9565 = CARTESIAN_POINT ( 'NONE',  ( 7.749999999999985800, 12.10000000000001700, -6.699999999999999300 ) ) ;
#9566 = LINE ( 'NONE', #9565, #9564 ) ;
#9567 = LINE ( 'NONE', #9616, #9615 ) ;
#9568 = CARTESIAN_POINT ( 'NONE',  ( 7.749999999999985800, 11.76116826277332400, -5.349999999999997000 ) ) ;
#9569 = DIRECTION ( 'NONE',  ( -3.493763099184597500E-015, 0.4226182617406961700, 0.9063077870366514900 ) ) ;
#9570 = CARTESIAN_POINT ( 'NONE',  ( 7.750000000000048800, -11.39943685299129200, -3.999999999999998200 ) ) ;
#9571 = LINE ( 'NONE', #9591, #9590 ) ;
#9572 = DIRECTION ( 'NONE',  ( -5.250126103214604900E-015, -1.000000000000000000, 1.460685099043872000E-031 ) ) ;
#9573 = VECTOR ( 'NONE', #9572, 1000.000000000000000 ) ;
#9574 =( NAMED_UNIT ( * ) SI_UNIT ( $, .STERADIAN. ) SOLID_ANGLE_UNIT ( ) );
#9575 =( LENGTH_UNIT ( ) NAMED_UNIT ( * ) SI_UNIT ( .MILLI., .METRE. ) );
#9576 = MECHANICAL_DESIGN_GEOMETRIC_PRESENTATION_REPRESENTATION (  '', ( #9578 ), #9593 ) ;
#9577 = PRESENTATION_LAYER_ASSIGNMENT (  '', '', ( #9578 ) ) ;
#9578 = STYLED_ITEM ( 'NONE', ( #9579 ), #1997 ) ;
#9579 = PRESENTATION_STYLE_ASSIGNMENT (( #9580 ) ) ;
#9580 = SURFACE_STYLE_USAGE ( .BOTH. , #9546 ) ;
#9581 = FILL_AREA_STYLE_COLOUR ( '', #9544 ) ;
#9582 =( LENGTH_UNIT ( ) NAMED_UNIT ( * ) SI_UNIT ( .MILLI., .METRE. ) );
#9583 =( NAMED_UNIT ( * ) SI_UNIT ( $, .STERADIAN. ) SOLID_ANGLE_UNIT ( ) );
#9584 =( NAMED_UNIT ( * ) PLANE_ANGLE_UNIT ( ) SI_UNIT ( $, .RADIAN. ) );
#9585 = SURFACE_STYLE_FILL_AREA ( #9619 ) ;
#9586 = PRESENTATION_LAYER_ASSIGNMENT (  '', '', ( #9632 ) ) ;
#9587 = LINE ( 'NONE', #9598, #9597 ) ;
#9588 = CARTESIAN_POINT ( 'NONE',  ( -7.750000000000027500, -11.31017554341554500, -4.899999999999996800 ) ) ;
#9589 = DIRECTION ( 'NONE',  ( -5.250126103214604900E-015, -1.000000000000000000, 1.460685099043872000E-031 ) ) ;
#9590 = VECTOR ( 'NONE', #9589, 1000.000000000000000 ) ;
#9591 = CARTESIAN_POINT ( 'NONE',  ( -7.750000000000041700, -11.76116826277328500, -5.349999999999997000 ) ) ;
#9592 = PLANE ( 'NONE',  #9605 ) ;
#9593 =( GEOMETRIC_REPRESENTATION_CONTEXT ( 3 ) GLOBAL_UNCERTAINTY_ASSIGNED_CONTEXT ( ( #9659 ) ) GLOBAL_UNIT_ASSIGNED_CONTEXT ( ( #9575, #9584, #9583 ) ) REPRESENTATION_CONTEXT ( 'NONE', 'WORKASPACE' ) );
#9594 = LINE ( 'NONE', #9555, #9554 ) ;
#9595 = CARTESIAN_POINT ( 'NONE',  ( -7.750000000000027500, -10.85849899593576900, -3.999999999999998200 ) ) ;
#9596 = DIRECTION ( 'NONE',  ( 6.416096658305759200E-016, 0.05233595624294379300, 0.9986295347545739400 ) ) ;
#9597 = VECTOR ( 'NONE', #9596, 1000.000000000000100 ) ;
#9598 = CARTESIAN_POINT ( 'NONE',  ( -7.750000000000027500, -10.99999999999997900, -6.699999999999999300 ) ) ;
#9599 = VECTOR ( 'NONE', #9569, 1000.000000000000100 ) ;
#9600 = CARTESIAN_POINT ( 'NONE',  ( 7.749999999999985800, 11.64059112617932400, -4.899999999999996800 ) ) ;
#9601 = LINE ( 'NONE', #9600, #9599 ) ;
#9602 = DIRECTION ( 'NONE',  ( 1.000000000000000000, -9.860761315262647600E-032, -2.465190328815661900E-032 ) ) ;
#9603 = DIRECTION ( 'NONE',  ( 2.465190328815661900E-032, -1.483603526480291100E-031, 1.000000000000000000 ) ) ;
#9604 = CARTESIAN_POINT ( 'NONE',  ( 7.749999999999985800, 11.88174539936732400, -5.799999999999998000 ) ) ;
#9605 = AXIS2_PLACEMENT_3D ( 'NONE', #9604, #9603, #9602 ) ;
#9606 = STYLED_ITEM ( 'NONE', ( #9607 ), #2006 ) ;
#9607 = PRESENTATION_STYLE_ASSIGNMENT (( #9608 ) ) ;
#9608 = SURFACE_STYLE_USAGE ( .BOTH. , #9609 ) ;
#9609 = SURFACE_SIDE_STYLE ('',( #9610 ) ) ;
#9610 = SURFACE_STYLE_FILL_AREA ( #9611 ) ;
#9611 = FILL_AREA_STYLE ('',( #9617 ) ) ;
#9612 = COLOUR_RGB ( '',0.2509803921568627400, 0.2509803921568627400, 0.2509803921568627400 ) ;
#9613 = FACE_OUTER_BOUND ( 'NONE', #2007, .T. ) ;
#9614 = DIRECTION ( 'NONE',  ( -9.946708721822467200E-016, 0.3583679495453008800, 0.9335804264972015200 ) ) ;
#9615 = VECTOR ( 'NONE', #9614, 1000.000000000000100 ) ;
#9616 = CARTESIAN_POINT ( 'NONE',  ( 7.749999999999985800, 12.10000000000001700, -6.699999999999999300 ) ) ;
#9617 = FILL_AREA_STYLE_COLOUR ( '', #9612 ) ;
#9618 = UNCERTAINTY_MEASURE_WITH_UNIT (LENGTH_MEASURE( 1.000000000000000100E-005 ), #9582, 'distance_accuracy_value', 'NONE');
#9619 = FILL_AREA_STYLE ('',( #9581 ) ) ;
#9620 = PLANE ( 'NONE',  #9635 ) ;
#9621 = FACE_OUTER_BOUND ( 'NONE', #1965, .T. ) ;
#9622 = CARTESIAN_POINT ( 'NONE',  ( -7.750000000000041700, -11.76116826277328500, -5.349999999999997000 ) ) ;
#9623 = CARTESIAN_POINT ( 'NONE',  ( -7.750000000000027500, -11.55132981660353800, -5.799999999999998000 ) ) ;
#9624 = CARTESIAN_POINT ( 'NONE',  ( -7.750000000000027500, -11.43075268000954000, -5.349999999999997000 ) ) ;
#9625 = DIRECTION ( 'NONE',  ( -2.465190328815662400E-032, 0.05233595624294380000, 0.9986295347545739400 ) ) ;
#9626 = LINE ( 'NONE', #9664, #9663 ) ;
#9627 = CARTESIAN_POINT ( 'NONE',  ( -7.750000000000041700, -11.88174539936728500, -5.799999999999998000 ) ) ;
#9628 = DIRECTION ( 'NONE',  ( -5.250126103214604900E-015, -1.000000000000000000, 1.460685099043872000E-031 ) ) ;
#9629 = VECTOR ( 'NONE', #9628, 1000.000000000000000 ) ;
#9630 = CARTESIAN_POINT ( 'NONE',  ( -7.750000000000041700, -11.88174539936728500, -5.799999999999998000 ) ) ;
#9631 = LINE ( 'NONE', #9630, #9629 ) ;
#9632 = STYLED_ITEM ( 'NONE', ( #9645 ), #1964 ) ;
#9633 = SURFACE_SIDE_STYLE ('',( #9585 ) ) ;
#9634 = MECHANICAL_DESIGN_GEOMETRIC_PRESENTATION_REPRESENTATION (  '', ( #9632 ), #9562 ) ;
#9635 = AXIS2_PLACEMENT_3D ( 'NONE', #9558, #9557, #9625 ) ;
#9636 = PLANE ( 'NONE',  #9658 ) ;
#9637 =( GEOMETRIC_REPRESENTATION_CONTEXT ( 3 ) GLOBAL_UNCERTAINTY_ASSIGNED_CONTEXT ( ( #9638 ) ) GLOBAL_UNIT_ASSIGNED_CONTEXT ( ( #9641, #9640, #9639 ) ) REPRESENTATION_CONTEXT ( 'NONE', 'WORKASPACE' ) );
#9638 = UNCERTAINTY_MEASURE_WITH_UNIT (LENGTH_MEASURE( 1.000000000000000100E-005 ), #9641, 'distance_accuracy_value', 'NONE');
#9639 =( NAMED_UNIT ( * ) SI_UNIT ( $, .STERADIAN. ) SOLID_ANGLE_UNIT ( ) );
#9640 =( NAMED_UNIT ( * ) PLANE_ANGLE_UNIT ( ) SI_UNIT ( $, .RADIAN. ) );
#9641 =( LENGTH_UNIT ( ) NAMED_UNIT ( * ) SI_UNIT ( .MILLI., .METRE. ) );
#9642 = MECHANICAL_DESIGN_GEOMETRIC_PRESENTATION_REPRESENTATION (  '', ( #9606 ), #9637 ) ;
#9643 = PRESENTATION_LAYER_ASSIGNMENT (  '', '', ( #9606 ) ) ;
#9644 = AXIS2_PLACEMENT_3D ( 'NONE', #9570, #9665, #9670 ) ;
#9645 = PRESENTATION_STYLE_ASSIGNMENT (( #9646 ) ) ;
#9646 = SURFACE_STYLE_USAGE ( .BOTH. , #9633 ) ;
#9647 = STYLED_ITEM ( 'NONE', ( #9648 ), #2014 ) ;
#9648 = PRESENTATION_STYLE_ASSIGNMENT (( #9653 ) ) ;
#9649 = DIRECTION ( 'NONE',  ( 5.250126103214604900E-015, -1.000000000000000000, 1.506521953916711300E-031 ) ) ;
#9650 = VECTOR ( 'NONE', #9649, 1000.000000000000000 ) ;
#9651 = CARTESIAN_POINT ( 'NONE',  ( 7.749999999999985800, 11.88174539936732400, -5.799999999999998000 ) ) ;
#9652 = LINE ( 'NONE', #9651, #9650 ) ;
#9653 = SURFACE_STYLE_USAGE ( .BOTH. , #9541 ) ;
#9654 = CARTESIAN_POINT ( 'NONE',  ( 7.749999999999992900, 11.55132981660357500, -5.799999999999998000 ) ) ;
#9655 = DIRECTION ( 'NONE',  ( 2.465190328815662400E-032, 0.05233595624294380000, -0.9986295347545739400 ) ) ;
#9656 = DIRECTION ( 'NONE',  ( 2.607785627531976600E-015, -0.9986295347545739400, -0.05233595624294380000 ) ) ;
#9657 = CARTESIAN_POINT ( 'NONE',  ( 7.749999999999992900, 11.00000000000001600, -6.699999999999999300 ) ) ;
#9658 = AXIS2_PLACEMENT_3D ( 'NONE', #9657, #9656, #9655 ) ;
#9659 = UNCERTAINTY_MEASURE_WITH_UNIT (LENGTH_MEASURE( 1.000000000000000100E-005 ), #9575, 'distance_accuracy_value', 'NONE');
#9660 = CARTESIAN_POINT ( 'NONE',  ( -7.750000000000027500, -11.52001398958528700, -4.449999999999997500 ) ) ;
#9661 = CARTESIAN_POINT ( 'NONE',  ( -7.750000000000041700, -11.67190695319753300, -6.249999999999996400 ) ) ;
#9662 = DIRECTION ( 'NONE',  ( 2.465190328815663000E-032, 0.4226182617406961700, -0.9063077870366514900 ) ) ;
#9663 = VECTOR ( 'NONE', #9662, 1000.000000000000100 ) ;
#9664 = CARTESIAN_POINT ( 'NONE',  ( -7.750000000000041700, -11.88174539936728500, -5.799999999999998000 ) ) ;
#9665 = DIRECTION ( 'NONE',  ( 2.465190328815661900E-032, -1.483603526480291100E-031, 1.000000000000000000 ) ) ;
#9666 = DIRECTION ( 'NONE',  ( 3.493763099184597100E-015, 0.4226182617406961700, -0.9063077870366514900 ) ) ;
#9667 = VECTOR ( 'NONE', #9666, 1000.000000000000100 ) ;
#9668 = CARTESIAN_POINT ( 'NONE',  ( -7.750000000000041700, -11.76116826277328500, -5.349999999999997000 ) ) ;
#9669 = LINE ( 'NONE', #9668, #9667 ) ;
#9670 = DIRECTION ( 'NONE',  ( 1.000000000000000000, -9.860761315262647600E-032, -2.465190328815661900E-032 ) ) ;
#9671 = CARTESIAN_POINT ( 'NONE',  ( 7.750000000000048800, -12.00232253596128600, -6.249999999999998200 ) ) ;
#9672 = SURFACE_STYLE_FILL_AREA ( #9673 ) ;
#9673 = FILL_AREA_STYLE ('',( #9674 ) ) ;
#9674 = FILL_AREA_STYLE_COLOUR ( '', #9675 ) ;
#9675 = COLOUR_RGB ( '',0.2509803921568627400, 0.2509803921568627400, 0.2509803921568627400 ) ;
#9676 = FACE_OUTER_BOUND ( 'NONE', #2197, .T. ) ;
#9677 = CARTESIAN_POINT ( 'NONE',  ( 7.749999999999985800, 11.88174539936732400, -5.799999999999998000 ) ) ;
#9678 = DIRECTION ( 'NONE',  ( 1.000000000000000000, 2.611364411701354400E-015, 0.0000000000000000000 ) ) ;
#9679 = VECTOR ( 'NONE', #9678, 1000.000000000000000 ) ;
#9680 = LINE ( 'NONE', #9671, #9679 ) ;
#9681 =( NAMED_UNIT ( * ) PLANE_ANGLE_UNIT ( ) SI_UNIT ( $, .RADIAN. ) );
#9682 = SURFACE_STYLE_FILL_AREA ( #9683 ) ;
#9683 = FILL_AREA_STYLE ('',( #9689 ) ) ;
#9684 = COLOUR_RGB ( '',0.2509803921568627400, 0.2509803921568627400, 0.2509803921568627400 ) ;
#9685 = DIRECTION ( 'NONE',  ( 9.860761315262649800E-032, -1.000000000000000000, 5.250126103214575700E-015 ) ) ;
#9686 = DIRECTION ( 'NONE',  ( -1.373111013150324000E-029, 5.250126103214575700E-015, 1.000000000000000000 ) ) ;
#9687 = AXIS2_PLACEMENT_3D ( 'NONE', #9690, #9686, #9685 ) ;
#9688 = FACE_OUTER_BOUND ( 'NONE', #2024, .T. ) ;
#9689 = FILL_AREA_STYLE_COLOUR ( '', #9684 ) ;
#9690 = CARTESIAN_POINT ( 'NONE',  ( 7.749999999999985800, 12.00232253596132300, -6.249999999999998200 ) ) ;
#9691 = PLANE ( 'NONE',  #9687 ) ;
#9692 =( LENGTH_UNIT ( ) NAMED_UNIT ( * ) SI_UNIT ( .MILLI., .METRE. ) );
#9693 = CARTESIAN_POINT ( 'NONE',  ( 7.749999999999985800, 11.88174539936732400, -5.799999999999998000 ) ) ;
#9694 = DIRECTION ( 'NONE',  ( -9.860761315262649800E-032, 0.4226182617406961700, 0.9063077870366514900 ) ) ;
#9695 = DIRECTION ( 'NONE',  ( -2.366699901115322700E-015, 0.9063077870366514900, -0.4226182617406961700 ) ) ;
#9696 = CARTESIAN_POINT ( 'NONE',  ( 7.749999999999985800, 11.88174539936732400, -5.799999999999998000 ) ) ;
#9697 = AXIS2_PLACEMENT_3D ( 'NONE', #9696, #9695, #9694 ) ;
#9698 = LINE ( 'NONE', #9693, #9890 ) ;
#9699 = PLANE ( 'NONE',  #9697 ) ;
#9700 =( NAMED_UNIT ( * ) SI_UNIT ( $, .STERADIAN. ) SOLID_ANGLE_UNIT ( ) );
#9701 =( NAMED_UNIT ( * ) PLANE_ANGLE_UNIT ( ) SI_UNIT ( $, .RADIAN. ) );
#9702 =( LENGTH_UNIT ( ) NAMED_UNIT ( * ) SI_UNIT ( .MILLI., .METRE. ) );
#9703 = AXIS2_PLACEMENT_3D ( 'NONE', #9726, #9725, #9724 ) ;
#9704 = PLANE ( 'NONE',  #9703 ) ;
#9705 =( GEOMETRIC_REPRESENTATION_CONTEXT ( 3 ) GLOBAL_UNCERTAINTY_ASSIGNED_CONTEXT ( ( #9706 ) ) GLOBAL_UNIT_ASSIGNED_CONTEXT ( ( #9760, #9759, #9707 ) ) REPRESENTATION_CONTEXT ( 'NONE', 'WORKASPACE' ) );
#9706 = UNCERTAINTY_MEASURE_WITH_UNIT (LENGTH_MEASURE( 1.000000000000000100E-005 ), #9760, 'distance_accuracy_value', 'NONE');
#9707 =( NAMED_UNIT ( * ) SI_UNIT ( $, .STERADIAN. ) SOLID_ANGLE_UNIT ( ) );
#9708 =( GEOMETRIC_REPRESENTATION_CONTEXT ( 3 ) GLOBAL_UNCERTAINTY_ASSIGNED_CONTEXT ( ( #9709 ) ) GLOBAL_UNIT_ASSIGNED_CONTEXT ( ( #9702, #9701, #9700 ) ) REPRESENTATION_CONTEXT ( 'NONE', 'WORKASPACE' ) );
#9709 = UNCERTAINTY_MEASURE_WITH_UNIT (LENGTH_MEASURE( 1.000000000000000100E-005 ), #9702, 'distance_accuracy_value', 'NONE');
#9710 = MECHANICAL_DESIGN_GEOMETRIC_PRESENTATION_REPRESENTATION (  '', ( #9712 ), #9708 ) ;
#9711 = PRESENTATION_LAYER_ASSIGNMENT (  '', '', ( #9712 ) ) ;
#9712 = STYLED_ITEM ( 'NONE', ( #9713 ), #2021 ) ;
#9713 = PRESENTATION_STYLE_ASSIGNMENT (( #9714 ) ) ;
#9714 = SURFACE_STYLE_USAGE ( .BOTH. , #9715 ) ;
#9715 = SURFACE_SIDE_STYLE ('',( #9716 ) ) ;
#9716 = SURFACE_STYLE_FILL_AREA ( #9717 ) ;
#9717 = FILL_AREA_STYLE ('',( #9787 ) ) ;
#9718 = COLOUR_RGB ( '',0.2509803921568627400, 0.2509803921568627400, 0.2509803921568627400 ) ;
#9719 = DIRECTION ( 'NONE',  ( 1.000000000000000000, -9.860761315262647600E-032, -2.465190328815661900E-032 ) ) ;
#9720 = DIRECTION ( 'NONE',  ( 2.465190328815661900E-032, -1.483603526480291100E-031, 1.000000000000000000 ) ) ;
#9721 = DIRECTION ( 'NONE',  ( 1.000000000000000000, 2.611364411701354400E-015, 0.0000000000000000000 ) ) ;
#9722 = VECTOR ( 'NONE', #9721, 1000.000000000000000 ) ;
#9723 = CARTESIAN_POINT ( 'NONE',  ( 7.749999999999985800, 12.10000000000001700, -6.699999999999999300 ) ) ;
#9724 = DIRECTION ( 'NONE',  ( 1.182766006347820200E-015, 1.457905412511795400E-031, -1.000000000000000000 ) ) ;
#9725 = DIRECTION ( 'NONE',  ( -1.000000000000000000, 6.310887241768094400E-030, -1.182766006347820200E-015 ) ) ;
#9726 = CARTESIAN_POINT ( 'NONE',  ( -7.750000000000041700, -11.20454545454543500, -6.249999999999993800 ) ) ;
#9727 = LINE ( 'NONE', #9723, #9722 ) ;
#9728 =( NAMED_UNIT ( * ) PLANE_ANGLE_UNIT ( ) SI_UNIT ( $, .RADIAN. ) );
#9729 =( LENGTH_UNIT ( ) NAMED_UNIT ( * ) SI_UNIT ( .MILLI., .METRE. ) );
#9730 = MECHANICAL_DESIGN_GEOMETRIC_PRESENTATION_REPRESENTATION (  '', ( #9732 ), #9781 ) ;
#9731 = PRESENTATION_LAYER_ASSIGNMENT (  '', '', ( #9732 ) ) ;
#9732 = STYLED_ITEM ( 'NONE', ( #9733 ), #2023 ) ;
#9733 = PRESENTATION_STYLE_ASSIGNMENT (( #9734 ) ) ;
#9734 = SURFACE_STYLE_USAGE ( .BOTH. , #9735 ) ;
#9735 = SURFACE_SIDE_STYLE ('',( #9682 ) ) ;
#9736 = UNCERTAINTY_MEASURE_WITH_UNIT (LENGTH_MEASURE( 1.000000000000000100E-005 ), #9692, 'distance_accuracy_value', 'NONE');
#9737 = FILL_AREA_STYLE ('',( #9743 ) ) ;
#9738 = COLOUR_RGB ( '',0.2509803921568627400, 0.2509803921568627400, 0.2509803921568627400 ) ;
#9739 = FACE_OUTER_BOUND ( 'NONE', #2036, .T. ) ;
#9740 = DIRECTION ( 'NONE',  ( 1.000000000000000000, 2.611364411701354400E-015, 0.0000000000000000000 ) ) ;
#9741 = VECTOR ( 'NONE', #9740, 1000.000000000000000 ) ;
#9742 = CARTESIAN_POINT ( 'NONE',  ( 7.749999999999992900, 11.55132981660357500, -5.799999999999998000 ) ) ;
#9743 = FILL_AREA_STYLE_COLOUR ( '', #9738 ) ;
#9744 = DIRECTION ( 'NONE',  ( -4.930380657631324900E-032, 0.3583679495453008200, 0.9335804264972015200 ) ) ;
#9745 = DIRECTION ( 'NONE',  ( -2.437918701215765400E-015, 0.9335804264972015200, -0.3583679495453008200 ) ) ;
#9746 = CARTESIAN_POINT ( 'NONE',  ( 7.749999999999985800, 12.10000000000001700, -6.699999999999999300 ) ) ;
#9747 = AXIS2_PLACEMENT_3D ( 'NONE', #9746, #9745, #9744 ) ;
#9748 = LINE ( 'NONE', #9742, #9741 ) ;
#9749 =( GEOMETRIC_REPRESENTATION_CONTEXT ( 3 ) GLOBAL_UNCERTAINTY_ASSIGNED_CONTEXT ( ( #9736 ) ) GLOBAL_UNIT_ASSIGNED_CONTEXT ( ( #9692, #9681, #9768 ) ) REPRESENTATION_CONTEXT ( 'NONE', 'WORKASPACE' ) );
#9750 = MECHANICAL_DESIGN_GEOMETRIC_PRESENTATION_REPRESENTATION (  '', ( #9647 ), #9749 ) ;
#9751 =( GEOMETRIC_REPRESENTATION_CONTEXT ( 3 ) GLOBAL_UNCERTAINTY_ASSIGNED_CONTEXT ( ( #9752 ) ) GLOBAL_UNIT_ASSIGNED_CONTEXT ( ( #9756, #9754, #9753 ) ) REPRESENTATION_CONTEXT ( 'NONE', 'WORKASPACE' ) );
#9752 = UNCERTAINTY_MEASURE_WITH_UNIT (LENGTH_MEASURE( 1.000000000000000100E-005 ), #9756, 'distance_accuracy_value', 'NONE');
#9753 =( NAMED_UNIT ( * ) SI_UNIT ( $, .STERADIAN. ) SOLID_ANGLE_UNIT ( ) );
#9754 =( NAMED_UNIT ( * ) PLANE_ANGLE_UNIT ( ) SI_UNIT ( $, .RADIAN. ) );
#9755 = LINE ( 'NONE', #9791, #9790 ) ;
#9756 =( LENGTH_UNIT ( ) NAMED_UNIT ( * ) SI_UNIT ( .MILLI., .METRE. ) );
#9757 = MECHANICAL_DESIGN_GEOMETRIC_PRESENTATION_REPRESENTATION (  '', ( #9802 ), #9751 ) ;
#9758 = PRESENTATION_LAYER_ASSIGNMENT (  '', '', ( #9802 ) ) ;
#9759 =( NAMED_UNIT ( * ) PLANE_ANGLE_UNIT ( ) SI_UNIT ( $, .RADIAN. ) );
#9760 =( LENGTH_UNIT ( ) NAMED_UNIT ( * ) SI_UNIT ( .MILLI., .METRE. ) );
#9761 = MECHANICAL_DESIGN_GEOMETRIC_PRESENTATION_REPRESENTATION (  '', ( #9763 ), #9705 ) ;
#9762 = PRESENTATION_LAYER_ASSIGNMENT (  '', '', ( #9763 ) ) ;
#9763 = STYLED_ITEM ( 'NONE', ( #9764 ), #2035 ) ;
#9764 = PRESENTATION_STYLE_ASSIGNMENT (( #9765 ) ) ;
#9765 = SURFACE_STYLE_USAGE ( .BOTH. , #9766 ) ;
#9766 = SURFACE_SIDE_STYLE ('',( #9767 ) ) ;
#9767 = SURFACE_STYLE_FILL_AREA ( #9737 ) ;
#9768 =( NAMED_UNIT ( * ) SI_UNIT ( $, .STERADIAN. ) SOLID_ANGLE_UNIT ( ) );
#9769 =( LENGTH_UNIT ( ) NAMED_UNIT ( * ) SI_UNIT ( .MILLI., .METRE. ) );
#9770 = MECHANICAL_DESIGN_GEOMETRIC_PRESENTATION_REPRESENTATION (  '', ( #9772 ), #9817 ) ;
#9771 = PRESENTATION_LAYER_ASSIGNMENT (  '', '', ( #9772 ) ) ;
#9772 = STYLED_ITEM ( 'NONE', ( #9773 ), #2047 ) ;
#9773 = PRESENTATION_STYLE_ASSIGNMENT (( #9774 ) ) ;
#9774 = SURFACE_STYLE_USAGE ( .BOTH. , #9775 ) ;
#9775 = SURFACE_SIDE_STYLE ('',( #9776 ) ) ;
#9776 = SURFACE_STYLE_FILL_AREA ( #9777 ) ;
#9777 = FILL_AREA_STYLE ('',( #9795 ) ) ;
#9778 = COLOUR_RGB ( '',0.2509803921568627400, 0.2509803921568627400, 0.2509803921568627400 ) ;
#9779 = FACE_OUTER_BOUND ( 'NONE', #1986, .T. ) ;
#9780 = PLANE ( 'NONE',  #9747 ) ;
#9781 =( GEOMETRIC_REPRESENTATION_CONTEXT ( 3 ) GLOBAL_UNCERTAINTY_ASSIGNED_CONTEXT ( ( #9782 ) ) GLOBAL_UNIT_ASSIGNED_CONTEXT ( ( #9729, #9728, #9783 ) ) REPRESENTATION_CONTEXT ( 'NONE', 'WORKASPACE' ) );
#9782 = UNCERTAINTY_MEASURE_WITH_UNIT (LENGTH_MEASURE( 1.000000000000000100E-005 ), #9729, 'distance_accuracy_value', 'NONE');
#9783 =( NAMED_UNIT ( * ) SI_UNIT ( $, .STERADIAN. ) SOLID_ANGLE_UNIT ( ) );
#9784 = CARTESIAN_POINT ( 'NONE',  ( 7.749999999999992900, 11.39943685299132700, -3.999999999999998200 ) ) ;
#9785 = AXIS2_PLACEMENT_3D ( 'NONE', #9784, #9720, #9719 ) ;
#9786 = FACE_OUTER_BOUND ( 'NONE', #1985, .T. ) ;
#9787 = FILL_AREA_STYLE_COLOUR ( '', #9718 ) ;
#9788 = PLANE ( 'NONE',  #9785 ) ;
#9789 = DIRECTION ( 'NONE',  ( -3.206881258818513900E-015, -1.000000000000000000, 1.521658085444484000E-031 ) ) ;
#9790 = VECTOR ( 'NONE', #9789, 1000.000000000000000 ) ;
#9791 = CARTESIAN_POINT ( 'NONE',  ( -11.24999999999997500, 11.39943685299133600, -3.999999999999998200 ) ) ;
#9792 = DIRECTION ( 'NONE',  ( 1.000000000000000000, 2.611364411701354400E-015, 0.0000000000000000000 ) ) ;
#9793 = VECTOR ( 'NONE', #9792, 1000.000000000000000 ) ;
#9794 = CARTESIAN_POINT ( 'NONE',  ( 7.749999999999985800, 11.67190695319757600, -6.249999999999996400 ) ) ;
#9795 = FILL_AREA_STYLE_COLOUR ( '', #9778 ) ;
#9796 = LINE ( 'NONE', #9794, #9793 ) ;
#9797 = DIRECTION ( 'NONE',  ( 1.000000000000000000, 2.611364411701354400E-015, 0.0000000000000000000 ) ) ;
#9798 = VECTOR ( 'NONE', #9797, 1000.000000000000000 ) ;
#9799 = CARTESIAN_POINT ( 'NONE',  ( 7.749999999999985800, 11.79248408979157500, -6.699999999999999300 ) ) ;
#9800 = LINE ( 'NONE', #9799, #9798 ) ;
#9801 = PRESENTATION_LAYER_ASSIGNMENT (  '', '', ( #9647 ) ) ;
#9802 = STYLED_ITEM ( 'NONE', ( #9803 ), #2052 ) ;
#9803 = PRESENTATION_STYLE_ASSIGNMENT (( #9804 ) ) ;
#9804 = SURFACE_STYLE_USAGE ( .BOTH. , #9805 ) ;
#9805 = SURFACE_SIDE_STYLE ('',( #9806 ) ) ;
#9806 = SURFACE_STYLE_FILL_AREA ( #9813 ) ;
#9807 = COLOUR_RGB ( '',0.2509803921568627400, 0.2509803921568627400, 0.2509803921568627400 ) ;
#9808 = FACE_OUTER_BOUND ( 'NONE', #2045, .T. ) ;
#9809 = DIRECTION ( 'NONE',  ( 9.860761315262649800E-032, -1.000000000000000000, 2.820542642494454100E-015 ) ) ;
#9810 = DIRECTION ( 'NONE',  ( -7.395570986446987100E-030, 2.820542642494454100E-015, 1.000000000000000000 ) ) ;
#9811 = CARTESIAN_POINT ( 'NONE',  ( 7.749999999999985800, 12.10000000000001700, -6.699999999999999300 ) ) ;
#9812 = AXIS2_PLACEMENT_3D ( 'NONE', #9811, #9810, #9809 ) ;
#9813 = FILL_AREA_STYLE ('',( #9814 ) ) ;
#9814 = FILL_AREA_STYLE_COLOUR ( '', #9807 ) ;
#9815 = PLANE ( 'NONE',  #9812 ) ;
#9816 = CARTESIAN_POINT ( 'NONE',  ( 7.750000000000048800, -11.64059112617928800, -4.899999999999996800 ) ) ;
#9817 =( GEOMETRIC_REPRESENTATION_CONTEXT ( 3 ) GLOBAL_UNCERTAINTY_ASSIGNED_CONTEXT ( ( #9820 ) ) GLOBAL_UNIT_ASSIGNED_CONTEXT ( ( #9769, #9822, #9821 ) ) REPRESENTATION_CONTEXT ( 'NONE', 'WORKASPACE' ) );
#9818 = CARTESIAN_POINT ( 'NONE',  ( -11.24999999999997500, 11.88174539936733300, -5.799999999999998000 ) ) ;
#9819 = CARTESIAN_POINT ( 'NONE',  ( -11.24999999999997500, 11.67190695319758500, -6.249999999999996400 ) ) ;
#9820 = UNCERTAINTY_MEASURE_WITH_UNIT (LENGTH_MEASURE( 1.000000000000000100E-005 ), #9769, 'distance_accuracy_value', 'NONE');
#9821 =( NAMED_UNIT ( * ) SI_UNIT ( $, .STERADIAN. ) SOLID_ANGLE_UNIT ( ) );
#9822 =( NAMED_UNIT ( * ) PLANE_ANGLE_UNIT ( ) SI_UNIT ( $, .RADIAN. ) );
#9823 = DIRECTION ( 'NONE',  ( -9.860761315262649800E-032, 0.4226182617406961700, 0.9063077870366514900 ) ) ;
#9824 = DIRECTION ( 'NONE',  ( -2.366699901115322700E-015, 0.9063077870366514900, -0.4226182617406961700 ) ) ;
#9825 = CARTESIAN_POINT ( 'NONE',  ( 7.749999999999985800, 12.00232253596132300, -6.249999999999998200 ) ) ;
#9826 = AXIS2_PLACEMENT_3D ( 'NONE', #9825, #9824, #9823 ) ;
#9827 = LINE ( 'NONE', #9918, #9917 ) ;
#9828 = DIRECTION ( 'NONE',  ( 2.377298620851768700E-015, -0.9103664774626039100, 0.4138029443011859700 ) ) ;
#9829 = CARTESIAN_POINT ( 'NONE',  ( 7.749999999999992900, 11.00000000000001600, -6.699999999999999300 ) ) ;
#9830 = PLANE ( 'NONE',  #9826 ) ;
#9831 =( GEOMETRIC_REPRESENTATION_CONTEXT ( 3 ) GLOBAL_UNCERTAINTY_ASSIGNED_CONTEXT ( ( #9891 ) ) GLOBAL_UNIT_ASSIGNED_CONTEXT ( ( #9876, #9875, #9892 ) ) REPRESENTATION_CONTEXT ( 'NONE', 'WORKASPACE' ) );
#9832 =( GEOMETRIC_REPRESENTATION_CONTEXT ( 3 ) GLOBAL_UNCERTAINTY_ASSIGNED_CONTEXT ( ( #9913 ) ) GLOBAL_UNIT_ASSIGNED_CONTEXT ( ( #9914, #9841, #9853 ) ) REPRESENTATION_CONTEXT ( 'NONE', 'WORKASPACE' ) );
#9833 = FACE_OUTER_BOUND ( 'NONE', #2144, .T. ) ;
#9834 = DIRECTION ( 'NONE',  ( 1.000000000000000000, 2.611364411701354400E-015, 0.0000000000000000000 ) ) ;
#9835 = VECTOR ( 'NONE', #9834, 1000.000000000000000 ) ;
#9836 = CARTESIAN_POINT ( 'NONE',  ( 7.750000000000048800, -11.64059112617928800, -4.899999999999996800 ) ) ;
#9837 = LINE ( 'NONE', #9836, #9835 ) ;
#9838 = FILL_AREA_STYLE_COLOUR ( '', #9888 ) ;
#9839 = DIRECTION ( 'NONE',  ( -6.416096658305760200E-016, 0.05233595624294379300, -0.9986295347545739400 ) ) ;
#9840 = VECTOR ( 'NONE', #9839, 1000.000000000000100 ) ;
#9841 =( NAMED_UNIT ( * ) PLANE_ANGLE_UNIT ( ) SI_UNIT ( $, .RADIAN. ) );
#9842 = STYLED_ITEM ( 'NONE', ( #9923 ), #2056 ) ;
#9843 = SURFACE_STYLE_USAGE ( .BOTH. , #9845 ) ;
#9844 = SURFACE_STYLE_FILL_AREA ( #9873 ) ;
#9845 = SURFACE_SIDE_STYLE ('',( #9844 ) ) ;
#9846 = LINE ( 'NONE', #9912, #9911 ) ;
#9847 = DIRECTION ( 'NONE',  ( 9.860761315262647600E-032, -0.4138029443011859200, -0.9103664774626038000 ) ) ;
#9848 = CARTESIAN_POINT ( 'NONE',  ( 7.750000000000048800, -11.52001398958529100, -4.449999999999997500 ) ) ;
#9849 = PLANE ( 'NONE',  #9906 ) ;
#9850 =( GEOMETRIC_REPRESENTATION_CONTEXT ( 3 ) GLOBAL_UNCERTAINTY_ASSIGNED_CONTEXT ( ( #9851 ) ) GLOBAL_UNIT_ASSIGNED_CONTEXT ( ( #9879, #9878, #9852 ) ) REPRESENTATION_CONTEXT ( 'NONE', 'WORKASPACE' ) );
#9851 = UNCERTAINTY_MEASURE_WITH_UNIT (LENGTH_MEASURE( 1.000000000000000100E-005 ), #9879, 'distance_accuracy_value', 'NONE');
#9852 =( NAMED_UNIT ( * ) SI_UNIT ( $, .STERADIAN. ) SOLID_ANGLE_UNIT ( ) );
#9853 =( NAMED_UNIT ( * ) SI_UNIT ( $, .STERADIAN. ) SOLID_ANGLE_UNIT ( ) );
#9854 = FILL_AREA_STYLE_COLOUR ( '', #9900 ) ;
#9855 = FACE_OUTER_BOUND ( 'NONE', #2029, .T. ) ;
#9856 = PRESENTATION_LAYER_ASSIGNMENT (  '', '', ( #9857 ) ) ;
#9857 = STYLED_ITEM ( 'NONE', ( #9858 ), #2070 ) ;
#9858 = PRESENTATION_STYLE_ASSIGNMENT (( #9859 ) ) ;
#9859 = SURFACE_STYLE_USAGE ( .BOTH. , #9860 ) ;
#9860 = SURFACE_SIDE_STYLE ('',( #9861 ) ) ;
#9861 = SURFACE_STYLE_FILL_AREA ( #9862 ) ;
#9862 = FILL_AREA_STYLE ('',( #9863 ) ) ;
#9863 = FILL_AREA_STYLE_COLOUR ( '', #9864 ) ;
#9864 = COLOUR_RGB ( '',0.2509803921568627400, 0.2509803921568627400, 0.2509803921568627400 ) ;
#9865 = FACE_OUTER_BOUND ( 'NONE', #1996, .T. ) ;
#9866 = CARTESIAN_POINT ( 'NONE',  ( -7.750000000000027500, -10.99999999999997900, -6.699999999999999300 ) ) ;
#9867 = MECHANICAL_DESIGN_GEOMETRIC_PRESENTATION_REPRESENTATION (  '', ( #9842 ), #9832 ) ;
#9868 = DIRECTION ( 'NONE',  ( 1.000000000000000000, 2.611364411701354400E-015, 0.0000000000000000000 ) ) ;
#9869 = VECTOR ( 'NONE', #9868, 1000.000000000000000 ) ;
#9870 = CARTESIAN_POINT ( 'NONE',  ( 7.749999999999985800, 12.00232253596132300, -6.249999999999998200 ) ) ;
#9871 = LINE ( 'NONE', #9870, #9869 ) ;
#9872 = DIRECTION ( 'NONE',  ( 1.000000000000000000, 2.611364411701354400E-015, 0.0000000000000000000 ) ) ;
#9873 = FILL_AREA_STYLE ('',( #9854 ) ) ;
#9874 = PRESENTATION_LAYER_ASSIGNMENT (  '', '', ( #9842 ) ) ;
#9875 =( NAMED_UNIT ( * ) PLANE_ANGLE_UNIT ( ) SI_UNIT ( $, .RADIAN. ) );
#9876 =( LENGTH_UNIT ( ) NAMED_UNIT ( * ) SI_UNIT ( .MILLI., .METRE. ) );
#9877 = MECHANICAL_DESIGN_GEOMETRIC_PRESENTATION_REPRESENTATION (  '', ( #9857 ), #9831 ) ;
#9878 =( NAMED_UNIT ( * ) PLANE_ANGLE_UNIT ( ) SI_UNIT ( $, .RADIAN. ) );
#9879 =( LENGTH_UNIT ( ) NAMED_UNIT ( * ) SI_UNIT ( .MILLI., .METRE. ) );
#9880 = MECHANICAL_DESIGN_GEOMETRIC_PRESENTATION_REPRESENTATION (  '', ( #9882 ), #9850 ) ;
#9881 = PRESENTATION_LAYER_ASSIGNMENT (  '', '', ( #9882 ) ) ;
#9882 = STYLED_ITEM ( 'NONE', ( #9883 ), #2089 ) ;
#9883 = PRESENTATION_STYLE_ASSIGNMENT (( #9884 ) ) ;
#9884 = SURFACE_STYLE_USAGE ( .BOTH. , #9885 ) ;
#9885 = SURFACE_SIDE_STYLE ('',( #9886 ) ) ;
#9886 = SURFACE_STYLE_FILL_AREA ( #9887 ) ;
#9887 = FILL_AREA_STYLE ('',( #9838 ) ) ;
#9888 = COLOUR_RGB ( '',0.2509803921568627400, 0.2509803921568627400, 0.2509803921568627400 ) ;
#9889 = AXIS2_PLACEMENT_3D ( 'NONE', #9829, #9828, #9847 ) ;
#9890 = VECTOR ( 'NONE', #9872, 1000.000000000000000 ) ;
#9891 = UNCERTAINTY_MEASURE_WITH_UNIT (LENGTH_MEASURE( 1.000000000000000100E-005 ), #9876, 'distance_accuracy_value', 'NONE');
#9892 =( NAMED_UNIT ( * ) SI_UNIT ( $, .STERADIAN. ) SOLID_ANGLE_UNIT ( ) );
#9893 = CARTESIAN_POINT ( 'NONE',  ( 7.749999999999992900, 11.00000000000001600, -6.699999999999999300 ) ) ;
#9894 = LINE ( 'NONE', #9893, #9840 ) ;
#9895 = DIRECTION ( 'NONE',  ( -9.860761315262651900E-032, 0.4226182617406961700, 0.9063077870366514900 ) ) ;
#9896 = VECTOR ( 'NONE', #9895, 1000.000000000000100 ) ;
#9897 = CARTESIAN_POINT ( 'NONE',  ( 7.749999999999992900, 11.39943685299132700, -3.999999999999998200 ) ) ;
#9898 = LINE ( 'NONE', #9897, #9896 ) ;
#9899 = PLANE ( 'NONE',  #9889 ) ;
#9900 = COLOUR_RGB ( '',0.2509803921568627400, 0.2509803921568627400, 0.2509803921568627400 ) ;
#9901 = DIRECTION ( 'NONE',  ( 1.000000000000000000, 2.611364411701354400E-015, 0.0000000000000000000 ) ) ;
#9902 = VECTOR ( 'NONE', #9901, 1000.000000000000000 ) ;
#9903 = CARTESIAN_POINT ( 'NONE',  ( 7.749999999999992900, 11.18959840682158100, -4.449999999999997500 ) ) ;
#9904 = DIRECTION ( 'NONE',  ( -2.465190328815662400E-032, 0.4226182617406961700, -0.9063077870366514900 ) ) ;
#9905 = DIRECTION ( 'NONE',  ( 2.366699901115322700E-015, -0.9063077870366514900, -0.4226182617406961700 ) ) ;
#9906 = AXIS2_PLACEMENT_3D ( 'NONE', #9848, #9905, #9904 ) ;
#9907 = LINE ( 'NONE', #9903, #9902 ) ;
#9908 = CARTESIAN_POINT ( 'NONE',  ( 7.749999999999992900, 11.31017554341557800, -4.899999999999996800 ) ) ;
#9909 = CARTESIAN_POINT ( 'NONE',  ( 7.749999999999992900, 11.52001398958532600, -4.449999999999997500 ) ) ;
#9910 = DIRECTION ( 'NONE',  ( 9.860761315262649800E-032, -1.000000000000000000, 1.483603526480291300E-031 ) ) ;
#9911 = VECTOR ( 'NONE', #9910, 1000.000000000000000 ) ;
#9912 = CARTESIAN_POINT ( 'NONE',  ( 7.749999999999992900, 11.52001398958532600, -4.449999999999997500 ) ) ;
#9913 = UNCERTAINTY_MEASURE_WITH_UNIT (LENGTH_MEASURE( 1.000000000000000100E-005 ), #9914, 'distance_accuracy_value', 'NONE');
#9914 =( LENGTH_UNIT ( ) NAMED_UNIT ( * ) SI_UNIT ( .MILLI., .METRE. ) );
#9915 = CARTESIAN_POINT ( 'NONE',  ( -7.750000000000027500, -11.18959840682154400, -4.449999999999997500 ) ) ;
#9916 = DIRECTION ( 'NONE',  ( 2.465190328815663000E-032, 0.4226182617406961700, -0.9063077870366514900 ) ) ;
#9917 = VECTOR ( 'NONE', #9916, 1000.000000000000100 ) ;
#9918 = CARTESIAN_POINT ( 'NONE',  ( -7.750000000000027500, -11.39943685299129200, -3.999999999999998200 ) ) ;
#9919 = DIRECTION ( 'NONE',  ( -1.076750522861380800E-015, -0.4138029443011834200, 0.9103664774626050200 ) ) ;
#9920 = VECTOR ( 'NONE', #9919, 999.9999999999998900 ) ;
#9921 = CARTESIAN_POINT ( 'NONE',  ( -7.750000000000027500, -10.99999999999997900, -6.699999999999999300 ) ) ;
#9922 = LINE ( 'NONE', #9921, #9920 ) ;
#9923 = PRESENTATION_STYLE_ASSIGNMENT (( #9843 ) ) ;
#9924 = UNCERTAINTY_MEASURE_WITH_UNIT (LENGTH_MEASURE( 1.000000000000000100E-005 ), #10073, 'distance_accuracy_value', 'NONE');
#9925 =( NAMED_UNIT ( * ) SI_UNIT ( $, .STERADIAN. ) SOLID_ANGLE_UNIT ( ) );
#9926 =( LENGTH_UNIT ( ) NAMED_UNIT ( * ) SI_UNIT ( .MILLI., .METRE. ) );
#9927 = MECHANICAL_DESIGN_GEOMETRIC_PRESENTATION_REPRESENTATION (  '', ( #9929 ), #9957 ) ;
#9928 = PRESENTATION_LAYER_ASSIGNMENT (  '', '', ( #9929 ) ) ;
#9929 = STYLED_ITEM ( 'NONE', ( #9930 ), #2104 ) ;
#9930 = PRESENTATION_STYLE_ASSIGNMENT (( #9931 ) ) ;
#9931 = SURFACE_STYLE_USAGE ( .BOTH. , #10027 ) ;
#9932 = FILL_AREA_STYLE ('',( #10071 ) ) ;
#9933 = UNCERTAINTY_MEASURE_WITH_UNIT (LENGTH_MEASURE( 1.000000000000000100E-005 ), #9926, 'distance_accuracy_value', 'NONE');
#9934 =( NAMED_UNIT ( * ) SI_UNIT ( $, .STERADIAN. ) SOLID_ANGLE_UNIT ( ) );
#9935 =( NAMED_UNIT ( * ) PLANE_ANGLE_UNIT ( ) SI_UNIT ( $, .RADIAN. ) );
#9936 =( NAMED_UNIT ( * ) SI_UNIT ( $, .STERADIAN. ) SOLID_ANGLE_UNIT ( ) );
#9937 =( NAMED_UNIT ( * ) SI_UNIT ( $, .STERADIAN. ) SOLID_ANGLE_UNIT ( ) );
#9938 =( NAMED_UNIT ( * ) PLANE_ANGLE_UNIT ( ) SI_UNIT ( $, .RADIAN. ) );
#9939 = FILL_AREA_STYLE ('',( #9945 ) ) ;
#9940 = COLOUR_RGB ( '',0.2509803921568627400, 0.2509803921568627400, 0.2509803921568627400 ) ;
#9941 = DIRECTION ( 'NONE',  ( 1.000000000000000000, -9.860761315262647600E-032, -2.465190328815661900E-032 ) ) ;
#9942 = DIRECTION ( 'NONE',  ( 2.465190328815661900E-032, -1.483603526480291100E-031, 1.000000000000000000 ) ) ;
#9943 = AXIS2_PLACEMENT_3D ( 'NONE', #9946, #9942, #9941 ) ;
#9944 = FACE_OUTER_BOUND ( 'NONE', #2155, .T. ) ;
#9945 = FILL_AREA_STYLE_COLOUR ( '', #9940 ) ;
#9946 = CARTESIAN_POINT ( 'NONE',  ( 7.749999999999992900, 11.52001398958532600, -4.449999999999997500 ) ) ;
#9947 = PLANE ( 'NONE',  #9943 ) ;
#9948 = PRESENTATION_STYLE_ASSIGNMENT (( #10016 ) ) ;
#9949 = UNCERTAINTY_MEASURE_WITH_UNIT (LENGTH_MEASURE( 1.000000000000000100E-005 ), #9958, 'distance_accuracy_value', 'NONE');
#9950 =( NAMED_UNIT ( * ) SI_UNIT ( $, .STERADIAN. ) SOLID_ANGLE_UNIT ( ) );
#9951 =( NAMED_UNIT ( * ) PLANE_ANGLE_UNIT ( ) SI_UNIT ( $, .RADIAN. ) );
#9952 =( GEOMETRIC_REPRESENTATION_CONTEXT ( 3 ) GLOBAL_UNCERTAINTY_ASSIGNED_CONTEXT ( ( #9953 ) ) GLOBAL_UNIT_ASSIGNED_CONTEXT ( ( #10038, #10037, #9954 ) ) REPRESENTATION_CONTEXT ( 'NONE', 'WORKASPACE' ) );
#9953 = UNCERTAINTY_MEASURE_WITH_UNIT (LENGTH_MEASURE( 1.000000000000000100E-005 ), #10038, 'distance_accuracy_value', 'NONE');
#9954 =( NAMED_UNIT ( * ) SI_UNIT ( $, .STERADIAN. ) SOLID_ANGLE_UNIT ( ) );
#9955 = FACE_OUTER_BOUND ( 'NONE', #2094, .T. ) ;
#9956 =( LENGTH_UNIT ( ) NAMED_UNIT ( * ) SI_UNIT ( .MILLI., .METRE. ) );
#9957 =( GEOMETRIC_REPRESENTATION_CONTEXT ( 3 ) GLOBAL_UNCERTAINTY_ASSIGNED_CONTEXT ( ( #9933 ) ) GLOBAL_UNIT_ASSIGNED_CONTEXT ( ( #9926, #9935, #9934 ) ) REPRESENTATION_CONTEXT ( 'NONE', 'WORKASPACE' ) );
#9958 =( LENGTH_UNIT ( ) NAMED_UNIT ( * ) SI_UNIT ( .MILLI., .METRE. ) );
#9959 = MECHANICAL_DESIGN_GEOMETRIC_PRESENTATION_REPRESENTATION (  '', ( #9961 ), #10086 ) ;
#9960 = PRESENTATION_LAYER_ASSIGNMENT (  '', '', ( #9961 ) ) ;
#9961 = STYLED_ITEM ( 'NONE', ( #9962 ), #2115 ) ;
#9962 = PRESENTATION_STYLE_ASSIGNMENT (( #9963 ) ) ;
#9963 = SURFACE_STYLE_USAGE ( .BOTH. , #9964 ) ;
#9964 = SURFACE_SIDE_STYLE ('',( #9965 ) ) ;
#9965 = SURFACE_STYLE_FILL_AREA ( #9939 ) ;
#9966 = STYLED_ITEM ( 'NONE', ( #9948 ), #2093 ) ;
#9967 =( NAMED_UNIT ( * ) PLANE_ANGLE_UNIT ( ) SI_UNIT ( $, .RADIAN. ) );
#9968 = PRESENTATION_LAYER_ASSIGNMENT (  '', '', ( #9966 ) ) ;
#9969 =( LENGTH_UNIT ( ) NAMED_UNIT ( * ) SI_UNIT ( .MILLI., .METRE. ) );
#9970 = MECHANICAL_DESIGN_GEOMETRIC_PRESENTATION_REPRESENTATION (  '', ( #9972 ), #10087 ) ;
#9971 = PRESENTATION_LAYER_ASSIGNMENT (  '', '', ( #9972 ) ) ;
#9972 = STYLED_ITEM ( 'NONE', ( #9973 ), #2111 ) ;
#9973 = PRESENTATION_STYLE_ASSIGNMENT (( #9974 ) ) ;
#9974 = SURFACE_STYLE_USAGE ( .BOTH. , #9975 ) ;
#9975 = SURFACE_SIDE_STYLE ('',( #9976 ) ) ;
#9976 = SURFACE_STYLE_FILL_AREA ( #9977 ) ;
#9977 = FILL_AREA_STYLE ('',( #9978 ) ) ;
#9978 = FILL_AREA_STYLE_COLOUR ( '', #10051 ) ;
#9979 = MECHANICAL_DESIGN_GEOMETRIC_PRESENTATION_REPRESENTATION (  '', ( #9981 ), #10045 ) ;
#9980 = PRESENTATION_LAYER_ASSIGNMENT (  '', '', ( #9981 ) ) ;
#9981 = STYLED_ITEM ( 'NONE', ( #9982 ), #2095 ) ;
#9982 = PRESENTATION_STYLE_ASSIGNMENT (( #9983 ) ) ;
#9983 = SURFACE_STYLE_USAGE ( .BOTH. , #9984 ) ;
#9984 = SURFACE_SIDE_STYLE ('',( #10009 ) ) ;
#9985 =( GEOMETRIC_REPRESENTATION_CONTEXT ( 3 ) GLOBAL_UNCERTAINTY_ASSIGNED_CONTEXT ( ( #9989 ) ) GLOBAL_UNIT_ASSIGNED_CONTEXT ( ( #9956, #9967, #9936 ) ) REPRESENTATION_CONTEXT ( 'NONE', 'WORKASPACE' ) );
#9986 = CARTESIAN_POINT ( 'NONE',  ( 7.749999999999992900, 11.52001398958532600, -4.449999999999997500 ) ) ;
#9987 = AXIS2_PLACEMENT_3D ( 'NONE', #9986, #10013, #10012 ) ;
#9988 = PLANE ( 'NONE',  #9987 ) ;
#9989 = UNCERTAINTY_MEASURE_WITH_UNIT (LENGTH_MEASURE( 1.000000000000000100E-005 ), #9956, 'distance_accuracy_value', 'NONE');
#9990 = COLOUR_RGB ( '',0.2509803921568627400, 0.2509803921568627400, 0.2509803921568627400 ) ;
#9991 = DIRECTION ( 'NONE',  ( 1.000000000000000000, 2.611364411701354400E-015, 0.0000000000000000000 ) ) ;
#9992 = VECTOR ( 'NONE', #9991, 1000.000000000000000 ) ;
#9993 = CARTESIAN_POINT ( 'NONE',  ( 7.749999999999992900, 11.52001398958532600, -4.449999999999997500 ) ) ;
#9994 = DIRECTION ( 'NONE',  ( -9.860761315262649800E-032, 0.4226182617406961700, 0.9063077870366514900 ) ) ;
#9995 = DIRECTION ( 'NONE',  ( 1.000000000000000000, 2.611364411701354400E-015, 0.0000000000000000000 ) ) ;
#9996 = VECTOR ( 'NONE', #9995, 1000.000000000000000 ) ;
#9997 = CARTESIAN_POINT ( 'NONE',  ( 7.749999999999992900, 11.31017554341557800, -4.899999999999996800 ) ) ;
#9998 = LINE ( 'NONE', #9997, #9996 ) ;
#9999 = DIRECTION ( 'NONE',  ( 1.000000000000000000, 2.611364411701354400E-015, 0.0000000000000000000 ) ) ;
#10000 = CARTESIAN_POINT ( 'NONE',  ( 7.749999999999992900, 11.43075268000957900, -5.349999999999997000 ) ) ;
#10001 = LINE ( 'NONE', #10000, #10070 ) ;
#10002 = FILL_AREA_STYLE_COLOUR ( '', #10068 ) ;
#10003 = CARTESIAN_POINT ( 'NONE',  ( 7.749999999999992900, 11.18959840682158100, -4.449999999999997500 ) ) ;
#10004 = DIRECTION ( 'NONE',  ( -2.108503672457981700E-015, 1.000000000000000000, -1.428421015057422600E-031 ) ) ;
#10005 = DIRECTION ( 'NONE',  ( 1.000000000000000000, 2.108503672457981700E-015, -5.319881812040460200E-016 ) ) ;
#10006 = CARTESIAN_POINT ( 'NONE',  ( 7.749999999999985800, 11.35113212119639000, -13.39999999999999100 ) ) ;
#10007 = AXIS2_PLACEMENT_3D ( 'NONE', #10006, #10005, #10004 ) ;
#10008 = PLANE ( 'NONE',  #10007 ) ;
#10009 = SURFACE_STYLE_FILL_AREA ( #10014 ) ;
#10010 = COLOUR_RGB ( '',0.2509803921568627400, 0.2509803921568627400, 0.2509803921568627400 ) ;
#10011 = FACE_OUTER_BOUND ( 'NONE', #2090, .T. ) ;
#10012 = DIRECTION ( 'NONE',  ( -9.860761315262649800E-032, 0.4226182617406961700, 0.9063077870366514900 ) ) ;
#10013 = DIRECTION ( 'NONE',  ( -2.366699901115322700E-015, 0.9063077870366514900, -0.4226182617406961700 ) ) ;
#10014 = FILL_AREA_STYLE ('',( #10015 ) ) ;
#10015 = FILL_AREA_STYLE_COLOUR ( '', #10010 ) ;
#10016 = SURFACE_STYLE_USAGE ( .BOTH. , #10017 ) ;
#10017 = SURFACE_SIDE_STYLE ('',( #10036 ) ) ;
#10018 = DIRECTION ( 'NONE',  ( -9.860761315262651900E-032, 0.4226182617406961700, 0.9063077870366514900 ) ) ;
#10019 = VECTOR ( 'NONE', #10018, 1000.000000000000100 ) ;
#10020 = CARTESIAN_POINT ( 'NONE',  ( 7.749999999999985800, 11.88174539936732400, -5.799999999999998000 ) ) ;
#10021 = DIRECTION ( 'NONE',  ( -2.465190328815662400E-032, 0.4226182617406961700, -0.9063077870366514900 ) ) ;
#10022 = DIRECTION ( 'NONE',  ( 2.366699901115322700E-015, -0.9063077870366514900, -0.4226182617406961700 ) ) ;
#10023 = CARTESIAN_POINT ( 'NONE',  ( 7.750000000000048800, -11.64059112617928800, -4.899999999999996800 ) ) ;
#10024 = AXIS2_PLACEMENT_3D ( 'NONE', #10023, #10022, #10021 ) ;
#10025 = LINE ( 'NONE', #10020, #10019 ) ;
#10026 = FACE_OUTER_BOUND ( 'NONE', #2105, .T. ) ;
#10027 = SURFACE_SIDE_STYLE ('',( #10028 ) ) ;
#10028 = SURFACE_STYLE_FILL_AREA ( #10029 ) ;
#10029 = FILL_AREA_STYLE ('',( #10035 ) ) ;
#10030 = COLOUR_RGB ( '',0.2509803921568627400, 0.2509803921568627400, 0.2509803921568627400 ) ;
#10031 = DIRECTION ( 'NONE',  ( 1.000000000000000000, 2.611364411701354400E-015, 0.0000000000000000000 ) ) ;
#10032 = VECTOR ( 'NONE', #10031, 1000.000000000000000 ) ;
#10033 = CARTESIAN_POINT ( 'NONE',  ( 7.749999999999985800, 11.64059112617932400, -4.899999999999996800 ) ) ;
#10034 = LINE ( 'NONE', #10033, #10032 ) ;
#10035 = FILL_AREA_STYLE_COLOUR ( '', #10030 ) ;
#10036 = SURFACE_STYLE_FILL_AREA ( #9932 ) ;
#10037 =( NAMED_UNIT ( * ) PLANE_ANGLE_UNIT ( ) SI_UNIT ( $, .RADIAN. ) );
#10038 =( LENGTH_UNIT ( ) NAMED_UNIT ( * ) SI_UNIT ( .MILLI., .METRE. ) );
#10039 = MECHANICAL_DESIGN_GEOMETRIC_PRESENTATION_REPRESENTATION (  '', ( #10041 ), #9952 ) ;
#10040 = PRESENTATION_LAYER_ASSIGNMENT (  '', '', ( #10041 ) ) ;
#10041 = STYLED_ITEM ( 'NONE', ( #10042 ), #2121 ) ;
#10042 = PRESENTATION_STYLE_ASSIGNMENT (( #10043 ) ) ;
#10043 = SURFACE_STYLE_USAGE ( .BOTH. , #10044 ) ;
#10044 = SURFACE_SIDE_STYLE ('',( #10074 ) ) ;
#10045 =( GEOMETRIC_REPRESENTATION_CONTEXT ( 3 ) GLOBAL_UNCERTAINTY_ASSIGNED_CONTEXT ( ( #9924 ) ) GLOBAL_UNIT_ASSIGNED_CONTEXT ( ( #10073, #10072, #9925 ) ) REPRESENTATION_CONTEXT ( 'NONE', 'WORKASPACE' ) );
#10046 = MECHANICAL_DESIGN_GEOMETRIC_PRESENTATION_REPRESENTATION (  '', ( #9966 ), #9985 ) ;
#10047 = DIRECTION ( 'NONE',  ( -9.860761315262649800E-032, 0.4226182617406961700, 0.9063077870366514900 ) ) ;
#10048 = DIRECTION ( 'NONE',  ( -2.366699901115322700E-015, 0.9063077870366514900, -0.4226182617406961700 ) ) ;
#10049 = CARTESIAN_POINT ( 'NONE',  ( 7.749999999999985800, 11.64059112617932400, -4.899999999999996800 ) ) ;
#10050 = AXIS2_PLACEMENT_3D ( 'NONE', #10049, #10048, #10047 ) ;
#10051 = COLOUR_RGB ( '',0.2509803921568627400, 0.2509803921568627400, 0.2509803921568627400 ) ;
#10052 = FACE_OUTER_BOUND ( 'NONE', #2168, .T. ) ;
#10053 = PLANE ( 'NONE',  #10050 ) ;
#10054 = DIRECTION ( 'NONE',  ( -2.366699901115322700E-015, 0.9063077870366514900, -0.4226182617406961700 ) ) ;
#10055 = CARTESIAN_POINT ( 'NONE',  ( 7.749999999999992900, 11.39943685299132700, -3.999999999999998200 ) ) ;
#10056 = AXIS2_PLACEMENT_3D ( 'NONE', #10055, #10054, #9994 ) ;
#10057 = LINE ( 'NONE', #9993, #9992 ) ;
#10058 = PLANE ( 'NONE',  #10056 ) ;
#10059 =( LENGTH_UNIT ( ) NAMED_UNIT ( * ) SI_UNIT ( .MILLI., .METRE. ) );
#10060 = MECHANICAL_DESIGN_GEOMETRIC_PRESENTATION_REPRESENTATION (  '', ( #10062 ), #10205 ) ;
#10061 = PRESENTATION_LAYER_ASSIGNMENT (  '', '', ( #10062 ) ) ;
#10062 = STYLED_ITEM ( 'NONE', ( #10063 ), #2129 ) ;
#10063 = PRESENTATION_STYLE_ASSIGNMENT (( #10064 ) ) ;
#10064 = SURFACE_STYLE_USAGE ( .BOTH. , #10065 ) ;
#10065 = SURFACE_SIDE_STYLE ('',( #10066 ) ) ;
#10066 = SURFACE_STYLE_FILL_AREA ( #10067 ) ;
#10067 = FILL_AREA_STYLE ('',( #10002 ) ) ;
#10068 = COLOUR_RGB ( '',0.2509803921568627400, 0.2509803921568627400, 0.2509803921568627400 ) ;
#10069 = FACE_OUTER_BOUND ( 'NONE', #2106, .T. ) ;
#10070 = VECTOR ( 'NONE', #9999, 1000.000000000000000 ) ;
#10071 = FILL_AREA_STYLE_COLOUR ( '', #9990 ) ;
#10072 =( NAMED_UNIT ( * ) PLANE_ANGLE_UNIT ( ) SI_UNIT ( $, .RADIAN. ) );
#10073 =( LENGTH_UNIT ( ) NAMED_UNIT ( * ) SI_UNIT ( .MILLI., .METRE. ) );
#10074 = SURFACE_STYLE_FILL_AREA ( #10075 ) ;
#10075 = FILL_AREA_STYLE ('',( #10076 ) ) ;
#10076 = FILL_AREA_STYLE_COLOUR ( '', #10077 ) ;
#10077 = COLOUR_RGB ( '',0.2509803921568627400, 0.2509803921568627400, 0.2509803921568627400 ) ;
#10078 = FACE_OUTER_BOUND ( 'NONE', #2059, .T. ) ;
#10079 = CARTESIAN_POINT ( 'NONE',  ( 7.749999999999985800, 12.00232253596132300, -6.249999999999998200 ) ) ;
#10080 = DIRECTION ( 'NONE',  ( 9.860761315262649800E-032, -1.000000000000000000, 5.250126103214574900E-015 ) ) ;
#10081 = VECTOR ( 'NONE', #10080, 1000.000000000000000 ) ;
#10082 = CARTESIAN_POINT ( 'NONE',  ( 7.749999999999985800, 12.00232253596132300, -6.249999999999998200 ) ) ;
#10083 = LINE ( 'NONE', #10082, #10081 ) ;
#10084 = CARTESIAN_POINT ( 'NONE',  ( 7.749999999999985800, 11.67190695319757600, -6.249999999999996400 ) ) ;
#10085 = PLANE ( 'NONE',  #10024 ) ;
#10086 =( GEOMETRIC_REPRESENTATION_CONTEXT ( 3 ) GLOBAL_UNCERTAINTY_ASSIGNED_CONTEXT ( ( #9949 ) ) GLOBAL_UNIT_ASSIGNED_CONTEXT ( ( #9958, #9951, #9950 ) ) REPRESENTATION_CONTEXT ( 'NONE', 'WORKASPACE' ) );
#10087 =( GEOMETRIC_REPRESENTATION_CONTEXT ( 3 ) GLOBAL_UNCERTAINTY_ASSIGNED_CONTEXT ( ( #10088 ) ) GLOBAL_UNIT_ASSIGNED_CONTEXT ( ( #9969, #9938, #9937 ) ) REPRESENTATION_CONTEXT ( 'NONE', 'WORKASPACE' ) );
#10088 = UNCERTAINTY_MEASURE_WITH_UNIT (LENGTH_MEASURE( 1.000000000000000100E-005 ), #9969, 'distance_accuracy_value', 'NONE');
#10089 = PRESENTATION_LAYER_ASSIGNMENT (  '', '', ( #10090 ) ) ;
#10090 = STYLED_ITEM ( 'NONE', ( #10091 ), #2132 ) ;
#10091 = PRESENTATION_STYLE_ASSIGNMENT (( #10092 ) ) ;
#10092 = SURFACE_STYLE_USAGE ( .BOTH. , #10093 ) ;
#10093 = SURFACE_SIDE_STYLE ('',( #10094 ) ) ;
#10094 = SURFACE_STYLE_FILL_AREA ( #10095 ) ;
#10095 = FILL_AREA_STYLE ('',( #10206 ) ) ;
#10096 = CARTESIAN_POINT ( 'NONE',  ( 7.750000000000048800, -11.18959840682154400, -4.449999999999997500 ) ) ;
#10097 = LINE ( 'NONE', #10096, #10121 ) ;
#10098 = DIRECTION ( 'NONE',  ( 1.000000000000000000, 2.611364411701354400E-015, 0.0000000000000000000 ) ) ;
#10099 = VECTOR ( 'NONE', #10098, 1000.000000000000000 ) ;
#10100 = CARTESIAN_POINT ( 'NONE',  ( 7.749999999999985800, 11.76116826277332400, -5.349999999999997000 ) ) ;
#10101 = LINE ( 'NONE', #10100, #10099 ) ;
#10102 = DIRECTION ( 'NONE',  ( 1.000000000000000000, -9.860761315262647600E-032, -2.465190328815661900E-032 ) ) ;
#10103 = DIRECTION ( 'NONE',  ( 2.465190328815661900E-032, -1.483603526480291100E-031, 1.000000000000000000 ) ) ;
#10104 = CARTESIAN_POINT ( 'NONE',  ( 7.750000000000048800, -11.52001398958529100, -4.449999999999997500 ) ) ;
#10105 = AXIS2_PLACEMENT_3D ( 'NONE', #10104, #10103, #10102 ) ;
#10106 = PLANE ( 'NONE',  #10105 ) ;
#10107 = CARTESIAN_POINT ( 'NONE',  ( 7.749999999999985800, 11.64059112617932400, -4.899999999999996800 ) ) ;
#10108 = AXIS2_PLACEMENT_3D ( 'NONE', #10107, #10208, #10207 ) ;
#10109 = PLANE ( 'NONE',  #10108 ) ;
#10110 =( GEOMETRIC_REPRESENTATION_CONTEXT ( 3 ) GLOBAL_UNCERTAINTY_ASSIGNED_CONTEXT ( ( #10111 ) ) GLOBAL_UNIT_ASSIGNED_CONTEXT ( ( #10165, #10164, #10163 ) ) REPRESENTATION_CONTEXT ( 'NONE', 'WORKASPACE' ) );
#10111 = UNCERTAINTY_MEASURE_WITH_UNIT (LENGTH_MEASURE( 1.000000000000000100E-005 ), #10165, 'distance_accuracy_value', 'NONE');
#10112 = COLOUR_RGB ( '',0.2509803921568627400, 0.2509803921568627400, 0.2509803921568627400 ) ;
#10113 = FACE_OUTER_BOUND ( 'NONE', #2133, .T. ) ;
#10114 =( NAMED_UNIT ( * ) SI_UNIT ( $, .STERADIAN. ) SOLID_ANGLE_UNIT ( ) );
#10115 = DIRECTION ( 'NONE',  ( 1.000000000000000000, 2.611364411701354400E-015, 0.0000000000000000000 ) ) ;
#10116 = VECTOR ( 'NONE', #10115, 1000.000000000000000 ) ;
#10117 = CARTESIAN_POINT ( 'NONE',  ( 7.750000000000048800, -11.31017554341554100, -4.899999999999996800 ) ) ;
#10118 = FILL_AREA_STYLE_COLOUR ( '', #10144 ) ;
#10119 = LINE ( 'NONE', #10117, #10116 ) ;
#10120 = DIRECTION ( 'NONE',  ( 1.000000000000000000, 2.611364411701354400E-015, 0.0000000000000000000 ) ) ;
#10121 = VECTOR ( 'NONE', #10120, 1000.000000000000000 ) ;
#10122 = MECHANICAL_DESIGN_GEOMETRIC_PRESENTATION_REPRESENTATION (  '', ( #10124 ), #10171 ) ;
#10123 = PRESENTATION_LAYER_ASSIGNMENT (  '', '', ( #10124 ) ) ;
#10124 = STYLED_ITEM ( 'NONE', ( #10125 ), #2163 ) ;
#10125 = PRESENTATION_STYLE_ASSIGNMENT (( #10126 ) ) ;
#10126 = SURFACE_STYLE_USAGE ( .BOTH. , #10127 ) ;
#10127 = SURFACE_SIDE_STYLE ('',( #10128 ) ) ;
#10128 = SURFACE_STYLE_FILL_AREA ( #10129 ) ;
#10129 = FILL_AREA_STYLE ('',( #10134 ) ) ;
#10130 = COLOUR_RGB ( '',0.2509803921568627400, 0.2509803921568627400, 0.2509803921568627400 ) ;
#10131 = FACE_OUTER_BOUND ( 'NONE', #2161, .T. ) ;
#10132 = DIRECTION ( 'NONE',  ( 1.000000000000000000, 2.611364411701354400E-015, 0.0000000000000000000 ) ) ;
#10133 = VECTOR ( 'NONE', #10132, 1000.000000000000000 ) ;
#10134 = FILL_AREA_STYLE_COLOUR ( '', #10130 ) ;
#10135 =( NAMED_UNIT ( * ) PLANE_ANGLE_UNIT ( ) SI_UNIT ( $, .RADIAN. ) );
#10136 = MECHANICAL_DESIGN_GEOMETRIC_PRESENTATION_REPRESENTATION (  '', ( #10138 ), #10110 ) ;
#10137 = PRESENTATION_LAYER_ASSIGNMENT (  '', '', ( #10138 ) ) ;
#10138 = STYLED_ITEM ( 'NONE', ( #10139 ), #2146 ) ;
#10139 = PRESENTATION_STYLE_ASSIGNMENT (( #10140 ) ) ;
#10140 = SURFACE_STYLE_USAGE ( .BOTH. , #10141 ) ;
#10141 = SURFACE_SIDE_STYLE ('',( #10142 ) ) ;
#10142 = SURFACE_STYLE_FILL_AREA ( #10143 ) ;
#10143 = FILL_AREA_STYLE ('',( #10118 ) ) ;
#10144 = COLOUR_RGB ( '',0.2509803921568627400, 0.2509803921568627400, 0.2509803921568627400 ) ;
#10145 = FACE_OUTER_BOUND ( 'NONE', #2032, .T. ) ;
#10146 = DIRECTION ( 'NONE',  ( 1.000000000000000000, 2.611364411701354400E-015, 0.0000000000000000000 ) ) ;
#10147 = VECTOR ( 'NONE', #10146, 1000.000000000000000 ) ;
#10148 = CARTESIAN_POINT ( 'NONE',  ( 7.749999999999992900, 11.00000000000001600, -6.699999999999999300 ) ) ;
#10149 = LINE ( 'NONE', #10148, #10147 ) ;
#10150 = DIRECTION ( 'NONE',  ( -3.493763099184597500E-015, 0.4226182617406961700, 0.9063077870366514900 ) ) ;
#10151 = VECTOR ( 'NONE', #10150, 1000.000000000000100 ) ;
#10152 = CARTESIAN_POINT ( 'NONE',  ( 7.749999999999985800, 11.76116826277332400, -5.349999999999997000 ) ) ;
#10153 = LINE ( 'NONE', #10152, #10151 ) ;
#10154 = DIRECTION ( 'NONE',  ( 5.250126103214604900E-015, -1.000000000000000000, 1.506521953916711300E-031 ) ) ;
#10155 = VECTOR ( 'NONE', #10154, 1000.000000000000000 ) ;
#10156 = CARTESIAN_POINT ( 'NONE',  ( 7.749999999999985800, 11.64059112617932400, -4.899999999999996800 ) ) ;
#10157 = LINE ( 'NONE', #10156, #10155 ) ;
#10158 = CARTESIAN_POINT ( 'NONE',  ( 7.749999999999992900, 11.00000000000001600, -6.699999999999999300 ) ) ;
#10159 = DIRECTION ( 'NONE',  ( -9.860761315262651900E-032, 0.4226182617406961700, 0.9063077870366514900 ) ) ;
#10160 = VECTOR ( 'NONE', #10159, 1000.000000000000100 ) ;
#10161 = CARTESIAN_POINT ( 'NONE',  ( 7.749999999999992900, 11.52001398958532600, -4.449999999999997500 ) ) ;
#10162 = LINE ( 'NONE', #10161, #10160 ) ;
#10163 =( NAMED_UNIT ( * ) SI_UNIT ( $, .STERADIAN. ) SOLID_ANGLE_UNIT ( ) );
#10164 =( NAMED_UNIT ( * ) PLANE_ANGLE_UNIT ( ) SI_UNIT ( $, .RADIAN. ) );
#10165 =( LENGTH_UNIT ( ) NAMED_UNIT ( * ) SI_UNIT ( .MILLI., .METRE. ) );
#10166 = DIRECTION ( 'NONE',  ( -9.860761315262649800E-032, 0.4226182617406961700, 0.9063077870366514900 ) ) ;
#10167 = DIRECTION ( 'NONE',  ( -2.366699901115322700E-015, 0.9063077870366514900, -0.4226182617406961700 ) ) ;
#10168 = CARTESIAN_POINT ( 'NONE',  ( 7.749999999999985800, 11.76116826277332400, -5.349999999999997000 ) ) ;
#10169 = AXIS2_PLACEMENT_3D ( 'NONE', #10168, #10167, #10166 ) ;
#10170 = PLANE ( 'NONE',  #10169 ) ;
#10171 =( GEOMETRIC_REPRESENTATION_CONTEXT ( 3 ) GLOBAL_UNCERTAINTY_ASSIGNED_CONTEXT ( ( #10184 ) ) GLOBAL_UNIT_ASSIGNED_CONTEXT ( ( #10187, #10186, #10185 ) ) REPRESENTATION_CONTEXT ( 'NONE', 'WORKASPACE' ) );
#10172 = DIRECTION ( 'NONE',  ( 5.250126103214604900E-015, -1.000000000000000000, 1.506521953916711300E-031 ) ) ;
#10173 = VECTOR ( 'NONE', #10172, 1000.000000000000000 ) ;
#10174 = CARTESIAN_POINT ( 'NONE',  ( 7.749999999999985800, 11.76116826277332400, -5.349999999999997000 ) ) ;
#10175 = LINE ( 'NONE', #10174, #10173 ) ;
#10176 = CARTESIAN_POINT ( 'NONE',  ( 7.749999999999992900, 11.39943685299132700, -3.999999999999998200 ) ) ;
#10177 = DIRECTION ( 'NONE',  ( 3.206881258818513900E-015, -1.000000000000000000, 1.445548967516099300E-031 ) ) ;
#10178 = VECTOR ( 'NONE', #10177, 1000.000000000000000 ) ;
#10179 = CARTESIAN_POINT ( 'NONE',  ( 7.749999999999992900, 11.39943685299132700, -3.999999999999998200 ) ) ;
#10180 = LINE ( 'NONE', #10179, #10178 ) ;
#10181 = CARTESIAN_POINT ( 'NONE',  ( 7.749999999999985800, 11.76116826277332400, -5.349999999999997000 ) ) ;
#10182 = PLANE ( 'NONE',  #10204 ) ;
#10183 =( GEOMETRIC_REPRESENTATION_CONTEXT ( 3 ) GLOBAL_UNCERTAINTY_ASSIGNED_CONTEXT ( ( #10188 ) ) GLOBAL_UNIT_ASSIGNED_CONTEXT ( ( #10192, #10191, #10189 ) ) REPRESENTATION_CONTEXT ( 'NONE', 'WORKASPACE' ) );
#10184 = UNCERTAINTY_MEASURE_WITH_UNIT (LENGTH_MEASURE( 1.000000000000000100E-005 ), #10187, 'distance_accuracy_value', 'NONE');
#10185 =( NAMED_UNIT ( * ) SI_UNIT ( $, .STERADIAN. ) SOLID_ANGLE_UNIT ( ) );
#10186 =( NAMED_UNIT ( * ) PLANE_ANGLE_UNIT ( ) SI_UNIT ( $, .RADIAN. ) );
#10187 =( LENGTH_UNIT ( ) NAMED_UNIT ( * ) SI_UNIT ( .MILLI., .METRE. ) );
#10188 = UNCERTAINTY_MEASURE_WITH_UNIT (LENGTH_MEASURE( 1.000000000000000100E-005 ), #10192, 'distance_accuracy_value', 'NONE');
#10189 =( NAMED_UNIT ( * ) SI_UNIT ( $, .STERADIAN. ) SOLID_ANGLE_UNIT ( ) );
#10190 = UNCERTAINTY_MEASURE_WITH_UNIT (LENGTH_MEASURE( 1.000000000000000100E-005 ), #10059, 'distance_accuracy_value', 'NONE');
#10191 =( NAMED_UNIT ( * ) PLANE_ANGLE_UNIT ( ) SI_UNIT ( $, .RADIAN. ) );
#10192 =( LENGTH_UNIT ( ) NAMED_UNIT ( * ) SI_UNIT ( .MILLI., .METRE. ) );
#10193 = MECHANICAL_DESIGN_GEOMETRIC_PRESENTATION_REPRESENTATION (  '', ( #10090 ), #10183 ) ;
#10194 = LINE ( 'NONE', #10199, #10133 ) ;
#10195 = DIRECTION ( 'NONE',  ( 1.000000000000000000, -9.860761315262647600E-032, -2.465190328815661900E-032 ) ) ;
#10196 = DIRECTION ( 'NONE',  ( 2.465190328815661900E-032, -1.483603526480291100E-031, 1.000000000000000000 ) ) ;
#10197 = CARTESIAN_POINT ( 'NONE',  ( 7.750000000000048800, -11.64059112617928800, -4.899999999999996800 ) ) ;
#10198 = AXIS2_PLACEMENT_3D ( 'NONE', #10197, #10196, #10195 ) ;
#10199 = CARTESIAN_POINT ( 'NONE',  ( 7.749999999999992900, 11.39943685299132700, -3.999999999999998200 ) ) ;
#10200 = PLANE ( 'NONE',  #10198 ) ;
#10201 =( GEOMETRIC_REPRESENTATION_CONTEXT ( 3 ) GLOBAL_UNCERTAINTY_ASSIGNED_CONTEXT ( ( #10209 ) ) GLOBAL_UNIT_ASSIGNED_CONTEXT ( ( #10212, #10211, #10210 ) ) REPRESENTATION_CONTEXT ( 'NONE', 'WORKASPACE' ) );
#10202 = DIRECTION ( 'NONE',  ( 1.000000000000000000, -9.860761315262647600E-032, -2.465190328815661900E-032 ) ) ;
#10203 = DIRECTION ( 'NONE',  ( 2.465190328815661900E-032, -1.483603526480291100E-031, 1.000000000000000000 ) ) ;
#10204 = AXIS2_PLACEMENT_3D ( 'NONE', #10181, #10203, #10202 ) ;
#10205 =( GEOMETRIC_REPRESENTATION_CONTEXT ( 3 ) GLOBAL_UNCERTAINTY_ASSIGNED_CONTEXT ( ( #10190 ) ) GLOBAL_UNIT_ASSIGNED_CONTEXT ( ( #10059, #10135, #10114 ) ) REPRESENTATION_CONTEXT ( 'NONE', 'WORKASPACE' ) );
#10206 = FILL_AREA_STYLE_COLOUR ( '', #10112 ) ;
#10207 = DIRECTION ( 'NONE',  ( 1.000000000000000000, -9.860761315262647600E-032, -2.465190328815661900E-032 ) ) ;
#10208 = DIRECTION ( 'NONE',  ( 2.465190328815661900E-032, -1.483603526480291100E-031, 1.000000000000000000 ) ) ;
#10209 = UNCERTAINTY_MEASURE_WITH_UNIT (LENGTH_MEASURE( 1.000000000000000100E-005 ), #10212, 'distance_accuracy_value', 'NONE');
#10210 =( NAMED_UNIT ( * ) SI_UNIT ( $, .STERADIAN. ) SOLID_ANGLE_UNIT ( ) );
#10211 =( NAMED_UNIT ( * ) PLANE_ANGLE_UNIT ( ) SI_UNIT ( $, .RADIAN. ) );
#10212 =( LENGTH_UNIT ( ) NAMED_UNIT ( * ) SI_UNIT ( .MILLI., .METRE. ) );
#10213 = MECHANICAL_DESIGN_GEOMETRIC_PRESENTATION_REPRESENTATION (  '', ( #10215 ), #10201 ) ;
#10214 = PRESENTATION_LAYER_ASSIGNMENT (  '', '', ( #10215 ) ) ;
#10215 = STYLED_ITEM ( 'NONE', ( #10216 ), #2160 ) ;
#10216 = PRESENTATION_STYLE_ASSIGNMENT (( #10217 ) ) ;
#10217 = SURFACE_STYLE_USAGE ( .BOTH. , #10218 ) ;
#10218 = SURFACE_SIDE_STYLE ('',( #10219 ) ) ;
#10219 = SURFACE_STYLE_FILL_AREA ( #10220 ) ;
#10220 = FILL_AREA_STYLE ('',( #10227 ) ) ;
#10221 = COLOUR_RGB ( '',0.2509803921568627400, 0.2509803921568627400, 0.2509803921568627400 ) ;
#10222 = FACE_OUTER_BOUND ( 'NONE', #2145, .T. ) ;
#10223 = DIRECTION ( 'NONE',  ( 1.000000000000000000, 2.611364411701354400E-015, 0.0000000000000000000 ) ) ;
#10224 = VECTOR ( 'NONE', #10223, 1000.000000000000000 ) ;
#10225 = CARTESIAN_POINT ( 'NONE',  ( 7.750000000000048800, -11.52001398958529100, -4.449999999999997500 ) ) ;
#10226 = LINE ( 'NONE', #10225, #10224 ) ;
#10227 = FILL_AREA_STYLE_COLOUR ( '', #10221 ) ;
#10228 = DIRECTION ( 'NONE',  ( 1.000000000000000000, 2.611364411701354400E-015, 0.0000000000000000000 ) ) ;
#10229 = VECTOR ( 'NONE', #10228, 1000.000000000000000 ) ;
#10230 = CARTESIAN_POINT ( 'NONE',  ( 7.750000000000041700, -10.85849899593576500, -3.999999999999998200 ) ) ;
#10231 = LINE ( 'NONE', #10230, #10229 ) ;
#10232 =( GEOMETRIC_REPRESENTATION_CONTEXT ( 3 ) GLOBAL_UNCERTAINTY_ASSIGNED_CONTEXT ( ( #10264 ) ) GLOBAL_UNIT_ASSIGNED_CONTEXT ( ( #10241, #10251, #10250 ) ) REPRESENTATION_CONTEXT ( 'NONE', 'WORKASPACE' ) );
#10233 =( LENGTH_UNIT ( ) NAMED_UNIT ( * ) SI_UNIT ( .MILLI., .METRE. ) );
#10234 = CARTESIAN_POINT ( 'NONE',  ( 7.749999999999985800, 11.64059112617932400, -4.899999999999996800 ) ) ;
#10235 = DIRECTION ( 'NONE',  ( -9.860761315262651900E-032, 0.4226182617406961700, 0.9063077870366514900 ) ) ;
#10236 = VECTOR ( 'NONE', #10235, 1000.000000000000100 ) ;
#10237 = CARTESIAN_POINT ( 'NONE',  ( 7.749999999999985800, 12.00232253596132300, -6.249999999999998200 ) ) ;
#10238 = LINE ( 'NONE', #10237, #10236 ) ;
#10239 = MECHANICAL_DESIGN_GEOMETRIC_PRESENTATION_REPRESENTATION (  '', ( #10454 ), #10476 ) ;
#10240 = CARTESIAN_POINT ( 'NONE',  ( 7.749999999999992900, 11.43075268000957900, -5.349999999999997000 ) ) ;
#10241 =( LENGTH_UNIT ( ) NAMED_UNIT ( * ) SI_UNIT ( .MILLI., .METRE. ) );
#10242 = MECHANICAL_DESIGN_GEOMETRIC_PRESENTATION_REPRESENTATION (  '', ( #10245 ), #10232 ) ;
#10243 = PRESENTATION_LAYER_ASSIGNMENT (  '', '', ( #10245 ) ) ;
#10244 = VECTOR ( 'NONE', #10272, 1000.000000000000200 ) ;
#10245 = STYLED_ITEM ( 'NONE', ( #10246 ), #2224 ) ;
#10246 = PRESENTATION_STYLE_ASSIGNMENT (( #10247 ) ) ;
#10247 = SURFACE_STYLE_USAGE ( .BOTH. , #10248 ) ;
#10248 = SURFACE_SIDE_STYLE ('',( #10249 ) ) ;
#10249 = SURFACE_STYLE_FILL_AREA ( #10254 ) ;
#10250 =( NAMED_UNIT ( * ) SI_UNIT ( $, .STERADIAN. ) SOLID_ANGLE_UNIT ( ) );
#10251 =( NAMED_UNIT ( * ) PLANE_ANGLE_UNIT ( ) SI_UNIT ( $, .RADIAN. ) );
#10252 = LINE ( 'NONE', #10285, #10284 ) ;
#10253 = CARTESIAN_POINT ( 'NONE',  ( -11.25000000000003000, -11.67190695319752400, -6.249999999999996400 ) ) ;
#10254 = FILL_AREA_STYLE ('',( #10278 ) ) ;
#10255 = COLOUR_RGB ( '',0.2509803921568627400, 0.2509803921568627400, 0.2509803921568627400 ) ;
#10256 = FACE_OUTER_BOUND ( 'NONE', #2211, .T. ) ;
#10257 = DIRECTION ( 'NONE',  ( 9.209915483168969400E-016, 0.3583679495453007100, -0.9335804264972015200 ) ) ;
#10258 = CARTESIAN_POINT ( 'NONE',  ( -11.25000000000003000, -11.79248408979152700, -6.699999999999999300 ) ) ;
#10259 = DIRECTION ( 'NONE',  ( 2.465190328815663000E-032, 0.4226182617406961700, -0.9063077870366514900 ) ) ;
#10260 = VECTOR ( 'NONE', #10259, 1000.000000000000100 ) ;
#10261 = CARTESIAN_POINT ( 'NONE',  ( -11.25000000000003000, -11.39943685299128100, -3.999999999999998200 ) ) ;
#10262 = LINE ( 'NONE', #10261, #10260 ) ;
#10263 = CARTESIAN_POINT ( 'NONE',  ( 7.749999999999985800, 12.10000000000001700, -6.699999999999999300 ) ) ;
#10264 = UNCERTAINTY_MEASURE_WITH_UNIT (LENGTH_MEASURE( 1.000000000000000100E-005 ), #10241, 'distance_accuracy_value', 'NONE');
#10265 = DIRECTION ( 'NONE',  ( 1.000000000000000000, 2.611364411701354400E-015, 0.0000000000000000000 ) ) ;
#10266 = VECTOR ( 'NONE', #10265, 1000.000000000000000 ) ;
#10267 = CARTESIAN_POINT ( 'NONE',  ( 7.749999999999992900, 10.85849899593580400, -3.999999999999998200 ) ) ;
#10268 = LINE ( 'NONE', #10281, #10280 ) ;
#10269 = CARTESIAN_POINT ( 'NONE',  ( -11.25000000000003000, -11.18959840682153300, -4.449999999999997500 ) ) ;
#10270 = CARTESIAN_POINT ( 'NONE',  ( -11.25000000000003000, -11.52001398958527800, -4.449999999999997500 ) ) ;
#10271 = LINE ( 'NONE', #10290, #10289 ) ;
#10272 = DIRECTION ( 'NONE',  ( 1.178532910594544900E-015, -0.4138029443011858600, -0.9103664774626038000 ) ) ;
#10273 = CARTESIAN_POINT ( 'NONE',  ( 7.749999999999992900, 11.00000000000001600, -6.699999999999999300 ) ) ;
#10274 = LINE ( 'NONE', #10273, #10244 ) ;
#10275 = VECTOR ( 'NONE', #10257, 1000.000000000000200 ) ;
#10276 = CARTESIAN_POINT ( 'NONE',  ( -11.25000000000003000, -12.09999999999996400, -6.699999999999999300 ) ) ;
#10277 = LINE ( 'NONE', #10276, #10275 ) ;
#10278 = FILL_AREA_STYLE_COLOUR ( '', #10255 ) ;
#10279 = DIRECTION ( 'NONE',  ( -5.250126103214604900E-015, -1.000000000000000000, 1.460685099043872000E-031 ) ) ;
#10280 = VECTOR ( 'NONE', #10279, 1000.000000000000000 ) ;
#10281 = CARTESIAN_POINT ( 'NONE',  ( -11.25000000000003000, -11.64059112617927700, -4.899999999999996800 ) ) ;
#10282 = LINE ( 'NONE', #10294, #10293 ) ;
#10283 = DIRECTION ( 'NONE',  ( 6.416096658305759200E-016, 0.05233595624294379300, 0.9986295347545739400 ) ) ;
#10284 = VECTOR ( 'NONE', #10283, 1000.000000000000100 ) ;
#10285 = CARTESIAN_POINT ( 'NONE',  ( -11.25000000000003000, -10.99999999999996800, -6.699999999999999300 ) ) ;
#10286 = CARTESIAN_POINT ( 'NONE',  ( -7.750000000000027500, -9.399999999999980800, -13.73374047467324900 ) ) ;
#10287 = CARTESIAN_POINT ( 'NONE',  ( 7.749999999999992900, 10.85849899593580400, -3.999999999999998200 ) ) ;
#10288 = DIRECTION ( 'NONE',  ( 2.465190328815662400E-032, 1.483603526480291300E-031, -1.000000000000000000 ) ) ;
#10289 = VECTOR ( 'NONE', #10288, 1000.000000000000000 ) ;
#10290 = CARTESIAN_POINT ( 'NONE',  ( -11.25000000000003000, -9.399999999999970200, -13.73374047467324900 ) ) ;
#10291 = LINE ( 'NONE', #10267, #10266 ) ;
#10292 = DIRECTION ( 'NONE',  ( 0.0000000000000000000, -1.000000000000000000, -5.250126103214574900E-015 ) ) ;
#10293 = VECTOR ( 'NONE', #10292, 1000.000000000000000 ) ;
#10294 = CARTESIAN_POINT ( 'NONE',  ( -7.750000000000041700, -12.00232253596128200, -6.249999999999998200 ) ) ;
#10295 = CARTESIAN_POINT ( 'NONE',  ( 7.749999999999985800, 11.79248408979157500, -6.699999999999999300 ) ) ;
#10296 = PRESENTATION_STYLE_ASSIGNMENT (( #10297 ) ) ;
#10297 = SURFACE_STYLE_USAGE ( .BOTH. , #10298 ) ;
#10298 = SURFACE_SIDE_STYLE ('',( #10299 ) ) ;
#10299 = SURFACE_STYLE_FILL_AREA ( #10317 ) ;
#10300 = AXIS2_PLACEMENT_3D ( 'NONE', #10342, #10341, #10321 ) ;
#10301 = PLANE ( 'NONE',  #10300 ) ;
#10302 = VECTOR ( 'NONE', #10384, 1000.000000000000000 ) ;
#10303 =( NAMED_UNIT ( * ) PLANE_ANGLE_UNIT ( ) SI_UNIT ( $, .RADIAN. ) );
#10304 =( LENGTH_UNIT ( ) NAMED_UNIT ( * ) SI_UNIT ( .MILLI., .METRE. ) );
#10305 = COLOUR_RGB ( '',0.2509803921568627400, 0.2509803921568627400, 0.2509803921568627400 ) ;
#10306 = VECTOR ( 'NONE', #10448, 1000.000000000000100 ) ;
#10307 = CARTESIAN_POINT ( 'NONE',  ( -7.750000000000027500, -11.39943685299129200, -3.999999999999998200 ) ) ;
#10308 = DIRECTION ( 'NONE',  ( -1.000000000000000000, 2.611364411701354400E-015, 2.465190328815661900E-032 ) ) ;
#10309 = VECTOR ( 'NONE', #10308, 1000.000000000000000 ) ;
#10310 = CARTESIAN_POINT ( 'NONE',  ( -7.750000000000027500, -11.43075268000954000, -5.349999999999997000 ) ) ;
#10311 = LINE ( 'NONE', #10357, #10356 ) ;
#10312 = DIRECTION ( 'NONE',  ( 9.209915483168969400E-016, 0.3583679495453007100, -0.9335804264972015200 ) ) ;
#10313 = PRESENTATION_STYLE_ASSIGNMENT (( #10314 ) ) ;
#10314 = SURFACE_STYLE_USAGE ( .BOTH. , #10315 ) ;
#10315 = SURFACE_SIDE_STYLE ('',( #10416 ) ) ;
#10316 = CARTESIAN_POINT ( 'NONE',  ( -7.750000000000041700, -12.09999999999997500, -6.699999999999999300 ) ) ;
#10317 = FILL_AREA_STYLE ('',( #10427 ) ) ;
#10318 = COLOUR_RGB ( '',0.2509803921568627400, 0.2509803921568627400, 0.2509803921568627400 ) ;
#10319 = FACE_OUTER_BOUND ( 'NONE', #2231, .T. ) ;
#10320 = DIRECTION ( 'NONE',  ( -5.250126103214604900E-015, -1.000000000000000000, 1.460685099043872000E-031 ) ) ;
#10321 = DIRECTION ( 'NONE',  ( -1.000000000000000000, 9.860761315262647600E-032, 2.465190328815661900E-032 ) ) ;
#10322 =( GEOMETRIC_REPRESENTATION_CONTEXT ( 3 ) GLOBAL_UNCERTAINTY_ASSIGNED_CONTEXT ( ( #10383 ) ) GLOBAL_UNIT_ASSIGNED_CONTEXT ( ( #10304, #10425, #10403 ) ) REPRESENTATION_CONTEXT ( 'NONE', 'WORKASPACE' ) );
#10323 =( NAMED_UNIT ( * ) SI_UNIT ( $, .STERADIAN. ) SOLID_ANGLE_UNIT ( ) );
#10324 = VECTOR ( 'NONE', #10320, 1000.000000000000000 ) ;
#10325 = CARTESIAN_POINT ( 'NONE',  ( -11.25000000000003000, -11.88174539936727400, -5.799999999999998000 ) ) ;
#10326 = LINE ( 'NONE', #10325, #10324 ) ;
#10327 =( GEOMETRIC_REPRESENTATION_CONTEXT ( 3 ) GLOBAL_UNCERTAINTY_ASSIGNED_CONTEXT ( ( #10330 ) ) GLOBAL_UNIT_ASSIGNED_CONTEXT ( ( #10429, #10348, #10402 ) ) REPRESENTATION_CONTEXT ( 'NONE', 'WORKASPACE' ) );
#10328 = CARTESIAN_POINT ( 'NONE',  ( -11.25000000000003000, -12.00232253596127100, -6.249999999999998200 ) ) ;
#10329 = UNCERTAINTY_MEASURE_WITH_UNIT (LENGTH_MEASURE( 1.000000000000000100E-005 ), #10332, 'distance_accuracy_value', 'NONE');
#10330 = UNCERTAINTY_MEASURE_WITH_UNIT (LENGTH_MEASURE( 1.000000000000000100E-005 ), #10429, 'distance_accuracy_value', 'NONE');
#10331 = CARTESIAN_POINT ( 'NONE',  ( -7.750000000000041700, -11.79248408979153800, -6.699999999999999300 ) ) ;
#10332 =( LENGTH_UNIT ( ) NAMED_UNIT ( * ) SI_UNIT ( .MILLI., .METRE. ) );
#10333 = DIRECTION ( 'NONE',  ( -2.465190328815662400E-032, 0.4138029443011833600, -0.9103664774626050200 ) ) ;
#10334 = DIRECTION ( 'NONE',  ( -2.377298620851771000E-015, -0.9103664774626050200, -0.4138029443011833600 ) ) ;
#10335 = CARTESIAN_POINT ( 'NONE',  ( -7.750000000000027500, -10.99999999999997900, -6.699999999999999300 ) ) ;
#10336 =( GEOMETRIC_REPRESENTATION_CONTEXT ( 3 ) GLOBAL_UNCERTAINTY_ASSIGNED_CONTEXT ( ( #10339 ) ) GLOBAL_UNIT_ASSIGNED_CONTEXT ( ( #10367, #10469, #10347 ) ) REPRESENTATION_CONTEXT ( 'NONE', 'WORKASPACE' ) );
#10337 =( LENGTH_UNIT ( ) NAMED_UNIT ( * ) SI_UNIT ( .MILLI., .METRE. ) );
#10338 = LINE ( 'NONE', #10346, #10345 ) ;
#10339 = UNCERTAINTY_MEASURE_WITH_UNIT (LENGTH_MEASURE( 1.000000000000000100E-005 ), #10367, 'distance_accuracy_value', 'NONE');
#10340 = MECHANICAL_DESIGN_GEOMETRIC_PRESENTATION_REPRESENTATION (  '', ( #10420 ), #10444 ) ;
#10341 = DIRECTION ( 'NONE',  ( -2.465190328815661900E-032, 1.483603526480291100E-031, -1.000000000000000000 ) ) ;
#10342 = CARTESIAN_POINT ( 'NONE',  ( -7.750000000000041700, -11.64059112617928800, -4.899999999999996800 ) ) ;
#10343 = CARTESIAN_POINT ( 'NONE',  ( -11.25000000000003000, -11.39943685299128100, -3.999999999999998200 ) ) ;
#10344 = DIRECTION ( 'NONE',  ( 9.860761315262649800E-032, -1.000000000000000000, -2.820542642494452900E-015 ) ) ;
#10345 = VECTOR ( 'NONE', #10344, 1000.000000000000000 ) ;
#10346 = CARTESIAN_POINT ( 'NONE',  ( -11.25000000000003000, -12.09999999999996400, -6.699999999999999300 ) ) ;
#10347 =( NAMED_UNIT ( * ) SI_UNIT ( $, .STERADIAN. ) SOLID_ANGLE_UNIT ( ) );
#10348 =( NAMED_UNIT ( * ) PLANE_ANGLE_UNIT ( ) SI_UNIT ( $, .RADIAN. ) );
#10349 = MECHANICAL_DESIGN_GEOMETRIC_PRESENTATION_REPRESENTATION (  '', ( #10351 ), #10322 ) ;
#10350 = PRESENTATION_LAYER_ASSIGNMENT (  '', '', ( #10351 ) ) ;
#10351 = STYLED_ITEM ( 'NONE', ( #10380 ), #2234 ) ;
#10352 = AXIS2_PLACEMENT_3D ( 'NONE', #10335, #10334, #10333 ) ;
#10353 = PLANE ( 'NONE',  #10352 ) ;
#10354 = FACE_OUTER_BOUND ( 'NONE', #2286, .T. ) ;
#10355 = DIRECTION ( 'NONE',  ( 0.0000000000000000000, -1.000000000000000000, -5.250126103214574900E-015 ) ) ;
#10356 = VECTOR ( 'NONE', #10355, 1000.000000000000000 ) ;
#10357 = CARTESIAN_POINT ( 'NONE',  ( -11.25000000000003000, -12.00232253596127100, -6.249999999999998200 ) ) ;
#10358 = FILL_AREA_STYLE_COLOUR ( '', #10460 ) ;
#10359 = CARTESIAN_POINT ( 'NONE',  ( -11.25000000000003000, -11.64059112617927700, -4.899999999999996800 ) ) ;
#10360 = VECTOR ( 'NONE', #10368, 1000.000000000000100 ) ;
#10361 = MECHANICAL_DESIGN_GEOMETRIC_PRESENTATION_REPRESENTATION (  '', ( #10363 ), #10411 ) ;
#10362 = PRESENTATION_LAYER_ASSIGNMENT (  '', '', ( #10363 ) ) ;
#10363 = STYLED_ITEM ( 'NONE', ( #10296 ), #2258 ) ;
#10364 = DIRECTION ( 'NONE',  ( 9.860761315262649800E-032, -1.000000000000000000, 1.483603526480291300E-031 ) ) ;
#10365 = VECTOR ( 'NONE', #10364, 1000.000000000000000 ) ;
#10366 = CARTESIAN_POINT ( 'NONE',  ( -11.25000000000003000, -11.52001398958527800, -4.449999999999997500 ) ) ;
#10367 =( LENGTH_UNIT ( ) NAMED_UNIT ( * ) SI_UNIT ( .MILLI., .METRE. ) );
#10368 = DIRECTION ( 'NONE',  ( 3.493763099184597100E-015, 0.4226182617406961700, -0.9063077870366514900 ) ) ;
#10369 = CARTESIAN_POINT ( 'NONE',  ( -11.25000000000003000, -11.64059112617927700, -4.899999999999996800 ) ) ;
#10370 = LINE ( 'NONE', #10369, #10360 ) ;
#10371 = PRESENTATION_LAYER_ASSIGNMENT (  '', '', ( #10372 ) ) ;
#10372 = STYLED_ITEM ( 'NONE', ( #10373 ), #2262 ) ;
#10373 = PRESENTATION_STYLE_ASSIGNMENT (( #10374 ) ) ;
#10374 = SURFACE_STYLE_USAGE ( .BOTH. , #10375 ) ;
#10375 = SURFACE_SIDE_STYLE ('',( #10376 ) ) ;
#10376 = SURFACE_STYLE_FILL_AREA ( #10377 ) ;
#10377 = FILL_AREA_STYLE ('',( #10378 ) ) ;
#10378 = FILL_AREA_STYLE_COLOUR ( '', #10413 ) ;
#10379 = DIRECTION ( 'NONE',  ( 2.465190328815662400E-032, -0.4226182617406961700, 0.9063077870366514900 ) ) ;
#10380 = PRESENTATION_STYLE_ASSIGNMENT (( #10381 ) ) ;
#10381 = SURFACE_STYLE_USAGE ( .BOTH. , #10382 ) ;
#10382 = SURFACE_SIDE_STYLE ('',( #10404 ) ) ;
#10383 = UNCERTAINTY_MEASURE_WITH_UNIT (LENGTH_MEASURE( 1.000000000000000100E-005 ), #10304, 'distance_accuracy_value', 'NONE');
#10384 = DIRECTION ( 'NONE',  ( -1.000000000000000000, 2.611364411701354400E-015, 2.465190328815661900E-032 ) ) ;
#10385 = CARTESIAN_POINT ( 'NONE',  ( -7.750000000000027500, -10.99999999999997900, -6.699999999999999300 ) ) ;
#10386 = LINE ( 'NONE', #10408, #10474 ) ;
#10387 = DIRECTION ( 'NONE',  ( 2.465190328815662400E-032, 1.483603526480291300E-031, -1.000000000000000000 ) ) ;
#10388 = VECTOR ( 'NONE', #10387, 1000.000000000000000 ) ;
#10389 = CARTESIAN_POINT ( 'NONE',  ( -7.750000000000027500, -9.399999999999980800, -13.73374047467324900 ) ) ;
#10390 = AXIS2_PLACEMENT_3D ( 'NONE', #10307, #10424, #10409 ) ;
#10391 = LINE ( 'NONE', #10366, #10365 ) ;
#10392 = DIRECTION ( 'NONE',  ( 2.366699901115322700E-015, 0.9063077870366514900, 0.4226182617406961700 ) ) ;
#10393 = CARTESIAN_POINT ( 'NONE',  ( -7.750000000000027500, -11.39943685299129200, -3.999999999999998200 ) ) ;
#10394 = AXIS2_PLACEMENT_3D ( 'NONE', #10393, #10392, #10379 ) ;
#10395 = DIRECTION ( 'NONE',  ( 2.465190328815662400E-032, -0.4226182617406961700, 0.9063077870366514900 ) ) ;
#10396 = DIRECTION ( 'NONE',  ( 2.366699901115322700E-015, 0.9063077870366514900, 0.4226182617406961700 ) ) ;
#10397 = CARTESIAN_POINT ( 'NONE',  ( -11.25000000000003000, -10.85849899593575800, -3.999999999999998200 ) ) ;
#10398 = DIRECTION ( 'NONE',  ( -3.206881258818513900E-015, -1.000000000000000000, 1.521658085444484000E-031 ) ) ;
#10399 = VECTOR ( 'NONE', #10398, 1000.000000000000000 ) ;
#10400 = CARTESIAN_POINT ( 'NONE',  ( -11.25000000000003000, -11.39943685299128100, -3.999999999999998200 ) ) ;
#10401 = PLANE ( 'NONE',  #10431 ) ;
#10402 =( NAMED_UNIT ( * ) SI_UNIT ( $, .STERADIAN. ) SOLID_ANGLE_UNIT ( ) );
#10403 =( NAMED_UNIT ( * ) SI_UNIT ( $, .STERADIAN. ) SOLID_ANGLE_UNIT ( ) );
#10404 = SURFACE_STYLE_FILL_AREA ( #10405 ) ;
#10405 = FILL_AREA_STYLE ('',( #10406 ) ) ;
#10406 = FILL_AREA_STYLE_COLOUR ( '', #10305 ) ;
#10407 = AXIS2_PLACEMENT_3D ( 'NONE', #10410, #10462, #10461 ) ;
#10408 = CARTESIAN_POINT ( 'NONE',  ( -7.750000000000027500, -11.52001398958528700, -4.449999999999997500 ) ) ;
#10409 = DIRECTION ( 'NONE',  ( -1.000000000000000000, 9.860761315262647600E-032, 2.465190328815661900E-032 ) ) ;
#10410 = CARTESIAN_POINT ( 'NONE',  ( -7.750000000000041700, -11.76116826277328500, -5.349999999999997000 ) ) ;
#10411 =( GEOMETRIC_REPRESENTATION_CONTEXT ( 3 ) GLOBAL_UNCERTAINTY_ASSIGNED_CONTEXT ( ( #10329 ) ) GLOBAL_UNIT_ASSIGNED_CONTEXT ( ( #10332, #10437, #10323 ) ) REPRESENTATION_CONTEXT ( 'NONE', 'WORKASPACE' ) );
#10412 = LINE ( 'NONE', #10389, #10388 ) ;
#10413 = COLOUR_RGB ( '',0.2509803921568627400, 0.2509803921568627400, 0.2509803921568627400 ) ;
#10414 = FACE_OUTER_BOUND ( 'NONE', #2263, .T. ) ;
#10415 = PLANE ( 'NONE',  #10394 ) ;
#10416 = SURFACE_STYLE_FILL_AREA ( #10417 ) ;
#10417 = FILL_AREA_STYLE ('',( #10418 ) ) ;
#10418 = FILL_AREA_STYLE_COLOUR ( '', #10467 ) ;
#10419 = PRESENTATION_LAYER_ASSIGNMENT (  '', '', ( #10420 ) ) ;
#10420 = STYLED_ITEM ( 'NONE', ( #10313 ), #2241 ) ;
#10421 = VECTOR ( 'NONE', #10312, 1000.000000000000200 ) ;
#10422 = CARTESIAN_POINT ( 'NONE',  ( -7.750000000000041700, -12.09999999999997500, -6.699999999999999300 ) ) ;
#10423 = LINE ( 'NONE', #10422, #10421 ) ;
#10424 = DIRECTION ( 'NONE',  ( -2.465190328815661900E-032, 1.483603526480291100E-031, -1.000000000000000000 ) ) ;
#10425 =( NAMED_UNIT ( * ) PLANE_ANGLE_UNIT ( ) SI_UNIT ( $, .RADIAN. ) );
#10426 = LINE ( 'NONE', #10310, #10309 ) ;
#10427 = FILL_AREA_STYLE_COLOUR ( '', #10318 ) ;
#10428 =( NAMED_UNIT ( * ) SI_UNIT ( $, .STERADIAN. ) SOLID_ANGLE_UNIT ( ) );
#10429 =( LENGTH_UNIT ( ) NAMED_UNIT ( * ) SI_UNIT ( .MILLI., .METRE. ) );
#10430 = MECHANICAL_DESIGN_GEOMETRIC_PRESENTATION_REPRESENTATION (  '', ( #10433 ), #10327 ) ;
#10431 = AXIS2_PLACEMENT_3D ( 'NONE', #10436, #10396, #10395 ) ;
#10432 = PRESENTATION_LAYER_ASSIGNMENT (  '', '', ( #10433 ) ) ;
#10433 = STYLED_ITEM ( 'NONE', ( #10434 ), #2276 ) ;
#10434 = PRESENTATION_STYLE_ASSIGNMENT (( #10435 ) ) ;
#10435 = SURFACE_STYLE_USAGE ( .BOTH. , #10439 ) ;
#10436 = CARTESIAN_POINT ( 'NONE',  ( -7.750000000000041700, -11.64059112617928800, -4.899999999999996800 ) ) ;
#10437 =( NAMED_UNIT ( * ) PLANE_ANGLE_UNIT ( ) SI_UNIT ( $, .RADIAN. ) );
#10438 = LINE ( 'NONE', #10385, #10302 ) ;
#10439 = SURFACE_SIDE_STYLE ('',( #10440 ) ) ;
#10440 = SURFACE_STYLE_FILL_AREA ( #10441 ) ;
#10441 = FILL_AREA_STYLE ('',( #10442 ) ) ;
#10442 = FILL_AREA_STYLE_COLOUR ( '', #10443 ) ;
#10443 = COLOUR_RGB ( '',0.2509803921568627400, 0.2509803921568627400, 0.2509803921568627400 ) ;
#10444 =( GEOMETRIC_REPRESENTATION_CONTEXT ( 3 ) GLOBAL_UNCERTAINTY_ASSIGNED_CONTEXT ( ( #10471 ) ) GLOBAL_UNIT_ASSIGNED_CONTEXT ( ( #10337, #10303, #10428 ) ) REPRESENTATION_CONTEXT ( 'NONE', 'WORKASPACE' ) );
#10445 = FACE_OUTER_BOUND ( 'NONE', #2273, .T. ) ;
#10446 = CARTESIAN_POINT ( 'NONE',  ( -11.25000000000003000, -10.99999999999996800, -6.699999999999999300 ) ) ;
#10447 = DIRECTION ( 'NONE',  ( -1.076750522861380800E-015, -0.4138029443011834200, 0.9103664774626050200 ) ) ;
#10448 = DIRECTION ( 'NONE',  ( 2.465190328815663000E-032, 0.4226182617406961700, -0.9063077870366514900 ) ) ;
#10449 = CARTESIAN_POINT ( 'NONE',  ( -7.750000000000041700, -12.00232253596128200, -6.249999999999998200 ) ) ;
#10450 = LINE ( 'NONE', #10449, #10306 ) ;
#10451 = FACE_OUTER_BOUND ( 'NONE', #2235, .T. ) ;
#10452 = PLANE ( 'NONE',  #10390 ) ;
#10453 = PRESENTATION_LAYER_ASSIGNMENT (  '', '', ( #10454 ) ) ;
#10454 = STYLED_ITEM ( 'NONE', ( #10455 ), #2285 ) ;
#10455 = PRESENTATION_STYLE_ASSIGNMENT (( #10456 ) ) ;
#10456 = SURFACE_STYLE_USAGE ( .BOTH. , #10457 ) ;
#10457 = SURFACE_SIDE_STYLE ('',( #10458 ) ) ;
#10458 = SURFACE_STYLE_FILL_AREA ( #10459 ) ;
#10459 = FILL_AREA_STYLE ('',( #10358 ) ) ;
#10460 = COLOUR_RGB ( '',0.2509803921568627400, 0.2509803921568627400, 0.2509803921568627400 ) ;
#10461 = DIRECTION ( 'NONE',  ( -1.000000000000000000, 9.860761315262647600E-032, 2.465190328815661900E-032 ) ) ;
#10462 = DIRECTION ( 'NONE',  ( -2.465190328815661900E-032, 1.483603526480291100E-031, -1.000000000000000000 ) ) ;
#10463 = VECTOR ( 'NONE', #10447, 999.9999999999998900 ) ;
#10464 = CARTESIAN_POINT ( 'NONE',  ( -11.25000000000003000, -10.99999999999996800, -6.699999999999999300 ) ) ;
#10465 = LINE ( 'NONE', #10464, #10463 ) ;
#10466 = PLANE ( 'NONE',  #10407 ) ;
#10467 = COLOUR_RGB ( '',0.2509803921568627400, 0.2509803921568627400, 0.2509803921568627400 ) ;
#10468 = FACE_OUTER_BOUND ( 'NONE', #2254, .T. ) ;
#10469 =( NAMED_UNIT ( * ) PLANE_ANGLE_UNIT ( ) SI_UNIT ( $, .RADIAN. ) );
#10470 = LINE ( 'NONE', #10400, #10399 ) ;
#10471 = UNCERTAINTY_MEASURE_WITH_UNIT (LENGTH_MEASURE( 1.000000000000000100E-005 ), #10337, 'distance_accuracy_value', 'NONE');
#10472 = MECHANICAL_DESIGN_GEOMETRIC_PRESENTATION_REPRESENTATION (  '', ( #10372 ), #10336 ) ;
#10473 = DIRECTION ( 'NONE',  ( 2.465190328815663000E-032, 0.4226182617406961700, -0.9063077870366514900 ) ) ;
#10474 = VECTOR ( 'NONE', #10473, 1000.000000000000100 ) ;
#10475 =( NAMED_UNIT ( * ) PLANE_ANGLE_UNIT ( ) SI_UNIT ( $, .RADIAN. ) );
#10476 =( GEOMETRIC_REPRESENTATION_CONTEXT ( 3 ) GLOBAL_UNCERTAINTY_ASSIGNED_CONTEXT ( ( #10481 ) ) GLOBAL_UNIT_ASSIGNED_CONTEXT ( ( #10233, #10475, #10482 ) ) REPRESENTATION_CONTEXT ( 'NONE', 'WORKASPACE' ) );
#10477 = DIRECTION ( 'NONE',  ( 0.0000000000000000000, 1.000000000000000000, 5.250126103214575700E-015 ) ) ;
#10478 = DIRECTION ( 'NONE',  ( 1.373111013150324000E-029, 5.250126103214575700E-015, -1.000000000000000000 ) ) ;
#10479 = CARTESIAN_POINT ( 'NONE',  ( -7.750000000000041700, -12.00232253596128200, -6.249999999999998200 ) ) ;
#10480 = AXIS2_PLACEMENT_3D ( 'NONE', #10479, #10478, #10477 ) ;
#10481 = UNCERTAINTY_MEASURE_WITH_UNIT (LENGTH_MEASURE( 1.000000000000000100E-005 ), #10233, 'distance_accuracy_value', 'NONE');
#10482 =( NAMED_UNIT ( * ) SI_UNIT ( $, .STERADIAN. ) SOLID_ANGLE_UNIT ( ) );
#10483 = PLANE ( 'NONE',  #10480 ) ;
#10484 = DIRECTION ( 'NONE',  ( 9.860761315262649800E-032, -1.000000000000000000, -2.820542642494452900E-015 ) ) ;
#10485 = VECTOR ( 'NONE', #10484, 1000.000000000000000 ) ;
#10486 = CARTESIAN_POINT ( 'NONE',  ( -7.750000000000041700, -12.09999999999997500, -6.699999999999999300 ) ) ;
#10487 = LINE ( 'NONE', #10486, #10485 ) ;
#10488 =( GEOMETRIC_REPRESENTATION_CONTEXT ( 3 ) GLOBAL_UNCERTAINTY_ASSIGNED_CONTEXT ( ( #10497 ) ) GLOBAL_UNIT_ASSIGNED_CONTEXT ( ( #10842, #10841, #10840 ) ) REPRESENTATION_CONTEXT ( 'NONE', 'WORKASPACE' ) );
#10489 = DIRECTION ( 'NONE',  ( -1.000000000000000000, 9.860761315262647600E-032, 2.465190328815661900E-032 ) ) ;
#10490 = CARTESIAN_POINT ( 'NONE',  ( -7.750000000000027500, -11.52001398958528700, -4.449999999999997500 ) ) ;
#10491 = PLANE ( 'NONE',  #10499 ) ;
#10492 =( LENGTH_UNIT ( ) NAMED_UNIT ( * ) SI_UNIT ( .MILLI., .METRE. ) );
#10493 = MECHANICAL_DESIGN_GEOMETRIC_PRESENTATION_REPRESENTATION (  '', ( #10495 ), #10496 ) ;
#10494 = PRESENTATION_LAYER_ASSIGNMENT (  '', '', ( #10495 ) ) ;
#10495 = STYLED_ITEM ( 'NONE', ( #10500 ), #2315 ) ;
#10496 =( GEOMETRIC_REPRESENTATION_CONTEXT ( 3 ) GLOBAL_UNCERTAINTY_ASSIGNED_CONTEXT ( ( #10509 ) ) GLOBAL_UNIT_ASSIGNED_CONTEXT ( ( #10492, #10511, #10510 ) ) REPRESENTATION_CONTEXT ( 'NONE', 'WORKASPACE' ) );
#10497 = UNCERTAINTY_MEASURE_WITH_UNIT (LENGTH_MEASURE( 1.000000000000000100E-005 ), #10842, 'distance_accuracy_value', 'NONE');
#10498 = DIRECTION ( 'NONE',  ( -2.465190328815661900E-032, 1.483603526480291100E-031, -1.000000000000000000 ) ) ;
#10499 = AXIS2_PLACEMENT_3D ( 'NONE', #10490, #10498, #10489 ) ;
#10500 = PRESENTATION_STYLE_ASSIGNMENT (( #10501 ) ) ;
#10501 = SURFACE_STYLE_USAGE ( .BOTH. , #10502 ) ;
#10502 = SURFACE_SIDE_STYLE ('',( #10503 ) ) ;
#10503 = SURFACE_STYLE_FILL_AREA ( #10504 ) ;
#10504 = FILL_AREA_STYLE ('',( #10505 ) ) ;
#10505 = FILL_AREA_STYLE_COLOUR ( '', #10506 ) ;
#10506 = COLOUR_RGB ( '',0.2509803921568627400, 0.2509803921568627400, 0.2509803921568627400 ) ;
#10507 = FACE_OUTER_BOUND ( 'NONE', #2327, .T. ) ;
#10508 = CARTESIAN_POINT ( 'NONE',  ( -7.750000000000041700, -11.64059112617928800, -4.899999999999996800 ) ) ;
#10509 = UNCERTAINTY_MEASURE_WITH_UNIT (LENGTH_MEASURE( 1.000000000000000100E-005 ), #10492, 'distance_accuracy_value', 'NONE');
#10510 =( NAMED_UNIT ( * ) SI_UNIT ( $, .STERADIAN. ) SOLID_ANGLE_UNIT ( ) );
#10511 =( NAMED_UNIT ( * ) PLANE_ANGLE_UNIT ( ) SI_UNIT ( $, .RADIAN. ) );
#10512 = DIRECTION ( 'NONE',  ( -1.000000000000000000, 2.611364411701354400E-015, 2.465190328815661900E-032 ) ) ;
#10513 = VECTOR ( 'NONE', #10512, 1000.000000000000000 ) ;
#10514 = CARTESIAN_POINT ( 'NONE',  ( -7.750000000000041700, -11.64059112617928800, -4.899999999999996800 ) ) ;
#10515 = LINE ( 'NONE', #10514, #10513 ) ;
#10516 = DIRECTION ( 'NONE',  ( 1.044268646982562200E-030, -1.495451272393801300E-016, 1.000000000000000000 ) ) ;
#10517 = LINE ( 'NONE', #10525, #10524 ) ;
#10518 = CARTESIAN_POINT ( 'NONE',  ( 6.850000000000002300, -0.8499999999999489100, -4.400000000000001200 ) ) ;
#10519 = DIRECTION ( 'NONE',  ( 2.465190328815663000E-032, 0.4226182617406961700, -0.9063077870366514900 ) ) ;
#10520 = VECTOR ( 'NONE', #10519, 1000.000000000000100 ) ;
#10521 = CARTESIAN_POINT ( 'NONE',  ( -11.25000000000003000, -11.88174539936727400, -5.799999999999998000 ) ) ;
#10522 = LINE ( 'NONE', #10521, #10520 ) ;
#10523 = DIRECTION ( 'NONE',  ( -1.000000000000000000, 2.611364411701354400E-015, 2.465190328815661900E-032 ) ) ;
#10524 = VECTOR ( 'NONE', #10523, 1000.000000000000000 ) ;
#10525 = CARTESIAN_POINT ( 'NONE',  ( -7.750000000000027500, -10.85849899593576900, -3.999999999999998200 ) ) ;
#10526 = DIRECTION ( 'NONE',  ( -2.607785627531976600E-015, -0.9986295347545739400, 0.05233595624294380000 ) ) ;
#10527 = PRESENTATION_LAYER_ASSIGNMENT (  '', '', ( #10528 ) ) ;
#10528 = STYLED_ITEM ( 'NONE', ( #10529 ), #2351 ) ;
#10529 = PRESENTATION_STYLE_ASSIGNMENT (( #10530 ) ) ;
#10530 = SURFACE_STYLE_USAGE ( .BOTH. , #10531 ) ;
#10531 = SURFACE_SIDE_STYLE ('',( #10532 ) ) ;
#10532 = SURFACE_STYLE_FILL_AREA ( #10533 ) ;
#10533 = FILL_AREA_STYLE ('',( #10539 ) ) ;
#10534 = COLOUR_RGB ( '',0.2509803921568627400, 0.2509803921568627400, 0.2509803921568627400 ) ;
#10535 = FACE_OUTER_BOUND ( 'NONE', #2464, .T. ) ;
#10536 = DIRECTION ( 'NONE',  ( -1.000000000000000000, 2.611364411701354400E-015, 2.465190328815661900E-032 ) ) ;
#10537 = VECTOR ( 'NONE', #10536, 1000.000000000000000 ) ;
#10538 = CARTESIAN_POINT ( 'NONE',  ( -7.750000000000027500, -11.55132981660353800, -5.799999999999998000 ) ) ;
#10539 = FILL_AREA_STYLE_COLOUR ( '', #10534 ) ;
#10540 = DIRECTION ( 'NONE',  ( -1.000000000000000000, 2.611364411701354400E-015, 2.465190328815661900E-032 ) ) ;
#10541 = CARTESIAN_POINT ( 'NONE',  ( -11.25000000000003000, -12.09999999999996400, -6.699999999999999300 ) ) ;
#10542 =( LENGTH_UNIT ( ) NAMED_UNIT ( * ) SI_UNIT ( .MILLI., .METRE. ) );
#10543 = MECHANICAL_DESIGN_GEOMETRIC_PRESENTATION_REPRESENTATION (  '', ( #10545 ), #10584 ) ;
#10544 = PRESENTATION_LAYER_ASSIGNMENT (  '', '', ( #10545 ) ) ;
#10545 = STYLED_ITEM ( 'NONE', ( #10546 ), #2342 ) ;
#10546 = PRESENTATION_STYLE_ASSIGNMENT (( #10547 ) ) ;
#10547 = SURFACE_STYLE_USAGE ( .BOTH. , #10548 ) ;
#10548 = SURFACE_SIDE_STYLE ('',( #10550 ) ) ;
#10549 = VECTOR ( 'NONE', #10516, 1000.000000000000000 ) ;
#10550 = SURFACE_STYLE_FILL_AREA ( #10551 ) ;
#10551 = FILL_AREA_STYLE ('',( #10556 ) ) ;
#10552 = COLOUR_RGB ( '',0.2509803921568627400, 0.2509803921568627400, 0.2509803921568627400 ) ;
#10553 = PLANE ( 'NONE',  #10555 ) ;
#10554 = LINE ( 'NONE', #10572, #10571 ) ;
#10555 = AXIS2_PLACEMENT_3D ( 'NONE', #10578, #10526, #10577 ) ;
#10556 = FILL_AREA_STYLE_COLOUR ( '', #10552 ) ;
#10557 = DIRECTION ( 'NONE',  ( 2.465190328815663000E-032, 0.4226182617406961700, -0.9063077870366514900 ) ) ;
#10558 = VECTOR ( 'NONE', #10557, 1000.000000000000100 ) ;
#10559 = CARTESIAN_POINT ( 'NONE',  ( -11.25000000000003000, -12.00232253596127100, -6.249999999999998200 ) ) ;
#10560 = LINE ( 'NONE', #10559, #10558 ) ;
#10561 = FACE_OUTER_BOUND ( 'NONE', #2343, .T. ) ;
#10562 = CARTESIAN_POINT ( 'NONE',  ( -11.25000000000003000, -9.399999999999970200, -13.73374047467324900 ) ) ;
#10563 = CARTESIAN_POINT ( 'NONE',  ( -11.25000000000003000, -11.31017554341553400, -4.899999999999996800 ) ) ;
#10564 = CARTESIAN_POINT ( 'NONE',  ( -11.25000000000003000, -11.88174539936727400, -5.799999999999998000 ) ) ;
#10565 = CARTESIAN_POINT ( 'NONE',  ( -11.25000000000003000, -11.43075268000953000, -5.349999999999997000 ) ) ;
#10566 = DIRECTION ( 'NONE',  ( 3.493763099184597100E-015, 0.4226182617406961700, -0.9063077870366514900 ) ) ;
#10567 = VECTOR ( 'NONE', #10566, 1000.000000000000100 ) ;
#10568 = CARTESIAN_POINT ( 'NONE',  ( -11.25000000000003000, -11.76116826277327500, -5.349999999999997000 ) ) ;
#10569 = LINE ( 'NONE', #10568, #10567 ) ;
#10570 = DIRECTION ( 'NONE',  ( 2.465190328815663000E-032, 0.4226182617406961700, -0.9063077870366514900 ) ) ;
#10571 = VECTOR ( 'NONE', #10570, 1000.000000000000100 ) ;
#10572 = CARTESIAN_POINT ( 'NONE',  ( -11.25000000000003000, -11.52001398958527800, -4.449999999999997500 ) ) ;
#10573 = DIRECTION ( 'NONE',  ( -5.250126103214604900E-015, -1.000000000000000000, 1.460685099043872000E-031 ) ) ;
#10574 = VECTOR ( 'NONE', #10573, 1000.000000000000000 ) ;
#10575 = CARTESIAN_POINT ( 'NONE',  ( -11.25000000000003000, -11.76116826277327500, -5.349999999999997000 ) ) ;
#10576 = LINE ( 'NONE', #10575, #10574 ) ;
#10577 = DIRECTION ( 'NONE',  ( 2.465190328815662400E-032, -0.05233595624294380000, -0.9986295347545739400 ) ) ;
#10578 = CARTESIAN_POINT ( 'NONE',  ( -7.750000000000027500, -10.99999999999997900, -6.699999999999999300 ) ) ;
#10579 = DIRECTION ( 'NONE',  ( 2.611364411701354400E-015, 1.000000000000000000, -1.447761828659382400E-031 ) ) ;
#10580 = CARTESIAN_POINT ( 'NONE',  ( -7.750000000000027500, -9.399999999999980800, -13.73374047467324900 ) ) ;
#10581 = AXIS2_PLACEMENT_3D ( 'NONE', #10580, #10579, #10540 ) ;
#10582 = LINE ( 'NONE', #10538, #10537 ) ;
#10583 = PLANE ( 'NONE',  #10581 ) ;
#10584 =( GEOMETRIC_REPRESENTATION_CONTEXT ( 3 ) GLOBAL_UNCERTAINTY_ASSIGNED_CONTEXT ( ( #10585 ) ) GLOBAL_UNIT_ASSIGNED_CONTEXT ( ( #10542, #10587, #10586 ) ) REPRESENTATION_CONTEXT ( 'NONE', 'WORKASPACE' ) );
#10585 = UNCERTAINTY_MEASURE_WITH_UNIT (LENGTH_MEASURE( 1.000000000000000100E-005 ), #10542, 'distance_accuracy_value', 'NONE');
#10586 =( NAMED_UNIT ( * ) SI_UNIT ( $, .STERADIAN. ) SOLID_ANGLE_UNIT ( ) );
#10587 =( NAMED_UNIT ( * ) PLANE_ANGLE_UNIT ( ) SI_UNIT ( $, .RADIAN. ) );
#10588 =( NAMED_UNIT ( * ) SI_UNIT ( $, .STERADIAN. ) SOLID_ANGLE_UNIT ( ) );
#10589 =( NAMED_UNIT ( * ) PLANE_ANGLE_UNIT ( ) SI_UNIT ( $, .RADIAN. ) );
#10590 =( LENGTH_UNIT ( ) NAMED_UNIT ( * ) SI_UNIT ( .MILLI., .METRE. ) );
#10591 = MECHANICAL_DESIGN_GEOMETRIC_PRESENTATION_REPRESENTATION (  '', ( #10621 ), #10657 ) ;
#10592 =( LENGTH_UNIT ( ) NAMED_UNIT ( * ) SI_UNIT ( .MILLI., .METRE. ) );
#10593 =( NAMED_UNIT ( * ) PLANE_ANGLE_UNIT ( ) SI_UNIT ( $, .RADIAN. ) );
#10594 = MECHANICAL_DESIGN_GEOMETRIC_PRESENTATION_REPRESENTATION (  '', ( #10596 ), #10689 ) ;
#10595 = PRESENTATION_LAYER_ASSIGNMENT (  '', '', ( #10596 ) ) ;
#10596 = STYLED_ITEM ( 'NONE', ( #10597 ), #2375 ) ;
#10597 = PRESENTATION_STYLE_ASSIGNMENT (( #10598 ) ) ;
#10598 = SURFACE_STYLE_USAGE ( .BOTH. , #10599 ) ;
#10599 = SURFACE_SIDE_STYLE ('',( #10600 ) ) ;
#10600 = SURFACE_STYLE_FILL_AREA ( #10601 ) ;
#10601 = FILL_AREA_STYLE ('',( #10607 ) ) ;
#10602 = COLOUR_RGB ( '',0.2509803921568627400, 0.2509803921568627400, 0.2509803921568627400 ) ;
#10603 = FACE_OUTER_BOUND ( 'NONE', #2376, .T. ) ;
#10604 = DIRECTION ( 'NONE',  ( 6.416096658305760200E-016, 0.05233595624294379300, -0.9986295347545739400 ) ) ;
#10605 = VECTOR ( 'NONE', #10604, 1000.000000000000100 ) ;
#10606 = CARTESIAN_POINT ( 'NONE',  ( -7.749999999999972500, 11.00000000000001600, -6.699999999999999300 ) ) ;
#10607 = FILL_AREA_STYLE_COLOUR ( '', #10602 ) ;
#10608 = PLANE ( 'NONE',  #10629 ) ;
#10609 = FACE_OUTER_BOUND ( 'NONE', #2356, .T. ) ;
#10610 = DIRECTION ( 'NONE',  ( -1.000000000000000000, 9.860761315262647600E-032, 2.465190328815661900E-032 ) ) ;
#10611 = DIRECTION ( 'NONE',  ( -2.465190328815661900E-032, 1.483603526480291100E-031, -1.000000000000000000 ) ) ;
#10612 = SURFACE_STYLE_USAGE ( .BOTH. , #10614 ) ;
#10613 =( GEOMETRIC_REPRESENTATION_CONTEXT ( 3 ) GLOBAL_UNCERTAINTY_ASSIGNED_CONTEXT ( ( #10630 ) ) GLOBAL_UNIT_ASSIGNED_CONTEXT ( ( #10592, #10593, #10631 ) ) REPRESENTATION_CONTEXT ( 'NONE', 'WORKASPACE' ) );
#10614 = SURFACE_SIDE_STYLE ('',( #10615 ) ) ;
#10615 = SURFACE_STYLE_FILL_AREA ( #10616 ) ;
#10616 = FILL_AREA_STYLE ('',( #10617 ) ) ;
#10617 = FILL_AREA_STYLE_COLOUR ( '', #10618 ) ;
#10618 = COLOUR_RGB ( '',0.2509803921568627400, 0.2509803921568627400, 0.2509803921568627400 ) ;
#10619 = FACE_OUTER_BOUND ( 'NONE', #2781, .T. ) ;
#10620 = PRESENTATION_LAYER_ASSIGNMENT (  '', '', ( #10621 ) ) ;
#10621 = STYLED_ITEM ( 'NONE', ( #10622 ), #2355 ) ;
#10622 = PRESENTATION_STYLE_ASSIGNMENT (( #10623 ) ) ;
#10623 = SURFACE_STYLE_USAGE ( .BOTH. , #10624 ) ;
#10624 = SURFACE_SIDE_STYLE ('',( #10625 ) ) ;
#10625 = SURFACE_STYLE_FILL_AREA ( #10626 ) ;
#10626 = FILL_AREA_STYLE ('',( #10627 ) ) ;
#10627 = FILL_AREA_STYLE_COLOUR ( '', #10639 ) ;
#10628 = CARTESIAN_POINT ( 'NONE',  ( -7.749999999999972500, 11.39943685299132700, -3.999999999999998200 ) ) ;
#10629 = AXIS2_PLACEMENT_3D ( 'NONE', #10628, #10611, #10610 ) ;
#10630 = UNCERTAINTY_MEASURE_WITH_UNIT (LENGTH_MEASURE( 1.000000000000000100E-005 ), #10592, 'distance_accuracy_value', 'NONE');
#10631 =( NAMED_UNIT ( * ) SI_UNIT ( $, .STERADIAN. ) SOLID_ANGLE_UNIT ( ) );
#10632 = VECTOR ( 'NONE', #10654, 1000.000000000000000 ) ;
#10633 = CARTESIAN_POINT ( 'NONE',  ( -7.749999999999972500, 12.10000000000001700, -6.699999999999999300 ) ) ;
#10634 = LINE ( 'NONE', #10633, #10632 ) ;
#10635 = DIRECTION ( 'NONE',  ( -1.000000000000000000, 2.611364411701354400E-015, 2.465190328815661900E-032 ) ) ;
#10636 = VECTOR ( 'NONE', #10635, 1000.000000000000000 ) ;
#10637 = CARTESIAN_POINT ( 'NONE',  ( -7.749999999999972500, 11.76116826277332400, -5.349999999999997000 ) ) ;
#10638 = LINE ( 'NONE', #10637, #10636 ) ;
#10639 = COLOUR_RGB ( '',0.2509803921568627400, 0.2509803921568627400, 0.2509803921568627400 ) ;
#10640 = DIRECTION ( 'NONE',  ( -1.000000000000000000, 2.611364411701354400E-015, 2.465190328815661900E-032 ) ) ;
#10641 = VECTOR ( 'NONE', #10640, 1000.000000000000000 ) ;
#10642 = CARTESIAN_POINT ( 'NONE',  ( -7.749999999999972500, 11.52001398958532600, -4.449999999999997500 ) ) ;
#10643 = LINE ( 'NONE', #10642, #10641 ) ;
#10644 = DIRECTION ( 'NONE',  ( 9.860761315262649800E-032, -0.4226182617406961700, -0.9063077870366514900 ) ) ;
#10645 = DIRECTION ( 'NONE',  ( -2.366699901115322700E-015, -0.9063077870366514900, 0.4226182617406961700 ) ) ;
#10646 = AXIS2_PLACEMENT_3D ( 'NONE', #10655, #10645, #10644 ) ;
#10647 = UNCERTAINTY_MEASURE_WITH_UNIT (LENGTH_MEASURE( 1.000000000000000100E-005 ), #10590, 'distance_accuracy_value', 'NONE');
#10648 = MECHANICAL_DESIGN_GEOMETRIC_PRESENTATION_REPRESENTATION (  '', ( #10528 ), #10613 ) ;
#10649 = LINE ( 'NONE', #10606, #10605 ) ;
#10650 = DIRECTION ( 'NONE',  ( -3.206881258818513900E-015, -1.000000000000000000, 1.521658085444484000E-031 ) ) ;
#10651 = VECTOR ( 'NONE', #10650, 1000.000000000000000 ) ;
#10652 = CARTESIAN_POINT ( 'NONE',  ( -7.749999999999972500, 11.39943685299132700, -3.999999999999998200 ) ) ;
#10653 = LINE ( 'NONE', #10652, #10651 ) ;
#10654 = DIRECTION ( 'NONE',  ( -1.000000000000000000, 2.611364411701354400E-015, 2.465190328815661900E-032 ) ) ;
#10655 = CARTESIAN_POINT ( 'NONE',  ( -7.749999999999972500, 11.39943685299132700, -3.999999999999998200 ) ) ;
#10656 = PLANE ( 'NONE',  #10646 ) ;
#10657 =( GEOMETRIC_REPRESENTATION_CONTEXT ( 3 ) GLOBAL_UNCERTAINTY_ASSIGNED_CONTEXT ( ( #10647 ) ) GLOBAL_UNIT_ASSIGNED_CONTEXT ( ( #10590, #10589, #10588 ) ) REPRESENTATION_CONTEXT ( 'NONE', 'WORKASPACE' ) );
#10658 = UNCERTAINTY_MEASURE_WITH_UNIT (LENGTH_MEASURE( 1.000000000000000100E-005 ), #10676, 'distance_accuracy_value', 'NONE');
#10659 =( NAMED_UNIT ( * ) SI_UNIT ( $, .STERADIAN. ) SOLID_ANGLE_UNIT ( ) );
#10660 =( NAMED_UNIT ( * ) PLANE_ANGLE_UNIT ( ) SI_UNIT ( $, .RADIAN. ) );
#10661 = DIRECTION ( 'NONE',  ( -1.000000000000000000, 2.611364411701354400E-015, 2.465190328815661900E-032 ) ) ;
#10662 = VECTOR ( 'NONE', #10661, 1000.000000000000000 ) ;
#10663 = CARTESIAN_POINT ( 'NONE',  ( -7.750000000000041700, -11.67190695319753300, -6.249999999999996400 ) ) ;
#10664 = LINE ( 'NONE', #10663, #10662 ) ;
#10665 = UNCERTAINTY_MEASURE_WITH_UNIT (LENGTH_MEASURE( 1.000000000000000100E-005 ), #10717, 'distance_accuracy_value', 'NONE');
#10666 =( NAMED_UNIT ( * ) SI_UNIT ( $, .STERADIAN. ) SOLID_ANGLE_UNIT ( ) );
#10667 =( NAMED_UNIT ( * ) PLANE_ANGLE_UNIT ( ) SI_UNIT ( $, .RADIAN. ) );
#10668 = UNCERTAINTY_MEASURE_WITH_UNIT (LENGTH_MEASURE( 1.000000000000000100E-005 ), #10675, 'distance_accuracy_value', 'NONE');
#10669 = DIRECTION ( 'NONE',  ( -2.465190328815662400E-032, -0.3583679495453007100, 0.9335804264972016300 ) ) ;
#10670 = VECTOR ( 'NONE', #10687, 1000.000000000000000 ) ;
#10671 = CARTESIAN_POINT ( 'NONE',  ( -7.750000000000027500, -9.399999999999980800, -13.73374047467324900 ) ) ;
#10672 = LINE ( 'NONE', #10671, #10670 ) ;
#10673 = FILL_AREA_STYLE_COLOUR ( '', #10685 ) ;
#10674 = DIRECTION ( 'NONE',  ( -1.000000000000000000, 2.611364411701354400E-015, 2.465190328815661900E-032 ) ) ;
#10675 =( LENGTH_UNIT ( ) NAMED_UNIT ( * ) SI_UNIT ( .MILLI., .METRE. ) );
#10676 =( LENGTH_UNIT ( ) NAMED_UNIT ( * ) SI_UNIT ( .MILLI., .METRE. ) );
#10677 = MECHANICAL_DESIGN_GEOMETRIC_PRESENTATION_REPRESENTATION (  '', ( #10679 ), #10716 ) ;
#10678 = PRESENTATION_LAYER_ASSIGNMENT (  '', '', ( #10679 ) ) ;
#10679 = STYLED_ITEM ( 'NONE', ( #10680 ), #2385 ) ;
#10680 = PRESENTATION_STYLE_ASSIGNMENT (( #10681 ) ) ;
#10681 = SURFACE_STYLE_USAGE ( .BOTH. , #10682 ) ;
#10682 = SURFACE_SIDE_STYLE ('',( #10683 ) ) ;
#10683 = SURFACE_STYLE_FILL_AREA ( #10684 ) ;
#10684 = FILL_AREA_STYLE ('',( #10673 ) ) ;
#10685 = COLOUR_RGB ( '',0.2509803921568627400, 0.2509803921568627400, 0.2509803921568627400 ) ;
#10686 = FACE_OUTER_BOUND ( 'NONE', #2514, .T. ) ;
#10687 = DIRECTION ( 'NONE',  ( -1.000000000000000000, 2.611364411701354400E-015, 2.465190328815661900E-032 ) ) ;
#10688 = PLANE ( 'NONE',  #10692 ) ;
#10689 =( GEOMETRIC_REPRESENTATION_CONTEXT ( 3 ) GLOBAL_UNCERTAINTY_ASSIGNED_CONTEXT ( ( #10668 ) ) GLOBAL_UNIT_ASSIGNED_CONTEXT ( ( #10675, #10728, #10729 ) ) REPRESENTATION_CONTEXT ( 'NONE', 'WORKASPACE' ) );
#10690 = DIRECTION ( 'NONE',  ( 2.437918701215765400E-015, 0.9335804264972016300, 0.3583679495453007100 ) ) ;
#10691 = CARTESIAN_POINT ( 'NONE',  ( -7.750000000000041700, -12.09999999999997500, -6.699999999999999300 ) ) ;
#10692 = AXIS2_PLACEMENT_3D ( 'NONE', #10691, #10690, #10669 ) ;
#10693 = MECHANICAL_DESIGN_GEOMETRIC_PRESENTATION_REPRESENTATION (  '', ( #10695 ), #10775 ) ;
#10694 = PRESENTATION_LAYER_ASSIGNMENT (  '', '', ( #10695 ) ) ;
#10695 = STYLED_ITEM ( 'NONE', ( #10696 ), #2398 ) ;
#10696 = PRESENTATION_STYLE_ASSIGNMENT (( #10697 ) ) ;
#10697 = SURFACE_STYLE_USAGE ( .BOTH. , #10698 ) ;
#10698 = SURFACE_SIDE_STYLE ('',( #10699 ) ) ;
#10699 = SURFACE_STYLE_FILL_AREA ( #10700 ) ;
#10700 = FILL_AREA_STYLE ('',( #10705 ) ) ;
#10701 = COLOUR_RGB ( '',0.2509803921568627400, 0.2509803921568627400, 0.2509803921568627400 ) ;
#10702 = FACE_OUTER_BOUND ( 'NONE', #2399, .T. ) ;
#10703 = DIRECTION ( 'NONE',  ( -1.000000000000000000, 2.611364411701354400E-015, 2.465190328815661900E-032 ) ) ;
#10704 = VECTOR ( 'NONE', #10703, 1000.000000000000000 ) ;
#10705 = FILL_AREA_STYLE_COLOUR ( '', #10701 ) ;
#10706 = DIRECTION ( 'NONE',  ( -9.860761315262651900E-032, 0.4226182617406961700, 0.9063077870366514900 ) ) ;
#10707 = VECTOR ( 'NONE', #10706, 1000.000000000000100 ) ;
#10708 = CARTESIAN_POINT ( 'NONE',  ( -7.749999999999972500, 12.00232253596132300, -6.249999999999998200 ) ) ;
#10709 = FILL_AREA_STYLE_COLOUR ( '', #10726 ) ;
#10710 = DIRECTION ( 'NONE',  ( -2.465190328815662400E-032, -0.05233595624294380000, 0.9986295347545739400 ) ) ;
#10711 = DIRECTION ( 'NONE',  ( 2.607785627531976600E-015, 0.9986295347545739400, 0.05233595624294380000 ) ) ;
#10712 = CARTESIAN_POINT ( 'NONE',  ( -7.749999999999972500, 11.00000000000001600, -6.699999999999999300 ) ) ;
#10713 = AXIS2_PLACEMENT_3D ( 'NONE', #10712, #10711, #10710 ) ;
#10714 = LINE ( 'NONE', #10708, #10707 ) ;
#10715 = PLANE ( 'NONE',  #10713 ) ;
#10716 =( GEOMETRIC_REPRESENTATION_CONTEXT ( 3 ) GLOBAL_UNCERTAINTY_ASSIGNED_CONTEXT ( ( #10658 ) ) GLOBAL_UNIT_ASSIGNED_CONTEXT ( ( #10676, #10660, #10659 ) ) REPRESENTATION_CONTEXT ( 'NONE', 'WORKASPACE' ) );
#10717 =( LENGTH_UNIT ( ) NAMED_UNIT ( * ) SI_UNIT ( .MILLI., .METRE. ) );
#10718 = MECHANICAL_DESIGN_GEOMETRIC_PRESENTATION_REPRESENTATION (  '', ( #10720 ), #10744 ) ;
#10719 = PRESENTATION_LAYER_ASSIGNMENT (  '', '', ( #10720 ) ) ;
#10720 = STYLED_ITEM ( 'NONE', ( #10721 ), #2388 ) ;
#10721 = PRESENTATION_STYLE_ASSIGNMENT (( #10722 ) ) ;
#10722 = SURFACE_STYLE_USAGE ( .BOTH. , #10723 ) ;
#10723 = SURFACE_SIDE_STYLE ('',( #10724 ) ) ;
#10724 = SURFACE_STYLE_FILL_AREA ( #10725 ) ;
#10725 = FILL_AREA_STYLE ('',( #10709 ) ) ;
#10726 = COLOUR_RGB ( '',0.2509803921568627400, 0.2509803921568627400, 0.2509803921568627400 ) ;
#10727 = FACE_OUTER_BOUND ( 'NONE', #2344, .T. ) ;
#10728 =( NAMED_UNIT ( * ) PLANE_ANGLE_UNIT ( ) SI_UNIT ( $, .RADIAN. ) );
#10729 =( NAMED_UNIT ( * ) SI_UNIT ( $, .STERADIAN. ) SOLID_ANGLE_UNIT ( ) );
#10730 = VECTOR ( 'NONE', #10674, 1000.000000000000000 ) ;
#10731 = CARTESIAN_POINT ( 'NONE',  ( -7.750000000000041700, -11.88174539936728500, -5.799999999999998000 ) ) ;
#10732 = LINE ( 'NONE', #10731, #10730 ) ;
#10733 = DIRECTION ( 'NONE',  ( -1.000000000000000000, 2.611364411701354400E-015, 2.465190328815661900E-032 ) ) ;
#10734 = VECTOR ( 'NONE', #10733, 1000.000000000000000 ) ;
#10735 = CARTESIAN_POINT ( 'NONE',  ( -7.750000000000041700, -12.00232253596128200, -6.249999999999998200 ) ) ;
#10736 = LINE ( 'NONE', #10735, #10734 ) ;
#10737 = DIRECTION ( 'NONE',  ( -1.000000000000000000, 9.860761315262647600E-032, 2.465190328815661900E-032 ) ) ;
#10738 = DIRECTION ( 'NONE',  ( -2.465190328815661900E-032, 1.483603526480291100E-031, -1.000000000000000000 ) ) ;
#10739 = CARTESIAN_POINT ( 'NONE',  ( -7.750000000000041700, -11.88174539936728500, -5.799999999999998000 ) ) ;
#10740 = AXIS2_PLACEMENT_3D ( 'NONE', #10739, #10738, #10737 ) ;
#10741 = CARTESIAN_POINT ( 'NONE',  ( -7.750000000000041700, -12.09999999999997500, -6.699999999999999300 ) ) ;
#10742 = LINE ( 'NONE', #10741, #10704 ) ;
#10743 = PLANE ( 'NONE',  #10740 ) ;
#10744 =( GEOMETRIC_REPRESENTATION_CONTEXT ( 3 ) GLOBAL_UNCERTAINTY_ASSIGNED_CONTEXT ( ( #10665 ) ) GLOBAL_UNIT_ASSIGNED_CONTEXT ( ( #10717, #10667, #10666 ) ) REPRESENTATION_CONTEXT ( 'NONE', 'WORKASPACE' ) );
#10745 = MECHANICAL_DESIGN_GEOMETRIC_PRESENTATION_REPRESENTATION (  '', ( #10747 ), #10783 ) ;
#10746 = PRESENTATION_LAYER_ASSIGNMENT (  '', '', ( #10747 ) ) ;
#10747 = STYLED_ITEM ( 'NONE', ( #10748 ), #2403 ) ;
#10748 = PRESENTATION_STYLE_ASSIGNMENT (( #10790 ) ) ;
#10749 = UNCERTAINTY_MEASURE_WITH_UNIT (LENGTH_MEASURE( 1.000000000000000100E-005 ), #10778, 'distance_accuracy_value', 'NONE');
#10750 =( NAMED_UNIT ( * ) SI_UNIT ( $, .STERADIAN. ) SOLID_ANGLE_UNIT ( ) );
#10751 =( NAMED_UNIT ( * ) PLANE_ANGLE_UNIT ( ) SI_UNIT ( $, .RADIAN. ) );
#10752 =( LENGTH_UNIT ( ) NAMED_UNIT ( * ) SI_UNIT ( .MILLI., .METRE. ) );
#10753 = VECTOR ( 'NONE', #10774, 1000.000000000000000 ) ;
#10754 = CARTESIAN_POINT ( 'NONE',  ( -7.749999999999972500, 11.88174539936732400, -5.799999999999998000 ) ) ;
#10755 = LINE ( 'NONE', #10754, #10753 ) ;
#10756 = FILL_AREA_STYLE_COLOUR ( '', #10772 ) ;
#10757 = DIRECTION ( 'NONE',  ( 2.465190328815662400E-032, -0.4226182617406961700, 0.9063077870366514900 ) ) ;
#10758 = DIRECTION ( 'NONE',  ( 2.366699901115322700E-015, 0.9063077870366514900, 0.4226182617406961700 ) ) ;
#10759 = CARTESIAN_POINT ( 'NONE',  ( -7.750000000000041700, -11.88174539936728500, -5.799999999999998000 ) ) ;
#10760 = DIRECTION ( 'NONE',  ( 7.395570986446987100E-030, 2.820542642494453300E-015, -1.000000000000000000 ) ) ;
#10761 = CARTESIAN_POINT ( 'NONE',  ( -7.750000000000041700, -12.09999999999997500, -6.699999999999999300 ) ) ;
#10762 = COLOUR_RGB ( '',0.2509803921568627400, 0.2509803921568627400, 0.2509803921568627400 ) ;
#10763 = FACE_OUTER_BOUND ( 'NONE', #2349, .T. ) ;
#10764 = AXIS2_PLACEMENT_3D ( 'NONE', #10761, #10760, #10794 ) ;
#10765 = PLANE ( 'NONE',  #10764 ) ;
#10766 =( NAMED_UNIT ( * ) PLANE_ANGLE_UNIT ( ) SI_UNIT ( $, .RADIAN. ) );
#10767 = PRESENTATION_STYLE_ASSIGNMENT (( #10768 ) ) ;
#10768 = SURFACE_STYLE_USAGE ( .BOTH. , #10769 ) ;
#10769 = SURFACE_SIDE_STYLE ('',( #10770 ) ) ;
#10770 = SURFACE_STYLE_FILL_AREA ( #10771 ) ;
#10771 = FILL_AREA_STYLE ('',( #10756 ) ) ;
#10772 = COLOUR_RGB ( '',0.2509803921568627400, 0.2509803921568627400, 0.2509803921568627400 ) ;
#10773 = FACE_OUTER_BOUND ( 'NONE', #2432, .T. ) ;
#10774 = DIRECTION ( 'NONE',  ( -1.000000000000000000, 2.611364411701354400E-015, 2.465190328815661900E-032 ) ) ;
#10775 =( GEOMETRIC_REPRESENTATION_CONTEXT ( 3 ) GLOBAL_UNCERTAINTY_ASSIGNED_CONTEXT ( ( #10784 ) ) GLOBAL_UNIT_ASSIGNED_CONTEXT ( ( #10752, #10766, #10779 ) ) REPRESENTATION_CONTEXT ( 'NONE', 'WORKASPACE' ) );
#10776 = AXIS2_PLACEMENT_3D ( 'NONE', #10759, #10758, #10757 ) ;
#10777 = PLANE ( 'NONE',  #10776 ) ;
#10778 =( LENGTH_UNIT ( ) NAMED_UNIT ( * ) SI_UNIT ( .MILLI., .METRE. ) );
#10779 =( NAMED_UNIT ( * ) SI_UNIT ( $, .STERADIAN. ) SOLID_ANGLE_UNIT ( ) );
#10780 = UNCERTAINTY_MEASURE_WITH_UNIT (LENGTH_MEASURE( 1.000000000000000100E-005 ), #10785, 'distance_accuracy_value', 'NONE');
#10781 =( NAMED_UNIT ( * ) SI_UNIT ( $, .STERADIAN. ) SOLID_ANGLE_UNIT ( ) );
#10782 =( NAMED_UNIT ( * ) PLANE_ANGLE_UNIT ( ) SI_UNIT ( $, .RADIAN. ) );
#10783 =( GEOMETRIC_REPRESENTATION_CONTEXT ( 3 ) GLOBAL_UNCERTAINTY_ASSIGNED_CONTEXT ( ( #10749 ) ) GLOBAL_UNIT_ASSIGNED_CONTEXT ( ( #10778, #10751, #10750 ) ) REPRESENTATION_CONTEXT ( 'NONE', 'WORKASPACE' ) );
#10784 = UNCERTAINTY_MEASURE_WITH_UNIT (LENGTH_MEASURE( 1.000000000000000100E-005 ), #10752, 'distance_accuracy_value', 'NONE');
#10785 =( LENGTH_UNIT ( ) NAMED_UNIT ( * ) SI_UNIT ( .MILLI., .METRE. ) );
#10786 = MECHANICAL_DESIGN_GEOMETRIC_PRESENTATION_REPRESENTATION (  '', ( #10788 ), #10923 ) ;
#10787 = PRESENTATION_LAYER_ASSIGNMENT (  '', '', ( #10788 ) ) ;
#10788 = STYLED_ITEM ( 'NONE', ( #10767 ), #2409 ) ;
#10789 = FILL_AREA_STYLE_COLOUR ( '', #10762 ) ;
#10790 = SURFACE_STYLE_USAGE ( .BOTH. , #10791 ) ;
#10791 = SURFACE_SIDE_STYLE ('',( #10792 ) ) ;
#10792 = SURFACE_STYLE_FILL_AREA ( #10793 ) ;
#10793 = FILL_AREA_STYLE ('',( #10789 ) ) ;
#10794 = DIRECTION ( 'NONE',  ( -9.860761315262649800E-032, 1.000000000000000000, 2.820542642494453300E-015 ) ) ;
#10795 = LINE ( 'NONE', #10872, #10871 ) ;
#10796 = DIRECTION ( 'NONE',  ( -1.000000000000000000, 2.611364411701354400E-015, 2.465190328815661900E-032 ) ) ;
#10797 = VECTOR ( 'NONE', #10796, 1000.000000000000000 ) ;
#10798 = CARTESIAN_POINT ( 'NONE',  ( -7.750000000000027500, -11.18959840682154400, -4.449999999999997500 ) ) ;
#10799 = VECTOR ( 'NONE', #10819, 1000.000000000000000 ) ;
#10800 = FACE_OUTER_BOUND ( 'NONE', #2304, .T. ) ;
#10801 = FILL_AREA_STYLE_COLOUR ( '', #10849 ) ;
#10802 =( GEOMETRIC_REPRESENTATION_CONTEXT ( 3 ) GLOBAL_UNCERTAINTY_ASSIGNED_CONTEXT ( ( #10815 ) ) GLOBAL_UNIT_ASSIGNED_CONTEXT ( ( #10813, #10832, #10816 ) ) REPRESENTATION_CONTEXT ( 'NONE', 'WORKASPACE' ) );
#10803 = FILL_AREA_STYLE ('',( #10801 ) ) ;
#10804 = AXIS2_PLACEMENT_3D ( 'NONE', #10874, #10865, #10864 ) ;
#10805 = LINE ( 'NONE', #10830, #10829 ) ;
#10806 = FILL_AREA_STYLE_COLOUR ( '', #10826 ) ;
#10807 = DIRECTION ( 'NONE',  ( -1.000000000000000000, 2.611364411701354400E-015, 2.465190328815661900E-032 ) ) ;
#10808 = VECTOR ( 'NONE', #10807, 1000.000000000000000 ) ;
#10809 = CARTESIAN_POINT ( 'NONE',  ( -7.750000000000027500, -11.39943685299129200, -3.999999999999998200 ) ) ;
#10810 = LINE ( 'NONE', #10809, #10808 ) ;
#10811 = LINE ( 'NONE', #10866, #10799 ) ;
#10812 = MECHANICAL_DESIGN_GEOMETRIC_PRESENTATION_REPRESENTATION (  '', ( #10814 ), #10802 ) ;
#10813 =( LENGTH_UNIT ( ) NAMED_UNIT ( * ) SI_UNIT ( .MILLI., .METRE. ) );
#10814 = STYLED_ITEM ( 'NONE', ( #10817 ), #2289 ) ;
#10815 = UNCERTAINTY_MEASURE_WITH_UNIT (LENGTH_MEASURE( 1.000000000000000100E-005 ), #10813, 'distance_accuracy_value', 'NONE');
#10816 =( NAMED_UNIT ( * ) SI_UNIT ( $, .STERADIAN. ) SOLID_ANGLE_UNIT ( ) );
#10817 = PRESENTATION_STYLE_ASSIGNMENT (( #10818 ) ) ;
#10818 = SURFACE_STYLE_USAGE ( .BOTH. , #10873 ) ;
#10819 = DIRECTION ( 'NONE',  ( -1.000000000000000000, 2.611364411701354400E-015, 2.465190328815661900E-032 ) ) ;
#10820 = STYLED_ITEM ( 'NONE', ( #10821 ), #2301 ) ;
#10821 = PRESENTATION_STYLE_ASSIGNMENT (( #10822 ) ) ;
#10822 = SURFACE_STYLE_USAGE ( .BOTH. , #10823 ) ;
#10823 = SURFACE_SIDE_STYLE ('',( #10824 ) ) ;
#10824 = SURFACE_STYLE_FILL_AREA ( #10825 ) ;
#10825 = FILL_AREA_STYLE ('',( #10806 ) ) ;
#10826 = COLOUR_RGB ( '',0.2509803921568627400, 0.2509803921568627400, 0.2509803921568627400 ) ;
#10827 = FACE_OUTER_BOUND ( 'NONE', #2218, .T. ) ;
#10828 = DIRECTION ( 'NONE',  ( 3.493763099184597100E-015, 0.4226182617406961700, -0.9063077870366514900 ) ) ;
#10829 = VECTOR ( 'NONE', #10828, 1000.000000000000100 ) ;
#10830 = CARTESIAN_POINT ( 'NONE',  ( -7.750000000000041700, -11.64059112617928800, -4.899999999999996800 ) ) ;
#10831 = SURFACE_STYLE_FILL_AREA ( #10803 ) ;
#10832 =( NAMED_UNIT ( * ) PLANE_ANGLE_UNIT ( ) SI_UNIT ( $, .RADIAN. ) );
#10833 = PRESENTATION_LAYER_ASSIGNMENT (  '', '', ( #10814 ) ) ;
#10834 = DIRECTION ( 'NONE',  ( 2.366699901115322700E-015, 0.9063077870366514900, 0.4226182617406961700 ) ) ;
#10835 = CARTESIAN_POINT ( 'NONE',  ( -7.750000000000027500, -11.52001398958528700, -4.449999999999997500 ) ) ;
#10836 = AXIS2_PLACEMENT_3D ( 'NONE', #10835, #10834, #10839 ) ;
#10837 = CARTESIAN_POINT ( 'NONE',  ( -7.750000000000027500, -11.31017554341554500, -4.899999999999996800 ) ) ;
#10838 = LINE ( 'NONE', #10837, #10863 ) ;
#10839 = DIRECTION ( 'NONE',  ( 2.465190328815662400E-032, -0.4226182617406961700, 0.9063077870366514900 ) ) ;
#10840 =( NAMED_UNIT ( * ) SI_UNIT ( $, .STERADIAN. ) SOLID_ANGLE_UNIT ( ) );
#10841 =( NAMED_UNIT ( * ) PLANE_ANGLE_UNIT ( ) SI_UNIT ( $, .RADIAN. ) );
#10842 =( LENGTH_UNIT ( ) NAMED_UNIT ( * ) SI_UNIT ( .MILLI., .METRE. ) );
#10843 = MECHANICAL_DESIGN_GEOMETRIC_PRESENTATION_REPRESENTATION (  '', ( #10845 ), #10488 ) ;
#10844 = PRESENTATION_LAYER_ASSIGNMENT (  '', '', ( #10845 ) ) ;
#10845 = STYLED_ITEM ( 'NONE', ( #10846 ), #2302 ) ;
#10846 = PRESENTATION_STYLE_ASSIGNMENT (( #10847 ) ) ;
#10847 = SURFACE_STYLE_USAGE ( .BOTH. , #10848 ) ;
#10848 = SURFACE_SIDE_STYLE ('',( #10859 ) ) ;
#10849 = COLOUR_RGB ( '',0.2509803921568627400, 0.2509803921568627400, 0.2509803921568627400 ) ;
#10850 = PLANE ( 'NONE',  #10858 ) ;
#10851 =( GEOMETRIC_REPRESENTATION_CONTEXT ( 3 ) GLOBAL_UNCERTAINTY_ASSIGNED_CONTEXT ( ( #10875 ) ) GLOBAL_UNIT_ASSIGNED_CONTEXT ( ( #10878, #10877, #10876 ) ) REPRESENTATION_CONTEXT ( 'NONE', 'WORKASPACE' ) );
#10852 = FILL_AREA_STYLE_COLOUR ( '', #10853 ) ;
#10853 = COLOUR_RGB ( '',0.2509803921568627400, 0.2509803921568627400, 0.2509803921568627400 ) ;
#10854 = FACE_OUTER_BOUND ( 'NONE', #2233, .T. ) ;
#10855 = DIRECTION ( 'NONE',  ( 1.182766006347820200E-015, 1.457905412511795400E-031, -1.000000000000000000 ) ) ;
#10856 = DIRECTION ( 'NONE',  ( -1.000000000000000000, 6.310887241768094400E-030, -1.182766006347820200E-015 ) ) ;
#10857 = CARTESIAN_POINT ( 'NONE',  ( -11.25000000000003000, -11.20454545454542500, -6.249999999999993800 ) ) ;
#10858 = AXIS2_PLACEMENT_3D ( 'NONE', #10857, #10856, #10855 ) ;
#10859 = SURFACE_STYLE_FILL_AREA ( #10860 ) ;
#10860 = FILL_AREA_STYLE ('',( #10852 ) ) ;
#10861 = LINE ( 'NONE', #10798, #10797 ) ;
#10862 = DIRECTION ( 'NONE',  ( -1.000000000000000000, 2.611364411701354400E-015, 2.465190328815661900E-032 ) ) ;
#10863 = VECTOR ( 'NONE', #10862, 1000.000000000000000 ) ;
#10864 = DIRECTION ( 'NONE',  ( 2.465190328815480400E-032, 2.613027716722784600E-031, -1.000000000000000000 ) ) ;
#10865 = DIRECTION ( 'NONE',  ( -1.000000000000000000, -6.982966722218761000E-015, -2.465190328815663000E-032 ) ) ;
#10866 = CARTESIAN_POINT ( 'NONE',  ( -7.750000000000027500, -11.52001398958528700, -4.449999999999997500 ) ) ;
#10867 = PLANE ( 'NONE',  #10836 ) ;
#10868 = CARTESIAN_POINT ( 'NONE',  ( -11.25000000000003000, -11.76116826277327500, -5.349999999999997000 ) ) ;
#10869 = CARTESIAN_POINT ( 'NONE',  ( -11.25000000000003000, -11.55132981660352700, -5.799999999999998000 ) ) ;
#10870 = DIRECTION ( 'NONE',  ( 9.860761315262649800E-032, -1.000000000000000000, 1.483603526480291300E-031 ) ) ;
#10871 = VECTOR ( 'NONE', #10870, 1000.000000000000000 ) ;
#10872 = CARTESIAN_POINT ( 'NONE',  ( -7.750000000000027500, -11.52001398958528700, -4.449999999999997500 ) ) ;
#10873 = SURFACE_SIDE_STYLE ('',( #10831 ) ) ;
#10874 = CARTESIAN_POINT ( 'NONE',  ( -6.699999999999983300, -3.000000000000052000, -28.89999999999998800 ) ) ;
#10875 = UNCERTAINTY_MEASURE_WITH_UNIT (LENGTH_MEASURE( 1.000000000000000100E-005 ), #10878, 'distance_accuracy_value', 'NONE');
#10876 =( NAMED_UNIT ( * ) SI_UNIT ( $, .STERADIAN. ) SOLID_ANGLE_UNIT ( ) );
#10877 =( NAMED_UNIT ( * ) PLANE_ANGLE_UNIT ( ) SI_UNIT ( $, .RADIAN. ) );
#10878 =( LENGTH_UNIT ( ) NAMED_UNIT ( * ) SI_UNIT ( .MILLI., .METRE. ) );
#10879 = MECHANICAL_DESIGN_GEOMETRIC_PRESENTATION_REPRESENTATION (  '', ( #10820 ), #10851 ) ;
#10880 = PRESENTATION_LAYER_ASSIGNMENT (  '', '', ( #10820 ) ) ;
#10881 = SURFACE_STYLE_USAGE ( .BOTH. , #10882 ) ;
#10882 = SURFACE_SIDE_STYLE ('',( #10884 ) ) ;
#10884 = SURFACE_STYLE_FILL_AREA ( #10885 ) ;
#10883 = PLANE ( 'NONE',  #10804 ) ;
#10885 = FILL_AREA_STYLE ('',( #10944 ) ) ;
#10886 = STYLED_ITEM ( 'NONE', ( #10887 ), #2418 ) ;
#10887 = PRESENTATION_STYLE_ASSIGNMENT (( #10888 ) ) ;
#10888 = SURFACE_STYLE_USAGE ( .BOTH. , #10889 ) ;
#10889 = SURFACE_SIDE_STYLE ('',( #10890 ) ) ;
#10890 = SURFACE_STYLE_FILL_AREA ( #10891 ) ;
#10891 = FILL_AREA_STYLE ('',( #10896 ) ) ;
#10892 = COLOUR_RGB ( '',0.2509803921568627400, 0.2509803921568627400, 0.2509803921568627400 ) ;
#10893 = DIRECTION ( 'NONE',  ( 9.860761315262649800E-032, -0.4226182617406961700, -0.9063077870366514900 ) ) ;
#10894 = DIRECTION ( 'NONE',  ( -2.366699901115322700E-015, -0.9063077870366514900, 0.4226182617406961700 ) ) ;
#10895 = FACE_OUTER_BOUND ( 'NONE', #2419, .T. ) ;
#10896 = FILL_AREA_STYLE_COLOUR ( '', #10892 ) ;
#10897 = UNCERTAINTY_MEASURE_WITH_UNIT (LENGTH_MEASURE( 1.000000000000000100E-005 ), #10905, 'distance_accuracy_value', 'NONE');
#10898 = MECHANICAL_DESIGN_GEOMETRIC_PRESENTATION_REPRESENTATION (  '', ( #10900 ), #10956 ) ;
#10899 = PRESENTATION_LAYER_ASSIGNMENT (  '', '', ( #10900 ) ) ;
#10900 = STYLED_ITEM ( 'NONE', ( #10901 ), #2412 ) ;
#10901 = PRESENTATION_STYLE_ASSIGNMENT (( #10881 ) ) ;
#10902 = DIRECTION ( 'NONE',  ( -2.366699901115322700E-015, -0.9063077870366514900, 0.4226182617406961700 ) ) ;
#10903 = CARTESIAN_POINT ( 'NONE',  ( -7.749999999999972500, 11.88174539936732400, -5.799999999999998000 ) ) ;
#10904 = AXIS2_PLACEMENT_3D ( 'NONE', #10903, #10902, #10947 ) ;
#10905 =( LENGTH_UNIT ( ) NAMED_UNIT ( * ) SI_UNIT ( .MILLI., .METRE. ) );
#10906 = VECTOR ( 'NONE', #10957, 1000.000000000000000 ) ;
#10907 =( NAMED_UNIT ( * ) SI_UNIT ( $, .STERADIAN. ) SOLID_ANGLE_UNIT ( ) );
#10908 = CARTESIAN_POINT ( 'NONE',  ( -5.899999999999995900, -2.000000000000039100, -26.49999999999996800 ) ) ;
#10909 = LINE ( 'NONE', #10908, #10946 ) ;
#10910 =( NAMED_UNIT ( * ) PLANE_ANGLE_UNIT ( ) SI_UNIT ( $, .RADIAN. ) );
#10911 =( LENGTH_UNIT ( ) NAMED_UNIT ( * ) SI_UNIT ( .MILLI., .METRE. ) );
#10912 = UNCERTAINTY_MEASURE_WITH_UNIT (LENGTH_MEASURE( 1.000000000000000100E-005 ), #10915, 'distance_accuracy_value', 'NONE');
#10913 =( NAMED_UNIT ( * ) SI_UNIT ( $, .STERADIAN. ) SOLID_ANGLE_UNIT ( ) );
#10914 =( NAMED_UNIT ( * ) PLANE_ANGLE_UNIT ( ) SI_UNIT ( $, .RADIAN. ) );
#10915 =( LENGTH_UNIT ( ) NAMED_UNIT ( * ) SI_UNIT ( .MILLI., .METRE. ) );
#10916 = MECHANICAL_DESIGN_GEOMETRIC_PRESENTATION_REPRESENTATION (  '', ( #10886 ), #10951 ) ;
#10917 = PRESENTATION_LAYER_ASSIGNMENT (  '', '', ( #10886 ) ) ;
#10918 = CARTESIAN_POINT ( 'NONE',  ( -5.899999999999957700, -5.400000000000043000, -20.69999999999998900 ) ) ;
#10919 = CARTESIAN_POINT ( 'NONE',  ( -5.900000000000005700, -0.6000000000000440500, -26.49999999999998900 ) ) ;
#10920 =( NAMED_UNIT ( * ) SI_UNIT ( $, .STERADIAN. ) SOLID_ANGLE_UNIT ( ) );
#10921 =( NAMED_UNIT ( * ) PLANE_ANGLE_UNIT ( ) SI_UNIT ( $, .RADIAN. ) );
#10922 = PLANE ( 'NONE',  #10904 ) ;
#10923 =( GEOMETRIC_REPRESENTATION_CONTEXT ( 3 ) GLOBAL_UNCERTAINTY_ASSIGNED_CONTEXT ( ( #10780 ) ) GLOBAL_UNIT_ASSIGNED_CONTEXT ( ( #10785, #10782, #10781 ) ) REPRESENTATION_CONTEXT ( 'NONE', 'WORKASPACE' ) );
#10924 = MECHANICAL_DESIGN_GEOMETRIC_PRESENTATION_REPRESENTATION (  '', ( #10926 ), #10985 ) ;
#10925 = PRESENTATION_LAYER_ASSIGNMENT (  '', '', ( #10926 ) ) ;
#10926 = STYLED_ITEM ( 'NONE', ( #10927 ), #2426 ) ;
#10927 = PRESENTATION_STYLE_ASSIGNMENT (( #10928 ) ) ;
#10928 = SURFACE_STYLE_USAGE ( .BOTH. , #10929 ) ;
#10929 = SURFACE_SIDE_STYLE ('',( #10930 ) ) ;
#10930 = SURFACE_STYLE_FILL_AREA ( #10931 ) ;
#10931 = FILL_AREA_STYLE ('',( #10938 ) ) ;
#10932 = COLOUR_RGB ( '',0.2509803921568627400, 0.2509803921568627400, 0.2509803921568627400 ) ;
#10933 = FACE_OUTER_BOUND ( 'NONE', #2402, .T. ) ;
#10934 = DIRECTION ( 'NONE',  ( -1.178532910594544900E-015, -0.4138029443011858600, -0.9103664774626038000 ) ) ;
#10935 = VECTOR ( 'NONE', #10934, 1000.000000000000200 ) ;
#10936 = CARTESIAN_POINT ( 'NONE',  ( -7.749999999999972500, 11.00000000000001600, -6.699999999999999300 ) ) ;
#10937 = LINE ( 'NONE', #10936, #10935 ) ;
#10938 = FILL_AREA_STYLE_COLOUR ( '', #10932 ) ;
#10939 = CARTESIAN_POINT ( 'NONE',  ( -6.699999999999990400, -1.935988547152625900, -24.28089086419908700 ) ) ;
#10940 = DIRECTION ( 'NONE',  ( 2.465190328815662400E-032, -0.4226182617406961700, 0.9063077870366514900 ) ) ;
#10941 = DIRECTION ( 'NONE',  ( 2.366699901115322700E-015, 0.9063077870366514900, 0.4226182617406961700 ) ) ;
#10942 = COLOUR_RGB ( '',0.2509803921568627400, 0.2509803921568627400, 0.2509803921568627400 ) ;
#10943 = FACE_OUTER_BOUND ( 'NONE', #2413, .T. ) ;
#10944 = FILL_AREA_STYLE_COLOUR ( '', #10942 ) ;
#10945 = DIRECTION ( 'NONE',  ( -6.982966722218767300E-015, 1.000000000000000000, -2.859546749604347300E-031 ) ) ;
#10947 = DIRECTION ( 'NONE',  ( 9.860761315262649800E-032, -0.4226182617406961700, -0.9063077870366514900 ) ) ;
#10946 = VECTOR ( 'NONE', #10945, 1000.000000000000000 ) ;
#10948 = CARTESIAN_POINT ( 'NONE',  ( -7.750000000000041700, -11.76116826277328500, -5.349999999999997000 ) ) ;
#10949 = AXIS2_PLACEMENT_3D ( 'NONE', #10948, #10941, #10940 ) ;
#10950 = PLANE ( 'NONE',  #10949 ) ;
#10951 =( GEOMETRIC_REPRESENTATION_CONTEXT ( 3 ) GLOBAL_UNCERTAINTY_ASSIGNED_CONTEXT ( ( #10912 ) ) GLOBAL_UNIT_ASSIGNED_CONTEXT ( ( #10915, #10914, #10913 ) ) REPRESENTATION_CONTEXT ( 'NONE', 'WORKASPACE' ) );
#10952 = LINE ( 'NONE', #10918, #10906 ) ;
#10953 = CARTESIAN_POINT ( 'NONE',  ( -7.749999999999972500, 11.76116826277332400, -5.349999999999997000 ) ) ;
#10954 = AXIS2_PLACEMENT_3D ( 'NONE', #10953, #10894, #10893 ) ;
#10955 = PLANE ( 'NONE',  #10954 ) ;
#10956 =( GEOMETRIC_REPRESENTATION_CONTEXT ( 3 ) GLOBAL_UNCERTAINTY_ASSIGNED_CONTEXT ( ( #10897 ) ) GLOBAL_UNIT_ASSIGNED_CONTEXT ( ( #10905, #10921, #10920 ) ) REPRESENTATION_CONTEXT ( 'NONE', 'WORKASPACE' ) );
#10957 = DIRECTION ( 'NONE',  ( -1.068920550270719200E-030, 1.495451272393801800E-016, -1.000000000000000000 ) ) ;
#10958 = CARTESIAN_POINT ( 'NONE',  ( -5.899999999999998600, -0.6000000000000440500, -20.69999999999998900 ) ) ;
#10959 = LINE ( 'NONE', #10958, #10549 ) ;
#10960 = UNCERTAINTY_MEASURE_WITH_UNIT (LENGTH_MEASURE( 1.000000000000000100E-005 ), #10911, 'distance_accuracy_value', 'NONE');
#10961 = VECTOR ( 'NONE', #10971, 1000.000000000000000 ) ;
#10962 = CARTESIAN_POINT ( 'NONE',  ( -7.749999999999972500, 11.64059112617932400, -4.899999999999996800 ) ) ;
#10963 = LINE ( 'NONE', #10962, #10961 ) ;
#10964 = FILL_AREA_STYLE_COLOUR ( '', #10969 ) ;
#10965 = SURFACE_STYLE_USAGE ( .BOTH. , #10966 ) ;
#10966 = SURFACE_SIDE_STYLE ('',( #10967 ) ) ;
#10967 = SURFACE_STYLE_FILL_AREA ( #10968 ) ;
#10968 = FILL_AREA_STYLE ('',( #10964 ) ) ;
#10969 = COLOUR_RGB ( '',0.2509803921568627400, 0.2509803921568627400, 0.2509803921568627400 ) ;
#10970 = FACE_OUTER_BOUND ( 'NONE', #2430, .T. ) ;
#10971 = DIRECTION ( 'NONE',  ( -1.000000000000000000, 2.611364411701354400E-015, 2.465190328815661900E-032 ) ) ;
#10972 =( NAMED_UNIT ( * ) PLANE_ANGLE_UNIT ( ) SI_UNIT ( $, .RADIAN. ) );
#10973 = PLANE ( 'NONE',  #10984 ) ;
#10974 = LINE ( 'NONE', #10981, #10980 ) ;
#10975 = CARTESIAN_POINT ( 'NONE',  ( -7.749999999999972500, 11.88174539936732400, -5.799999999999998000 ) ) ;
#10976 =( GEOMETRIC_REPRESENTATION_CONTEXT ( 3 ) GLOBAL_UNCERTAINTY_ASSIGNED_CONTEXT ( ( #10977 ) ) GLOBAL_UNIT_ASSIGNED_CONTEXT ( ( #11000, #10972, #10978 ) ) REPRESENTATION_CONTEXT ( 'NONE', 'WORKASPACE' ) );
#10977 = UNCERTAINTY_MEASURE_WITH_UNIT (LENGTH_MEASURE( 1.000000000000000100E-005 ), #11000, 'distance_accuracy_value', 'NONE');
#10978 =( NAMED_UNIT ( * ) SI_UNIT ( $, .STERADIAN. ) SOLID_ANGLE_UNIT ( ) );
#10979 = DIRECTION ( 'NONE',  ( -1.000000000000000000, 2.611364411701354400E-015, 2.465190328815661900E-032 ) ) ;
#10980 = VECTOR ( 'NONE', #10979, 1000.000000000000000 ) ;
#10981 = CARTESIAN_POINT ( 'NONE',  ( -7.749999999999972500, 11.43075268000957900, -5.349999999999997000 ) ) ;
#10982 = DIRECTION ( 'NONE',  ( -1.000000000000000000, 9.860761315262647600E-032, 2.465190328815661900E-032 ) ) ;
#10983 = DIRECTION ( 'NONE',  ( -2.465190328815661900E-032, 1.483603526480291100E-031, -1.000000000000000000 ) ) ;
#10984 = AXIS2_PLACEMENT_3D ( 'NONE', #10975, #10983, #10982 ) ;
#10985 =( GEOMETRIC_REPRESENTATION_CONTEXT ( 3 ) GLOBAL_UNCERTAINTY_ASSIGNED_CONTEXT ( ( #10960 ) ) GLOBAL_UNIT_ASSIGNED_CONTEXT ( ( #10911, #10910, #10907 ) ) REPRESENTATION_CONTEXT ( 'NONE', 'WORKASPACE' ) );
#10986 =( NAMED_UNIT ( * ) PLANE_ANGLE_UNIT ( ) SI_UNIT ( $, .RADIAN. ) );
#10987 =( LENGTH_UNIT ( ) NAMED_UNIT ( * ) SI_UNIT ( .MILLI., .METRE. ) );
#10988 = MECHANICAL_DESIGN_GEOMETRIC_PRESENTATION_REPRESENTATION (  '', ( #10990 ), #11025 ) ;
#10989 = PRESENTATION_LAYER_ASSIGNMENT (  '', '', ( #10990 ) ) ;
#10990 = STYLED_ITEM ( 'NONE', ( #10991 ), #2443 ) ;
#10991 = PRESENTATION_STYLE_ASSIGNMENT (( #10992 ) ) ;
#10992 = SURFACE_STYLE_USAGE ( .BOTH. , #10993 ) ;
#10993 = SURFACE_SIDE_STYLE ('',( #10994 ) ) ;
#10994 = SURFACE_STYLE_FILL_AREA ( #11050 ) ;
#10995 = DIRECTION ( 'NONE',  ( -9.860761315262647600E-032, 0.4138029443011859200, 0.9103664774626038000 ) ) ;
#10996 = DIRECTION ( 'NONE',  ( 2.377298620851768700E-015, 0.9103664774626039100, -0.4138029443011859700 ) ) ;
#10997 = CARTESIAN_POINT ( 'NONE',  ( -7.749999999999972500, 11.00000000000001600, -6.699999999999999300 ) ) ;
#10998 = AXIS2_PLACEMENT_3D ( 'NONE', #10997, #10996, #10995 ) ;
#10999 = PLANE ( 'NONE',  #10998 ) ;
#11000 =( LENGTH_UNIT ( ) NAMED_UNIT ( * ) SI_UNIT ( .MILLI., .METRE. ) );
#11001 = MECHANICAL_DESIGN_GEOMETRIC_PRESENTATION_REPRESENTATION (  '', ( #11003 ), #10976 ) ;
#11002 = PRESENTATION_LAYER_ASSIGNMENT (  '', '', ( #11003 ) ) ;
#11003 = STYLED_ITEM ( 'NONE', ( #11004 ), #2429 ) ;
#11004 = PRESENTATION_STYLE_ASSIGNMENT (( #10965 ) ) ;
#11005 = UNCERTAINTY_MEASURE_WITH_UNIT (LENGTH_MEASURE( 1.000000000000000100E-005 ), #11008, 'distance_accuracy_value', 'NONE');
#11006 =( NAMED_UNIT ( * ) SI_UNIT ( $, .STERADIAN. ) SOLID_ANGLE_UNIT ( ) );
#11007 =( NAMED_UNIT ( * ) PLANE_ANGLE_UNIT ( ) SI_UNIT ( $, .RADIAN. ) );
#11008 =( LENGTH_UNIT ( ) NAMED_UNIT ( * ) SI_UNIT ( .MILLI., .METRE. ) );
#11009 = MECHANICAL_DESIGN_GEOMETRIC_PRESENTATION_REPRESENTATION (  '', ( #11011 ), #11167 ) ;
#11010 = PRESENTATION_LAYER_ASSIGNMENT (  '', '', ( #11011 ) ) ;
#11011 = STYLED_ITEM ( 'NONE', ( #11012 ), #2447 ) ;
#11012 = PRESENTATION_STYLE_ASSIGNMENT (( #11013 ) ) ;
#11013 = SURFACE_STYLE_USAGE ( .BOTH. , #11014 ) ;
#11014 = SURFACE_SIDE_STYLE ('',( #11015 ) ) ;
#11015 = SURFACE_STYLE_FILL_AREA ( #11022 ) ;
#11016 = COLOUR_RGB ( '',0.2509803921568627400, 0.2509803921568627400, 0.2509803921568627400 ) ;
#11017 = FACE_OUTER_BOUND ( 'NONE', #2448, .T. ) ;
#11018 = DIRECTION ( 'NONE',  ( -1.000000000000000000, 9.860761315262647600E-032, 2.465190328815661900E-032 ) ) ;
#11019 = DIRECTION ( 'NONE',  ( -2.465190328815661900E-032, 1.483603526480291100E-031, -1.000000000000000000 ) ) ;
#11020 = CARTESIAN_POINT ( 'NONE',  ( -7.749999999999972500, 11.64059112617932400, -4.899999999999996800 ) ) ;
#11021 = AXIS2_PLACEMENT_3D ( 'NONE', #11020, #11019, #11018 ) ;
#11022 = FILL_AREA_STYLE ('',( #11023 ) ) ;
#11023 = FILL_AREA_STYLE_COLOUR ( '', #11016 ) ;
#11024 = PLANE ( 'NONE',  #11021 ) ;
#11025 =( GEOMETRIC_REPRESENTATION_CONTEXT ( 3 ) GLOBAL_UNCERTAINTY_ASSIGNED_CONTEXT ( ( #11026 ) ) GLOBAL_UNIT_ASSIGNED_CONTEXT ( ( #10987, #10986, #11027 ) ) REPRESENTATION_CONTEXT ( 'NONE', 'WORKASPACE' ) );
#11026 = UNCERTAINTY_MEASURE_WITH_UNIT (LENGTH_MEASURE( 1.000000000000000100E-005 ), #10987, 'distance_accuracy_value', 'NONE');
#11027 =( NAMED_UNIT ( * ) SI_UNIT ( $, .STERADIAN. ) SOLID_ANGLE_UNIT ( ) );
#11028 =( LENGTH_UNIT ( ) NAMED_UNIT ( * ) SI_UNIT ( .MILLI., .METRE. ) );
#11029 = MECHANICAL_DESIGN_GEOMETRIC_PRESENTATION_REPRESENTATION (  '', ( #11031 ), #11053 ) ;
#11030 = PRESENTATION_LAYER_ASSIGNMENT (  '', '', ( #11031 ) ) ;
#11031 = STYLED_ITEM ( 'NONE', ( #11032 ), #2437 ) ;
#11032 = PRESENTATION_STYLE_ASSIGNMENT (( #11033 ) ) ;
#11033 = SURFACE_STYLE_USAGE ( .BOTH. , #11034 ) ;
#11034 = SURFACE_SIDE_STYLE ('',( #11035 ) ) ;
#11035 = SURFACE_STYLE_FILL_AREA ( #11036 ) ;
#11036 = FILL_AREA_STYLE ('',( #11043 ) ) ;
#11037 = COLOUR_RGB ( '',0.2509803921568627400, 0.2509803921568627400, 0.2509803921568627400 ) ;
#11038 = FACE_OUTER_BOUND ( 'NONE', #2417, .T. ) ;
#11039 = DIRECTION ( 'NONE',  ( -1.000000000000000000, 2.611364411701354400E-015, 2.465190328815661900E-032 ) ) ;
#11040 = VECTOR ( 'NONE', #11039, 1000.000000000000000 ) ;
#11041 = CARTESIAN_POINT ( 'NONE',  ( -7.749999999999972500, 11.67190695319757600, -6.249999999999996400 ) ) ;
#11042 = LINE ( 'NONE', #11041, #11040 ) ;
#11043 = FILL_AREA_STYLE_COLOUR ( '', #11037 ) ;
#11044 = COLOUR_RGB ( '',0.2509803921568627400, 0.2509803921568627400, 0.2509803921568627400 ) ;
#11045 = FACE_OUTER_BOUND ( 'NONE', #2444, .T. ) ;
#11046 = DIRECTION ( 'NONE',  ( -1.000000000000000000, 9.860761315262647600E-032, 2.465190328815661900E-032 ) ) ;
#11047 = DIRECTION ( 'NONE',  ( -2.465190328815661900E-032, 1.483603526480291100E-031, -1.000000000000000000 ) ) ;
#11048 = CARTESIAN_POINT ( 'NONE',  ( -7.749999999999972500, 11.76116826277332400, -5.349999999999997000 ) ) ;
#11049 = AXIS2_PLACEMENT_3D ( 'NONE', #11048, #11047, #11046 ) ;
#11050 = FILL_AREA_STYLE ('',( #11051 ) ) ;
#11051 = FILL_AREA_STYLE_COLOUR ( '', #11044 ) ;
#11052 = PLANE ( 'NONE',  #11049 ) ;
#11053 =( GEOMETRIC_REPRESENTATION_CONTEXT ( 3 ) GLOBAL_UNCERTAINTY_ASSIGNED_CONTEXT ( ( #11054 ) ) GLOBAL_UNIT_ASSIGNED_CONTEXT ( ( #11028, #11056, #11055 ) ) REPRESENTATION_CONTEXT ( 'NONE', 'WORKASPACE' ) );
#11054 = UNCERTAINTY_MEASURE_WITH_UNIT (LENGTH_MEASURE( 1.000000000000000100E-005 ), #11028, 'distance_accuracy_value', 'NONE');
#11055 =( NAMED_UNIT ( * ) SI_UNIT ( $, .STERADIAN. ) SOLID_ANGLE_UNIT ( ) );
#11056 =( NAMED_UNIT ( * ) PLANE_ANGLE_UNIT ( ) SI_UNIT ( $, .RADIAN. ) );
#11057 = PLANE ( 'NONE',  #11079 ) ;
#11058 = CARTESIAN_POINT ( 'NONE',  ( -7.749999999999972500, 11.35113212119639000, -13.39999999999999100 ) ) ;
#11059 = AXIS2_PLACEMENT_3D ( 'NONE', #11058, #11144, #11143 ) ;
#11060 = PLANE ( 'NONE',  #11059 ) ;
#11061 =( GEOMETRIC_REPRESENTATION_CONTEXT ( 3 ) GLOBAL_UNCERTAINTY_ASSIGNED_CONTEXT ( ( #11062 ) ) GLOBAL_UNIT_ASSIGNED_CONTEXT ( ( #11082, #11081, #11080 ) ) REPRESENTATION_CONTEXT ( 'NONE', 'WORKASPACE' ) );
#11062 = UNCERTAINTY_MEASURE_WITH_UNIT (LENGTH_MEASURE( 1.000000000000000100E-005 ), #11082, 'distance_accuracy_value', 'NONE');
#11063 = LINE ( 'NONE', #11213, #11212 ) ;
#11064 = CARTESIAN_POINT ( 'NONE',  ( -7.749999999999972500, 12.10000000000001700, -6.699999999999999300 ) ) ;
#11065 = DIRECTION ( 'NONE',  ( 9.946708721822467200E-016, 0.3583679495453008800, 0.9335804264972015200 ) ) ;
#11066 = VECTOR ( 'NONE', #11065, 1000.000000000000100 ) ;
#11067 = CARTESIAN_POINT ( 'NONE',  ( -7.749999999999972500, 12.10000000000001700, -6.699999999999999300 ) ) ;
#11068 = LINE ( 'NONE', #11067, #11066 ) ;
#11069 = CARTESIAN_POINT ( 'NONE',  ( -7.749999999999972500, 11.55132981660357500, -5.799999999999998000 ) ) ;
#11070 = CARTESIAN_POINT ( 'NONE',  ( -7.749999999999972500, 11.88174539936732400, -5.799999999999998000 ) ) ;
#11071 = DIRECTION ( 'NONE',  ( -9.860761315262651900E-032, 0.4226182617406961700, 0.9063077870366514900 ) ) ;
#11072 = VECTOR ( 'NONE', #11071, 1000.000000000000100 ) ;
#11073 = CARTESIAN_POINT ( 'NONE',  ( -7.749999999999972500, 11.88174539936732400, -5.799999999999998000 ) ) ;
#11074 = LINE ( 'NONE', #11073, #11072 ) ;
#11075 = DIRECTION ( 'NONE',  ( 9.860761315262649800E-032, -0.4226182617406961700, -0.9063077870366514900 ) ) ;
#11076 = DIRECTION ( 'NONE',  ( -2.366699901115322700E-015, -0.9063077870366514900, 0.4226182617406961700 ) ) ;
#11077 = CARTESIAN_POINT ( 'NONE',  ( -7.749999999999972500, 11.52001398958532600, -4.449999999999997500 ) ) ;
#11078 = CARTESIAN_POINT ( 'NONE',  ( -7.749999999999972500, 11.64059112617932400, -4.899999999999996800 ) ) ;
#11079 = AXIS2_PLACEMENT_3D ( 'NONE', #11078, #11190, #11189 ) ;
#11080 =( NAMED_UNIT ( * ) SI_UNIT ( $, .STERADIAN. ) SOLID_ANGLE_UNIT ( ) );
#11081 =( NAMED_UNIT ( * ) PLANE_ANGLE_UNIT ( ) SI_UNIT ( $, .RADIAN. ) );
#11082 =( LENGTH_UNIT ( ) NAMED_UNIT ( * ) SI_UNIT ( .MILLI., .METRE. ) );
#11083 = MECHANICAL_DESIGN_GEOMETRIC_PRESENTATION_REPRESENTATION (  '', ( #11085 ), #11061 ) ;
#11084 = PRESENTATION_LAYER_ASSIGNMENT (  '', '', ( #11085 ) ) ;
#11085 = STYLED_ITEM ( 'NONE', ( #11086 ), #2495 ) ;
#11086 = PRESENTATION_STYLE_ASSIGNMENT (( #11087 ) ) ;
#11087 = SURFACE_STYLE_USAGE ( .BOTH. , #11088 ) ;
#11088 = SURFACE_SIDE_STYLE ('',( #11089 ) ) ;
#11089 = SURFACE_STYLE_FILL_AREA ( #11090 ) ;
#11090 = FILL_AREA_STYLE ('',( #11178 ) ) ;
#11091 = COLOUR_RGB ( '',0.2509803921568627400, 0.2509803921568627400, 0.2509803921568627400 ) ;
#11092 = FACE_OUTER_BOUND ( 'NONE', #2533, .T. ) ;
#11093 =( NAMED_UNIT ( * ) SI_UNIT ( $, .STERADIAN. ) SOLID_ANGLE_UNIT ( ) );
#11094 =( NAMED_UNIT ( * ) PLANE_ANGLE_UNIT ( ) SI_UNIT ( $, .RADIAN. ) );
#11095 =( LENGTH_UNIT ( ) NAMED_UNIT ( * ) SI_UNIT ( .MILLI., .METRE. ) );
#11096 = MECHANICAL_DESIGN_GEOMETRIC_PRESENTATION_REPRESENTATION (  '', ( #11099 ), #11265 ) ;
#11098 = PRESENTATION_LAYER_ASSIGNMENT (  '', '', ( #11099 ) ) ;
#11097 = DIRECTION ( 'NONE',  ( -4.441713044927736800E-015, 0.6360782202777600600, -0.7716245833877231100 ) ) ;
#11099 = STYLED_ITEM ( 'NONE', ( #11100 ), #2522 ) ;
#11100 = PRESENTATION_STYLE_ASSIGNMENT (( #11101 ) ) ;
#11101 = SURFACE_STYLE_USAGE ( .BOTH. , #11102 ) ;
#11102 = SURFACE_SIDE_STYLE ('',( #11103 ) ) ;
#11103 = SURFACE_STYLE_FILL_AREA ( #11104 ) ;
#11104 = FILL_AREA_STYLE ('',( #11219 ) ) ;
#11105 = COLOUR_RGB ( '',0.2509803921568627400, 0.2509803921568627400, 0.2509803921568627400 ) ;
#11106 = FACE_OUTER_BOUND ( 'NONE', #2523, .T. ) ;
#11107 = DIRECTION ( 'NONE',  ( -1.000000000000000000, 2.611364411701354400E-015, 2.465190328815661900E-032 ) ) ;
#11108 = VECTOR ( 'NONE', #11107, 1000.000000000000000 ) ;
#11109 = CARTESIAN_POINT ( 'NONE',  ( -7.749999999999972500, 11.00000000000001600, -6.699999999999999300 ) ) ;
#11110 = LINE ( 'NONE', #11109, #11108 ) ;
#11111 = AXIS2_PLACEMENT_3D ( 'NONE', #11165, #11164, #11163 ) ;
#11112 = FILL_AREA_STYLE ('',( #11113 ) ) ;
#11113 = FILL_AREA_STYLE_COLOUR ( '', #11161 ) ;
#11114 = PLANE ( 'NONE',  #11111 ) ;
#11115 =( GEOMETRIC_REPRESENTATION_CONTEXT ( 3 ) GLOBAL_UNCERTAINTY_ASSIGNED_CONTEXT ( ( #11116 ) ) GLOBAL_UNIT_ASSIGNED_CONTEXT ( ( #11119, #11118, #11117 ) ) REPRESENTATION_CONTEXT ( 'NONE', 'WORKASPACE' ) );
#11116 = UNCERTAINTY_MEASURE_WITH_UNIT (LENGTH_MEASURE( 1.000000000000000100E-005 ), #11119, 'distance_accuracy_value', 'NONE');
#11117 =( NAMED_UNIT ( * ) SI_UNIT ( $, .STERADIAN. ) SOLID_ANGLE_UNIT ( ) );
#11118 =( NAMED_UNIT ( * ) PLANE_ANGLE_UNIT ( ) SI_UNIT ( $, .RADIAN. ) );
#11119 =( LENGTH_UNIT ( ) NAMED_UNIT ( * ) SI_UNIT ( .MILLI., .METRE. ) );
#11120 = MECHANICAL_DESIGN_GEOMETRIC_PRESENTATION_REPRESENTATION (  '', ( #11122 ), #11115 ) ;
#11121 = PRESENTATION_LAYER_ASSIGNMENT (  '', '', ( #11122 ) ) ;
#11122 = STYLED_ITEM ( 'NONE', ( #11123 ), #2465 ) ;
#11123 = PRESENTATION_STYLE_ASSIGNMENT (( #11124 ) ) ;
#11124 = SURFACE_STYLE_USAGE ( .BOTH. , #11125 ) ;
#11125 = SURFACE_SIDE_STYLE ('',( #11126 ) ) ;
#11126 = SURFACE_STYLE_FILL_AREA ( #11127 ) ;
#11127 = FILL_AREA_STYLE ('',( #11150 ) ) ;
#11128 = COLOUR_RGB ( '',0.2509803921568627400, 0.2509803921568627400, 0.2509803921568627400 ) ;
#11129 = CARTESIAN_POINT ( 'NONE',  ( -7.749999999999972500, 11.18959840682158100, -4.449999999999997500 ) ) ;
#11130 = LINE ( 'NONE', #11129, #11152 ) ;
#11131 = FACE_OUTER_BOUND ( 'NONE', #2504, .T. ) ;
#11132 = DIRECTION ( 'NONE',  ( -1.000000000000000000, 2.611364411701354400E-015, 2.465190328815661900E-032 ) ) ;
#11133 = VECTOR ( 'NONE', #11132, 1000.000000000000000 ) ;
#11134 = CARTESIAN_POINT ( 'NONE',  ( -7.749999999999972500, 12.00232253596132300, -6.249999999999998200 ) ) ;
#11135 = LINE ( 'NONE', #11134, #11133 ) ;
#11136 = FILL_AREA_STYLE_COLOUR ( '', #11254 ) ;
#11137 = CARTESIAN_POINT ( 'NONE',  ( -7.749999999999972500, 12.00232253596132300, -6.249999999999998200 ) ) ;
#11138 = CARTESIAN_POINT ( 'NONE',  ( -7.749999999999972500, 11.67190695319757600, -6.249999999999996400 ) ) ;
#11139 = DIRECTION ( 'NONE',  ( 9.860761315262649800E-032, -1.000000000000000000, 5.250126103214574900E-015 ) ) ;
#11140 = VECTOR ( 'NONE', #11139, 1000.000000000000000 ) ;
#11141 = CARTESIAN_POINT ( 'NONE',  ( -7.749999999999972500, 12.00232253596132300, -6.249999999999998200 ) ) ;
#11142 = LINE ( 'NONE', #11141, #11140 ) ;
#11143 = DIRECTION ( 'NONE',  ( 2.108503672457981300E-015, 1.000000000000000000, -1.538786037903159400E-031 ) ) ;
#11144 = DIRECTION ( 'NONE',  ( -1.000000000000000000, 2.108503672457981300E-015, -5.319881812040460200E-016 ) ) ;
#11145 = FACE_OUTER_BOUND ( 'NONE', #2471, .T. ) ;
#11146 = DIRECTION ( 'NONE',  ( -1.000000000000000000, 2.611364411701354400E-015, 2.465190328815661900E-032 ) ) ;
#11147 = VECTOR ( 'NONE', #11146, 1000.000000000000000 ) ;
#11148 = CARTESIAN_POINT ( 'NONE',  ( -7.749999999999972500, 11.39943685299132700, -3.999999999999998200 ) ) ;
#11149 = LINE ( 'NONE', #11148, #11147 ) ;
#11150 = FILL_AREA_STYLE_COLOUR ( '', #11128 ) ;
#11151 = DIRECTION ( 'NONE',  ( -1.000000000000000000, 2.611364411701354400E-015, 2.465190328815661900E-032 ) ) ;
#11152 = VECTOR ( 'NONE', #11151, 1000.000000000000000 ) ;
#11153 =( LENGTH_UNIT ( ) NAMED_UNIT ( * ) SI_UNIT ( .MILLI., .METRE. ) );
#11154 = MECHANICAL_DESIGN_GEOMETRIC_PRESENTATION_REPRESENTATION (  '', ( #11156 ), #11170 ) ;
#11155 = PRESENTATION_LAYER_ASSIGNMENT (  '', '', ( #11156 ) ) ;
#11156 = STYLED_ITEM ( 'NONE', ( #11157 ), #2472 ) ;
#11157 = PRESENTATION_STYLE_ASSIGNMENT (( #11158 ) ) ;
#11158 = SURFACE_STYLE_USAGE ( .BOTH. , #11159 ) ;
#11159 = SURFACE_SIDE_STYLE ('',( #11160 ) ) ;
#11160 = SURFACE_STYLE_FILL_AREA ( #11112 ) ;
#11161 = COLOUR_RGB ( '',0.2509803921568627400, 0.2509803921568627400, 0.2509803921568627400 ) ;
#11162 = FACE_OUTER_BOUND ( 'NONE', #2458, .T. ) ;
#11163 = DIRECTION ( 'NONE',  ( -1.000000000000000000, 9.860761315262647600E-032, 2.465190328815661900E-032 ) ) ;
#11164 = DIRECTION ( 'NONE',  ( -2.465190328815661900E-032, 1.483603526480291100E-031, -1.000000000000000000 ) ) ;
#11165 = CARTESIAN_POINT ( 'NONE',  ( -7.749999999999972500, 11.52001398958532600, -4.449999999999997500 ) ) ;
#11166 = CARTESIAN_POINT ( 'NONE',  ( -7.749999999999972500, 11.00000000000001600, -6.699999999999999300 ) ) ;
#11167 =( GEOMETRIC_REPRESENTATION_CONTEXT ( 3 ) GLOBAL_UNCERTAINTY_ASSIGNED_CONTEXT ( ( #11005 ) ) GLOBAL_UNIT_ASSIGNED_CONTEXT ( ( #11008, #11007, #11006 ) ) REPRESENTATION_CONTEXT ( 'NONE', 'WORKASPACE' ) );
#11168 = AXIS2_PLACEMENT_3D ( 'NONE', #11077, #11076, #11075 ) ;
#11169 = PLANE ( 'NONE',  #11168 ) ;
#11170 =( GEOMETRIC_REPRESENTATION_CONTEXT ( 3 ) GLOBAL_UNCERTAINTY_ASSIGNED_CONTEXT ( ( #11171 ) ) GLOBAL_UNIT_ASSIGNED_CONTEXT ( ( #11153, #11173, #11172 ) ) REPRESENTATION_CONTEXT ( 'NONE', 'WORKASPACE' ) );
#11171 = UNCERTAINTY_MEASURE_WITH_UNIT (LENGTH_MEASURE( 1.000000000000000100E-005 ), #11153, 'distance_accuracy_value', 'NONE');
#11172 =( NAMED_UNIT ( * ) SI_UNIT ( $, .STERADIAN. ) SOLID_ANGLE_UNIT ( ) );
#11173 =( NAMED_UNIT ( * ) PLANE_ANGLE_UNIT ( ) SI_UNIT ( $, .RADIAN. ) );
#11174 = DIRECTION ( 'NONE',  ( -5.250126103214604900E-015, -1.000000000000000000, 1.460685099043872000E-031 ) ) ;
#11175 = VECTOR ( 'NONE', #11174, 1000.000000000000000 ) ;
#11176 = CARTESIAN_POINT ( 'NONE',  ( -7.749999999999972500, 11.64059112617932400, -4.899999999999996800 ) ) ;
#11177 = LINE ( 'NONE', #11176, #11175 ) ;
#11178 = FILL_AREA_STYLE_COLOUR ( '', #11091 ) ;
#11179 = CARTESIAN_POINT ( 'NONE',  ( -7.749999999999972500, 11.64059112617932400, -4.899999999999996800 ) ) ;
#11180 = DIRECTION ( 'NONE',  ( 3.493763099184597100E-015, 0.4226182617406961700, 0.9063077870366514900 ) ) ;
#11181 = VECTOR ( 'NONE', #11180, 1000.000000000000100 ) ;
#11182 = CARTESIAN_POINT ( 'NONE',  ( -7.749999999999972500, 11.64059112617932400, -4.899999999999996800 ) ) ;
#11183 = LINE ( 'NONE', #11182, #11181 ) ;
#11184 = CARTESIAN_POINT ( 'NONE',  ( -7.749999999999972500, 11.43075268000957900, -5.349999999999997000 ) ) ;
#11185 = DIRECTION ( 'NONE',  ( -5.250126103214604900E-015, -1.000000000000000000, 1.460685099043872000E-031 ) ) ;
#11186 = VECTOR ( 'NONE', #11185, 1000.000000000000000 ) ;
#11187 = CARTESIAN_POINT ( 'NONE',  ( -7.749999999999972500, 11.76116826277332400, -5.349999999999997000 ) ) ;
#11188 = DIRECTION ( 'NONE',  ( 4.930380657631324900E-032, -0.3583679495453008200, -0.9335804264972015200 ) ) ;
#11189 = DIRECTION ( 'NONE',  ( 9.860761315262649800E-032, -0.4226182617406961700, -0.9063077870366514900 ) ) ;
#11190 = DIRECTION ( 'NONE',  ( -2.366699901115322700E-015, -0.9063077870366514900, 0.4226182617406961700 ) ) ;
#11191 = DIRECTION ( 'NONE',  ( -2.437918701215765400E-015, -0.9335804264972015200, 0.3583679495453008200 ) ) ;
#11192 = CARTESIAN_POINT ( 'NONE',  ( -7.749999999999972500, 12.10000000000001700, -6.699999999999999300 ) ) ;
#11193 = AXIS2_PLACEMENT_3D ( 'NONE', #11192, #11191, #11188 ) ;
#11194 = LINE ( 'NONE', #11187, #11186 ) ;
#11195 = PLANE ( 'NONE',  #11193 ) ;
#11196 =( GEOMETRIC_REPRESENTATION_CONTEXT ( 3 ) GLOBAL_UNCERTAINTY_ASSIGNED_CONTEXT ( ( #11197 ) ) GLOBAL_UNIT_ASSIGNED_CONTEXT ( ( #11200, #11199, #11198 ) ) REPRESENTATION_CONTEXT ( 'NONE', 'WORKASPACE' ) );
#11197 = UNCERTAINTY_MEASURE_WITH_UNIT (LENGTH_MEASURE( 1.000000000000000100E-005 ), #11200, 'distance_accuracy_value', 'NONE');
#11198 =( NAMED_UNIT ( * ) SI_UNIT ( $, .STERADIAN. ) SOLID_ANGLE_UNIT ( ) );
#11199 =( NAMED_UNIT ( * ) PLANE_ANGLE_UNIT ( ) SI_UNIT ( $, .RADIAN. ) );
#11200 =( LENGTH_UNIT ( ) NAMED_UNIT ( * ) SI_UNIT ( .MILLI., .METRE. ) );
#11201 = MECHANICAL_DESIGN_GEOMETRIC_PRESENTATION_REPRESENTATION (  '', ( #11203 ), #11196 ) ;
#11202 = PRESENTATION_LAYER_ASSIGNMENT (  '', '', ( #11203 ) ) ;
#11203 = STYLED_ITEM ( 'NONE', ( #11204 ), #2485 ) ;
#11204 = PRESENTATION_STYLE_ASSIGNMENT (( #11205 ) ) ;
#11205 = SURFACE_STYLE_USAGE ( .BOTH. , #11206 ) ;
#11206 = SURFACE_SIDE_STYLE ('',( #11207 ) ) ;
#11207 = SURFACE_STYLE_FILL_AREA ( #11208 ) ;
#11208 = FILL_AREA_STYLE ('',( #11214 ) ) ;
#11209 = COLOUR_RGB ( '',0.2509803921568627400, 0.2509803921568627400, 0.2509803921568627400 ) ;
#11210 = FACE_OUTER_BOUND ( 'NONE', #2486, .T. ) ;
#11211 = DIRECTION ( 'NONE',  ( -1.000000000000000000, 2.611364411701354400E-015, 2.465190328815661900E-032 ) ) ;
#11212 = VECTOR ( 'NONE', #11211, 1000.000000000000000 ) ;
#11213 = CARTESIAN_POINT ( 'NONE',  ( -7.749999999999985800, 10.85849899593580400, -3.999999999999998200 ) ) ;
#11214 = FILL_AREA_STYLE_COLOUR ( '', #11209 ) ;
#11215 = DIRECTION ( 'NONE',  ( -5.250126103214604900E-015, -1.000000000000000000, 1.460685099043872000E-031 ) ) ;
#11216 = VECTOR ( 'NONE', #11215, 1000.000000000000000 ) ;
#11217 = CARTESIAN_POINT ( 'NONE',  ( -7.749999999999972500, 11.88174539936732400, -5.799999999999998000 ) ) ;
#11218 = LINE ( 'NONE', #11217, #11216 ) ;
#11219 = FILL_AREA_STYLE_COLOUR ( '', #11105 ) ;
#11220 = CARTESIAN_POINT ( 'NONE',  ( -7.749999999999972500, 11.76116826277332400, -5.349999999999997000 ) ) ;
#11221 = DIRECTION ( 'NONE',  ( 3.493763099184597100E-015, 0.4226182617406961700, 0.9063077870366514900 ) ) ;
#11222 = VECTOR ( 'NONE', #11221, 1000.000000000000100 ) ;
#11223 = CARTESIAN_POINT ( 'NONE',  ( -7.749999999999972500, 11.76116826277332400, -5.349999999999997000 ) ) ;
#11224 = LINE ( 'NONE', #11223, #11222 ) ;
#11225 = CARTESIAN_POINT ( 'NONE',  ( -7.749999999999985800, 10.85849899593580400, -3.999999999999998200 ) ) ;
#11226 = CARTESIAN_POINT ( 'NONE',  ( -7.749999999999972500, 11.39943685299132700, -3.999999999999998200 ) ) ;
#11227 = DIRECTION ( 'NONE',  ( -9.860761315262651900E-032, 0.4226182617406961700, 0.9063077870366514900 ) ) ;
#11228 = VECTOR ( 'NONE', #11227, 1000.000000000000100 ) ;
#11229 = CARTESIAN_POINT ( 'NONE',  ( -7.749999999999972500, 11.39943685299132700, -3.999999999999998200 ) ) ;
#11230 = LINE ( 'NONE', #11229, #11228 ) ;
#11231 = CARTESIAN_POINT ( 'NONE',  ( -7.749999999999972500, 11.18959840682158100, -4.449999999999997500 ) ) ;
#11232 = DIRECTION ( 'NONE',  ( 9.860761315262649800E-032, -1.000000000000000000, 1.483603526480291300E-031 ) ) ;
#11233 = VECTOR ( 'NONE', #11232, 1000.000000000000000 ) ;
#11234 = CARTESIAN_POINT ( 'NONE',  ( -7.749999999999972500, 11.52001398958532600, -4.449999999999997500 ) ) ;
#11235 = DIRECTION ( 'NONE',  ( -9.860761315262649800E-032, 1.000000000000000000, -5.250126103214575700E-015 ) ) ;
#11236 = DIRECTION ( 'NONE',  ( -1.368180632492692600E-029, -5.250126103214575700E-015, -1.000000000000000000 ) ) ;
#11237 = CARTESIAN_POINT ( 'NONE',  ( -7.749999999999972500, 12.00232253596132300, -6.249999999999998200 ) ) ;
#11238 = AXIS2_PLACEMENT_3D ( 'NONE', #11237, #11236, #11235 ) ;
#11239 = LINE ( 'NONE', #11234, #11233 ) ;
#11240 = PLANE ( 'NONE',  #11238 ) ;
#11241 =( GEOMETRIC_REPRESENTATION_CONTEXT ( 3 ) GLOBAL_UNCERTAINTY_ASSIGNED_CONTEXT ( ( #11242 ) ) GLOBAL_UNIT_ASSIGNED_CONTEXT ( ( #11245, #11244, #11243 ) ) REPRESENTATION_CONTEXT ( 'NONE', 'WORKASPACE' ) );
#11242 = UNCERTAINTY_MEASURE_WITH_UNIT (LENGTH_MEASURE( 1.000000000000000100E-005 ), #11245, 'distance_accuracy_value', 'NONE');
#11243 =( NAMED_UNIT ( * ) SI_UNIT ( $, .STERADIAN. ) SOLID_ANGLE_UNIT ( ) );
#11244 =( NAMED_UNIT ( * ) PLANE_ANGLE_UNIT ( ) SI_UNIT ( $, .RADIAN. ) );
#11245 =( LENGTH_UNIT ( ) NAMED_UNIT ( * ) SI_UNIT ( .MILLI., .METRE. ) );
#11246 = MECHANICAL_DESIGN_GEOMETRIC_PRESENTATION_REPRESENTATION (  '', ( #11248 ), #11241 ) ;
#11247 = PRESENTATION_LAYER_ASSIGNMENT (  '', '', ( #11248 ) ) ;
#11248 = STYLED_ITEM ( 'NONE', ( #11249 ), #2503 ) ;
#11249 = PRESENTATION_STYLE_ASSIGNMENT (( #11250 ) ) ;
#11250 = SURFACE_STYLE_USAGE ( .BOTH. , #11251 ) ;
#11251 = SURFACE_SIDE_STYLE ('',( #11252 ) ) ;
#11252 = SURFACE_STYLE_FILL_AREA ( #11253 ) ;
#11253 = FILL_AREA_STYLE ('',( #11136 ) ) ;
#11254 = COLOUR_RGB ( '',0.2509803921568627400, 0.2509803921568627400, 0.2509803921568627400 ) ;
#11255 = LINE ( 'NONE', #11268, #11298 ) ;
#11256 = DIRECTION ( 'NONE',  ( -1.000000000000000000, 2.611364411701354400E-015, 2.465190328815661900E-032 ) ) ;
#11257 = VECTOR ( 'NONE', #11256, 1000.000000000000000 ) ;
#11258 = CARTESIAN_POINT ( 'NONE',  ( -7.749999999999972500, 11.79248408979157500, -6.699999999999999300 ) ) ;
#11259 = DIRECTION ( 'NONE',  ( -9.860761315262649800E-032, 1.000000000000000000, -2.820542642494454100E-015 ) ) ;
#11260 = DIRECTION ( 'NONE',  ( -7.346267179870673800E-030, -2.820542642494454100E-015, -1.000000000000000000 ) ) ;
#11261 = CARTESIAN_POINT ( 'NONE',  ( -7.749999999999972500, 12.10000000000001700, -6.699999999999999300 ) ) ;
#11262 = AXIS2_PLACEMENT_3D ( 'NONE', #11261, #11260, #11259 ) ;
#11263 = LINE ( 'NONE', #11258, #11257 ) ;
#11264 = PLANE ( 'NONE',  #11262 ) ;
#11265 =( GEOMETRIC_REPRESENTATION_CONTEXT ( 3 ) GLOBAL_UNCERTAINTY_ASSIGNED_CONTEXT ( ( #11266 ) ) GLOBAL_UNIT_ASSIGNED_CONTEXT ( ( #11095, #11094, #11093 ) ) REPRESENTATION_CONTEXT ( 'NONE', 'WORKASPACE' ) );
#11266 = UNCERTAINTY_MEASURE_WITH_UNIT (LENGTH_MEASURE( 1.000000000000000100E-005 ), #11095, 'distance_accuracy_value', 'NONE');
#11267 = DIRECTION ( 'NONE',  ( -1.000000000000000000, 2.611364411701354400E-015, 2.465190328815661900E-032 ) ) ;
#11268 = CARTESIAN_POINT ( 'NONE',  ( -7.749999999999972500, 11.55132981660357500, -5.799999999999998000 ) ) ;
#11269 = CARTESIAN_POINT ( 'NONE',  ( -5.899999999999965700, -3.231341738560124200, -25.29099999999998600 ) ) ;
#11270 = DIRECTION ( 'NONE',  ( 1.000000000000000000, -3.657365065276025500E-063, 2.465190328815662400E-032 ) ) ;
#11271 = DIRECTION ( 'NONE',  ( -2.465190328815662400E-032, -1.483603526480291300E-031, 1.000000000000000000 ) ) ;
#11272 = AXIS2_PLACEMENT_3D ( 'NONE', #11275, #11271, #11270 ) ;
#11273 = LINE ( 'NONE', #11269, #11293 ) ;
#11274 = TOROIDAL_SURFACE ( 'NONE', #11272, 1.499999999999998900, 0.5000000000000000000 ) ;
#11275 = CARTESIAN_POINT ( 'NONE',  ( -11.15000000000000000, 2.885786437626901300, -0.4999999999999970000 ) ) ;
#11276 =( GEOMETRIC_REPRESENTATION_CONTEXT ( 3 ) GLOBAL_UNCERTAINTY_ASSIGNED_CONTEXT ( ( #11277 ) ) GLOBAL_UNIT_ASSIGNED_CONTEXT ( ( #11280, #11279, #11278 ) ) REPRESENTATION_CONTEXT ( 'NONE', 'WORKASPACE' ) );
#11277 = UNCERTAINTY_MEASURE_WITH_UNIT (LENGTH_MEASURE( 1.000000000000000100E-005 ), #11280, 'distance_accuracy_value', 'NONE');
#11278 =( NAMED_UNIT ( * ) SI_UNIT ( $, .STERADIAN. ) SOLID_ANGLE_UNIT ( ) );
#11279 =( NAMED_UNIT ( * ) PLANE_ANGLE_UNIT ( ) SI_UNIT ( $, .RADIAN. ) );
#11280 =( LENGTH_UNIT ( ) NAMED_UNIT ( * ) SI_UNIT ( .MILLI., .METRE. ) );
#11281 = MECHANICAL_DESIGN_GEOMETRIC_PRESENTATION_REPRESENTATION (  '', ( #11283 ), #11276 ) ;
#11282 = PRESENTATION_LAYER_ASSIGNMENT (  '', '', ( #11283 ) ) ;
#11283 = STYLED_ITEM ( 'NONE', ( #11284 ), #2588 ) ;
#11284 = PRESENTATION_STYLE_ASSIGNMENT (( #11285 ) ) ;
#11285 = SURFACE_STYLE_USAGE ( .BOTH. , #11286 ) ;
#11286 = SURFACE_SIDE_STYLE ('',( #11287 ) ) ;
#11287 = SURFACE_STYLE_FILL_AREA ( #11288 ) ;
#11288 = FILL_AREA_STYLE ('',( #11317 ) ) ;
#11289 = COLOUR_RGB ( '',0.2509803921568627400, 0.2509803921568627400, 0.2509803921568627400 ) ;
#11290 = FACE_OUTER_BOUND ( 'NONE', #2589, .T. ) ;
#11291 = DIRECTION ( 'NONE',  ( 0.0000000000000000000, 0.0000000000000000000, 1.000000000000000000 ) ) ;
#11292 = DIRECTION ( 'NONE',  ( -9.860761315262649800E-032, 1.000000000000000000, -1.483603526480291300E-031 ) ) ;
#11293 = VECTOR ( 'NONE', #11097, 1000.000000000000100 ) ;
#11294 = SURFACE_STYLE_FILL_AREA ( #11295 ) ;
#11295 = FILL_AREA_STYLE ('',( #11296 ) ) ;
#11296 = FILL_AREA_STYLE_COLOUR ( '', #11297 ) ;
#11297 = COLOUR_RGB ( '',0.2509803921568627400, 0.2509803921568627400, 0.2509803921568627400 ) ;
#11298 = VECTOR ( 'NONE', #11267, 1000.000000000000000 ) ;
#11299 =( NAMED_UNIT ( * ) PLANE_ANGLE_UNIT ( ) SI_UNIT ( $, .RADIAN. ) );
#11300 = MECHANICAL_DESIGN_GEOMETRIC_PRESENTATION_REPRESENTATION (  '', ( #11302 ), #11527 ) ;
#11301 = PRESENTATION_LAYER_ASSIGNMENT (  '', '', ( #11302 ) ) ;
#11302 = STYLED_ITEM ( 'NONE', ( #11303 ), #2599 ) ;
#11303 = PRESENTATION_STYLE_ASSIGNMENT (( #11304 ) ) ;
#11304 = SURFACE_STYLE_USAGE ( .BOTH. , #11305 ) ;
#11305 = SURFACE_SIDE_STYLE ('',( #11306 ) ) ;
#11306 = SURFACE_STYLE_FILL_AREA ( #11307 ) ;
#11307 = FILL_AREA_STYLE ('',( #11314 ) ) ;
#11308 = COLOUR_RGB ( '',0.2509803921568627400, 0.2509803921568627400, 0.2509803921568627400 ) ;
#11309 = FACE_OUTER_BOUND ( 'NONE', #2600, .T. ) ;
#11310 = DIRECTION ( 'NONE',  ( 9.860761315262649800E-032, -1.000000000000000000, 1.483603526480291300E-031 ) ) ;
#11311 = VECTOR ( 'NONE', #11310, 1000.000000000000000 ) ;
#11312 = CARTESIAN_POINT ( 'NONE',  ( 13.20000000000000300, 3.799999999999998000, -4.799999999999997200 ) ) ;
#11313 = LINE ( 'NONE', #11312, #11311 ) ;
#11314 = FILL_AREA_STYLE_COLOUR ( '', #11308 ) ;
#11315 = CARTESIAN_POINT ( 'NONE',  ( -12.65000000000000200, -6.150000000000003000, -0.5000000000000004400 ) ) ;
#11316 = AXIS2_PLACEMENT_3D ( 'NONE', #11315, #11292, #11291 ) ;
#11317 = FILL_AREA_STYLE_COLOUR ( '', #11289 ) ;
#11318 = DIRECTION ( 'NONE',  ( 1.000000000000000000, -3.657365065276026000E-063, 2.465190328815662400E-032 ) ) ;
#11319 = DIRECTION ( 'NONE',  ( -2.465190328815662400E-032, -1.483603526480291300E-031, 1.000000000000000000 ) ) ;
#11320 = AXIS2_PLACEMENT_3D ( 'NONE', #11323, #11319, #11318 ) ;
#11321 = TOROIDAL_SURFACE ( 'NONE', #11320, 2.500000000000000000, 0.5000000000000000000 ) ;
#11322 = CIRCLE ( 'NONE', #11316, 0.4999999999999998900 ) ;
#11323 = CARTESIAN_POINT ( 'NONE',  ( -10.14999999999999900, -6.149999999999999500, -0.5000000000000004400 ) ) ;
#11324 =( GEOMETRIC_REPRESENTATION_CONTEXT ( 3 ) GLOBAL_UNCERTAINTY_ASSIGNED_CONTEXT ( ( #11325 ) ) GLOBAL_UNIT_ASSIGNED_CONTEXT ( ( #11419, #11418, #11326 ) ) REPRESENTATION_CONTEXT ( 'NONE', 'WORKASPACE' ) );
#11325 = UNCERTAINTY_MEASURE_WITH_UNIT (LENGTH_MEASURE( 1.000000000000000100E-005 ), #11419, 'distance_accuracy_value', 'NONE');
#11326 =( NAMED_UNIT ( * ) SI_UNIT ( $, .STERADIAN. ) SOLID_ANGLE_UNIT ( ) );
#11327 = PRESENTATION_STYLE_ASSIGNMENT (( #11328 ) ) ;
#11328 = SURFACE_STYLE_USAGE ( .BOTH. , #11329 ) ;
#11329 = SURFACE_SIDE_STYLE ('',( #11330 ) ) ;
#11330 = SURFACE_STYLE_FILL_AREA ( #11331 ) ;
#11331 = FILL_AREA_STYLE ('',( #11332 ) ) ;
#11332 = FILL_AREA_STYLE_COLOUR ( '', #11333 ) ;
#11333 = COLOUR_RGB ( '',0.2509803921568627400, 0.2509803921568627400, 0.2509803921568627400 ) ;
#11334 = FACE_OUTER_BOUND ( 'NONE', #2547, .T. ) ;
#11335 = CARTESIAN_POINT ( 'NONE',  ( -7.749999999999972500, 11.79248408979157500, -6.699999999999999300 ) ) ;
#11336 = DIRECTION ( 'NONE',  ( 9.860761315262649800E-032, -1.000000000000000000, 2.820542642494453700E-015 ) ) ;
#11337 = VECTOR ( 'NONE', #11336, 1000.000000000000000 ) ;
#11338 = CARTESIAN_POINT ( 'NONE',  ( -7.749999999999972500, 12.10000000000001700, -6.699999999999999300 ) ) ;
#11339 = LINE ( 'NONE', #11338, #11337 ) ;
#11340 = UNCERTAINTY_MEASURE_WITH_UNIT (LENGTH_MEASURE( 1.000000000000000100E-005 ), #11447, 'distance_accuracy_value', 'NONE');
#11341 =( NAMED_UNIT ( * ) SI_UNIT ( $, .STERADIAN. ) SOLID_ANGLE_UNIT ( ) );
#11342 = UNCERTAINTY_MEASURE_WITH_UNIT (LENGTH_MEASURE( 1.000000000000000100E-005 ), #11345, 'distance_accuracy_value', 'NONE');
#11343 =( NAMED_UNIT ( * ) SI_UNIT ( $, .STERADIAN. ) SOLID_ANGLE_UNIT ( ) );
#11344 =( NAMED_UNIT ( * ) PLANE_ANGLE_UNIT ( ) SI_UNIT ( $, .RADIAN. ) );
#11345 =( LENGTH_UNIT ( ) NAMED_UNIT ( * ) SI_UNIT ( .MILLI., .METRE. ) );
#11346 = MECHANICAL_DESIGN_GEOMETRIC_PRESENTATION_REPRESENTATION (  '', ( #11348 ), #11446 ) ;
#11347 = PRESENTATION_LAYER_ASSIGNMENT (  '', '', ( #11348 ) ) ;
#11348 = STYLED_ITEM ( 'NONE', ( #11349 ), #2566 ) ;
#11349 = PRESENTATION_STYLE_ASSIGNMENT (( #11350 ) ) ;
#11350 = SURFACE_STYLE_USAGE ( .BOTH. , #11351 ) ;
#11351 = SURFACE_SIDE_STYLE ('',( #11352 ) ) ;
#11352 = SURFACE_STYLE_FILL_AREA ( #11353 ) ;
#11353 = FILL_AREA_STYLE ('',( #11354 ) ) ;
#11354 = FILL_AREA_STYLE_COLOUR ( '', #11355 ) ;
#11355 = COLOUR_RGB ( '',0.2509803921568627400, 0.2509803921568627400, 0.2509803921568627400 ) ;
#11356 = UNCERTAINTY_MEASURE_WITH_UNIT (LENGTH_MEASURE( 1.000000000000000100E-005 ), #11359, 'distance_accuracy_value', 'NONE');
#11357 =( NAMED_UNIT ( * ) SI_UNIT ( $, .STERADIAN. ) SOLID_ANGLE_UNIT ( ) );
#11358 =( NAMED_UNIT ( * ) PLANE_ANGLE_UNIT ( ) SI_UNIT ( $, .RADIAN. ) );
#11359 =( LENGTH_UNIT ( ) NAMED_UNIT ( * ) SI_UNIT ( .MILLI., .METRE. ) );
#11360 = MECHANICAL_DESIGN_GEOMETRIC_PRESENTATION_REPRESENTATION (  '', ( #11362 ), #11382 ) ;
#11361 = PRESENTATION_LAYER_ASSIGNMENT (  '', '', ( #11362 ) ) ;
#11362 = STYLED_ITEM ( 'NONE', ( #11363 ), #2581 ) ;
#11363 = PRESENTATION_STYLE_ASSIGNMENT (( #11364 ) ) ;
#11364 = SURFACE_STYLE_USAGE ( .BOTH. , #11365 ) ;
#11365 = SURFACE_SIDE_STYLE ('',( #11366 ) ) ;
#11366 = SURFACE_STYLE_FILL_AREA ( #11367 ) ;
#11367 = FILL_AREA_STYLE ('',( #11374 ) ) ;
#11368 = COLOUR_RGB ( '',0.2509803921568627400, 0.2509803921568627400, 0.2509803921568627400 ) ;
#11369 = DIRECTION ( 'NONE',  ( -0.7071067811865526800, 0.7071067811865423500, 0.0000000000000000000 ) ) ;
#11370 = DIRECTION ( 'NONE',  ( 0.7071067811865419100, 0.7071067811865531200, -1.232595164407831200E-031 ) ) ;
#11371 = AXIS2_PLACEMENT_3D ( 'NONE', #11375, #11370, #11369 ) ;
#11372 = CYLINDRICAL_SURFACE ( 'NONE', #11371, 0.4999999999999994400 ) ;
#11373 = FACE_OUTER_BOUND ( 'NONE', #2582, .T. ) ;
#11374 = FILL_AREA_STYLE_COLOUR ( '', #11368 ) ;
#11375 = CARTESIAN_POINT ( 'NONE',  ( -12.21066017177983200, 3.946446609406711700, -0.4999999999999970000 ) ) ;
#11376 =( GEOMETRIC_REPRESENTATION_CONTEXT ( 3 ) GLOBAL_UNCERTAINTY_ASSIGNED_CONTEXT ( ( #11383 ) ) GLOBAL_UNIT_ASSIGNED_CONTEXT ( ( #11386, #11385, #11384 ) ) REPRESENTATION_CONTEXT ( 'NONE', 'WORKASPACE' ) );
#11377 = CARTESIAN_POINT ( 'NONE',  ( 15.00000000000000700, -11.00000000000000000, -0.5000000000000038900 ) ) ;
#11378 = AXIS2_PLACEMENT_3D ( 'NONE', #11377, #11430, #11429 ) ;
#11379 = CYLINDRICAL_SURFACE ( 'NONE', #11378, 0.4999999999999998900 ) ;
#11380 = FACE_OUTER_BOUND ( 'NONE', #2910, .T. ) ;
#11381 = FILL_AREA_STYLE_COLOUR ( '', #11428 ) ;
#11382 =( GEOMETRIC_REPRESENTATION_CONTEXT ( 3 ) GLOBAL_UNCERTAINTY_ASSIGNED_CONTEXT ( ( #11356 ) ) GLOBAL_UNIT_ASSIGNED_CONTEXT ( ( #11359, #11358, #11357 ) ) REPRESENTATION_CONTEXT ( 'NONE', 'WORKASPACE' ) );
#11383 = UNCERTAINTY_MEASURE_WITH_UNIT (LENGTH_MEASURE( 1.000000000000000100E-005 ), #11386, 'distance_accuracy_value', 'NONE');
#11384 =( NAMED_UNIT ( * ) SI_UNIT ( $, .STERADIAN. ) SOLID_ANGLE_UNIT ( ) );
#11385 =( NAMED_UNIT ( * ) PLANE_ANGLE_UNIT ( ) SI_UNIT ( $, .RADIAN. ) );
#11386 =( LENGTH_UNIT ( ) NAMED_UNIT ( * ) SI_UNIT ( .MILLI., .METRE. ) );
#11387 = MECHANICAL_DESIGN_GEOMETRIC_PRESENTATION_REPRESENTATION (  '', ( #11389 ), #11376 ) ;
#11388 = PRESENTATION_LAYER_ASSIGNMENT (  '', '', ( #11389 ) ) ;
#11389 = STYLED_ITEM ( 'NONE', ( #11390 ), #2574 ) ;
#11390 = PRESENTATION_STYLE_ASSIGNMENT (( #11391 ) ) ;
#11391 = SURFACE_STYLE_USAGE ( .BOTH. , #11392 ) ;
#11392 = SURFACE_SIDE_STYLE ('',( #11393 ) ) ;
#11393 = SURFACE_STYLE_FILL_AREA ( #11394 ) ;
#11394 = FILL_AREA_STYLE ('',( #11402 ) ) ;
#11395 = COLOUR_RGB ( '',0.2509803921568627400, 0.2509803921568627400, 0.2509803921568627400 ) ;
#11396 = FACE_OUTER_BOUND ( 'NONE', #2575, .T. ) ;
#11397 = DIRECTION ( 'NONE',  ( 0.0000000000000000000, -4.336808689942018500E-015, 1.000000000000000000 ) ) ;
#11398 = DIRECTION ( 'NONE',  ( -9.860761315262649800E-032, 1.000000000000000000, 4.336808689942016200E-015 ) ) ;
#11399 = CARTESIAN_POINT ( 'NONE',  ( 12.65000000000000900, 2.885786437626901300, -0.5000000000000004400 ) ) ;
#11400 = AXIS2_PLACEMENT_3D ( 'NONE', #11399, #11398, #11397 ) ;
#11401 = CIRCLE ( 'NONE', #11400, 0.4999999999999998900 ) ;
#11402 = FILL_AREA_STYLE_COLOUR ( '', #11395 ) ;
#11403 = DIRECTION ( 'NONE',  ( 1.000000000000000000, 0.0000000000000000000, 0.0000000000000000000 ) ) ;
#11404 = DIRECTION ( 'NONE',  ( -1.919836738009937400E-016, -1.000000000000000000, 1.578800087743108600E-031 ) ) ;
#11405 = CARTESIAN_POINT ( 'NONE',  ( -7.749999999999972500, 11.52001398958532600, -4.449999999999997500 ) ) ;
#11406 = DIRECTION ( 'NONE',  ( -9.860761315262651900E-032, 0.4226182617406961700, 0.9063077870366514900 ) ) ;
#11407 = VECTOR ( 'NONE', #11406, 1000.000000000000100 ) ;
#11408 = CARTESIAN_POINT ( 'NONE',  ( -7.749999999999972500, 11.52001398958532600, -4.449999999999997500 ) ) ;
#11409 = LINE ( 'NONE', #11408, #11407 ) ;
#11410 = CARTESIAN_POINT ( 'NONE',  ( -7.749999999999972500, 11.31017554341557800, -4.899999999999996800 ) ) ;
#11411 = DIRECTION ( 'NONE',  ( 9.860761315262649800E-032, -0.4226182617406961700, -0.9063077870366514900 ) ) ;
#11412 = DIRECTION ( 'NONE',  ( -2.366699901115322700E-015, -0.9063077870366514900, 0.4226182617406961700 ) ) ;
#11413 = FACE_OUTER_BOUND ( 'NONE', #2535, .T. ) ;
#11414 = STYLED_ITEM ( 'NONE', ( #11415 ), #2534 ) ;
#11415 = PRESENTATION_STYLE_ASSIGNMENT (( #11416 ) ) ;
#11416 = SURFACE_STYLE_USAGE ( .BOTH. , #11417 ) ;
#11417 = SURFACE_SIDE_STYLE ('',( #11294 ) ) ;
#11418 =( NAMED_UNIT ( * ) PLANE_ANGLE_UNIT ( ) SI_UNIT ( $, .RADIAN. ) );
#11419 =( LENGTH_UNIT ( ) NAMED_UNIT ( * ) SI_UNIT ( .MILLI., .METRE. ) );
#11420 = MECHANICAL_DESIGN_GEOMETRIC_PRESENTATION_REPRESENTATION (  '', ( #11422 ), #11324 ) ;
#11421 = PRESENTATION_LAYER_ASSIGNMENT (  '', '', ( #11422 ) ) ;
#11422 = STYLED_ITEM ( 'NONE', ( #11423 ), #2584 ) ;
#11423 = PRESENTATION_STYLE_ASSIGNMENT (( #11424 ) ) ;
#11424 = SURFACE_STYLE_USAGE ( .BOTH. , #11425 ) ;
#11425 = SURFACE_SIDE_STYLE ('',( #11426 ) ) ;
#11426 = SURFACE_STYLE_FILL_AREA ( #11427 ) ;
#11427 = FILL_AREA_STYLE ('',( #11381 ) ) ;
#11428 = COLOUR_RGB ( '',0.2509803921568627400, 0.2509803921568627400, 0.2509803921568627400 ) ;
#11429 = DIRECTION ( 'NONE',  ( 0.0000000000000000000, 0.0000000000000000000, 1.000000000000000000 ) ) ;
#11430 = DIRECTION ( 'NONE',  ( -9.860761315262649800E-032, 1.000000000000000000, -1.483603526480291300E-031 ) ) ;
#11431 = PRESENTATION_LAYER_ASSIGNMENT (  '', '', ( #11432 ) ) ;
#11432 = STYLED_ITEM ( 'NONE', ( #11433 ), #2568 ) ;
#11433 = PRESENTATION_STYLE_ASSIGNMENT (( #11434 ) ) ;
#11434 = SURFACE_STYLE_USAGE ( .BOTH. , #11435 ) ;
#11435 = SURFACE_SIDE_STYLE ('',( #11436 ) ) ;
#11436 = SURFACE_STYLE_FILL_AREA ( #11437 ) ;
#11437 = FILL_AREA_STYLE ('',( #11444 ) ) ;
#11438 = COLOUR_RGB ( '',0.2509803921568627400, 0.2509803921568627400, 0.2509803921568627400 ) ;
#11439 = DIRECTION ( 'NONE',  ( 1.000000000000000000, -3.657365065276025500E-063, 2.465190328815662400E-032 ) ) ;
#11440 = DIRECTION ( 'NONE',  ( -2.465190328815662400E-032, -1.483603526480291300E-031, 1.000000000000000000 ) ) ;
#11441 = AXIS2_PLACEMENT_3D ( 'NONE', #11445, #11440, #11439 ) ;
#11442 = TOROIDAL_SURFACE ( 'NONE', #11441, 1.500000000000000400, 0.5000000000000000000 ) ;
#11443 = FACE_OUTER_BOUND ( 'NONE', #2623, .T. ) ;
#11444 = FILL_AREA_STYLE_COLOUR ( '', #11438 ) ;
#11445 = CARTESIAN_POINT ( 'NONE',  ( 11.15000000000000700, 2.885786437626908500, -0.4999999999999970000 ) ) ;
#11446 =( GEOMETRIC_REPRESENTATION_CONTEXT ( 3 ) GLOBAL_UNCERTAINTY_ASSIGNED_CONTEXT ( ( #11342 ) ) GLOBAL_UNIT_ASSIGNED_CONTEXT ( ( #11345, #11344, #11343 ) ) REPRESENTATION_CONTEXT ( 'NONE', 'WORKASPACE' ) );
#11447 =( LENGTH_UNIT ( ) NAMED_UNIT ( * ) SI_UNIT ( .MILLI., .METRE. ) );
#11448 = MECHANICAL_DESIGN_GEOMETRIC_PRESENTATION_REPRESENTATION (  '', ( #11414 ), #11453 ) ;
#11449 = PRESENTATION_LAYER_ASSIGNMENT (  '', '', ( #11414 ) ) ;
#11450 = CARTESIAN_POINT ( 'NONE',  ( -7.749999999999972500, 12.00232253596132300, -6.249999999999998200 ) ) ;
#11451 = AXIS2_PLACEMENT_3D ( 'NONE', #11450, #11412, #11411 ) ;
#11452 = PLANE ( 'NONE',  #11451 ) ;
#11453 =( GEOMETRIC_REPRESENTATION_CONTEXT ( 3 ) GLOBAL_UNCERTAINTY_ASSIGNED_CONTEXT ( ( #11340 ) ) GLOBAL_UNIT_ASSIGNED_CONTEXT ( ( #11447, #11299, #11341 ) ) REPRESENTATION_CONTEXT ( 'NONE', 'WORKASPACE' ) );
#11454 = CARTESIAN_POINT ( 'NONE',  ( 12.65000000000000900, 2.885786437626901300, -0.5000000000000004400 ) ) ;
#11455 = AXIS2_PLACEMENT_3D ( 'NONE', #11454, #11404, #11403 ) ;
#11456 = CYLINDRICAL_SURFACE ( 'NONE', #11455, 0.5000000000000004400 ) ;
#11457 =( GEOMETRIC_REPRESENTATION_CONTEXT ( 3 ) GLOBAL_UNCERTAINTY_ASSIGNED_CONTEXT ( ( #11458 ) ) GLOBAL_UNIT_ASSIGNED_CONTEXT ( ( #11461, #11460, #11459 ) ) REPRESENTATION_CONTEXT ( 'NONE', 'WORKASPACE' ) );
#11458 = UNCERTAINTY_MEASURE_WITH_UNIT (LENGTH_MEASURE( 1.000000000000000100E-005 ), #11461, 'distance_accuracy_value', 'NONE');
#11459 =( NAMED_UNIT ( * ) SI_UNIT ( $, .STERADIAN. ) SOLID_ANGLE_UNIT ( ) );
#11460 =( NAMED_UNIT ( * ) PLANE_ANGLE_UNIT ( ) SI_UNIT ( $, .RADIAN. ) );
#11461 =( LENGTH_UNIT ( ) NAMED_UNIT ( * ) SI_UNIT ( .MILLI., .METRE. ) );
#11462 = MECHANICAL_DESIGN_GEOMETRIC_PRESENTATION_REPRESENTATION (  '', ( #11432 ), #11457 ) ;
#11463 = DIRECTION ( 'NONE',  ( -0.7071067811865510100, 0.7071067811865441300, 0.0000000000000000000 ) ) ;
#11464 = DIRECTION ( 'NONE',  ( 0.7071067811865441300, 0.7071067811865509000, -1.232595164407830900E-031 ) ) ;
#11465 = CARTESIAN_POINT ( 'NONE',  ( -7.946446609406778300, 8.210660171779817800, -0.5000000000000004400 ) ) ;
#11466 = AXIS2_PLACEMENT_3D ( 'NONE', #11465, #11464, #11463 ) ;
#11467 = CIRCLE ( 'NONE', #11466, 0.5000000000000006700 ) ;
#11468 = FACE_OUTER_BOUND ( 'NONE', #2016, .T. ) ;
#11469 = DIRECTION ( 'NONE',  ( -1.000000000000000000, 2.611364411701354400E-015, 2.465190328815661900E-032 ) ) ;
#11470 = VECTOR ( 'NONE', #11469, 1000.000000000000000 ) ;
#11471 = CARTESIAN_POINT ( 'NONE',  ( -7.750000000000041700, -11.79248408979153800, -6.699999999999999300 ) ) ;
#11472 = DIRECTION ( 'NONE',  ( 2.465190328815662400E-032, -0.4226182617406961700, 0.9063077870366514900 ) ) ;
#11473 = DIRECTION ( 'NONE',  ( 2.366699901115322700E-015, 0.9063077870366514900, 0.4226182617406961700 ) ) ;
#11474 = CARTESIAN_POINT ( 'NONE',  ( -7.750000000000041700, -12.00232253596128200, -6.249999999999998200 ) ) ;
#11475 = AXIS2_PLACEMENT_3D ( 'NONE', #11474, #11473, #11472 ) ;
#11476 = LINE ( 'NONE', #11471, #11470 ) ;
#11477 = PLANE ( 'NONE',  #11475 ) ;
#11478 =( GEOMETRIC_REPRESENTATION_CONTEXT ( 3 ) GLOBAL_UNCERTAINTY_ASSIGNED_CONTEXT ( ( #11479 ) ) GLOBAL_UNIT_ASSIGNED_CONTEXT ( ( #11482, #11481, #11480 ) ) REPRESENTATION_CONTEXT ( 'NONE', 'WORKASPACE' ) );
#11479 = UNCERTAINTY_MEASURE_WITH_UNIT (LENGTH_MEASURE( 1.000000000000000100E-005 ), #11482, 'distance_accuracy_value', 'NONE');
#11480 =( NAMED_UNIT ( * ) SI_UNIT ( $, .STERADIAN. ) SOLID_ANGLE_UNIT ( ) );
#11481 =( NAMED_UNIT ( * ) PLANE_ANGLE_UNIT ( ) SI_UNIT ( $, .RADIAN. ) );
#11482 =( LENGTH_UNIT ( ) NAMED_UNIT ( * ) SI_UNIT ( .MILLI., .METRE. ) );
#11483 = MECHANICAL_DESIGN_GEOMETRIC_PRESENTATION_REPRESENTATION (  '', ( #11485 ), #11478 ) ;
#11484 = PRESENTATION_LAYER_ASSIGNMENT (  '', '', ( #11485 ) ) ;
#11485 = STYLED_ITEM ( 'NONE', ( #11327 ), #2546 ) ;
#11486 = UNCERTAINTY_MEASURE_WITH_UNIT (LENGTH_MEASURE( 1.000000000000000100E-005 ), #11598, 'distance_accuracy_value', 'NONE');
#11487 = UNCERTAINTY_MEASURE_WITH_UNIT (LENGTH_MEASURE( 1.000000000000000100E-005 ), #11490, 'distance_accuracy_value', 'NONE');
#11488 =( NAMED_UNIT ( * ) SI_UNIT ( $, .STERADIAN. ) SOLID_ANGLE_UNIT ( ) );
#11489 =( NAMED_UNIT ( * ) PLANE_ANGLE_UNIT ( ) SI_UNIT ( $, .RADIAN. ) );
#11490 =( LENGTH_UNIT ( ) NAMED_UNIT ( * ) SI_UNIT ( .MILLI., .METRE. ) );
#11491 = SURFACE_STYLE_FILL_AREA ( #11492 ) ;
#11492 = FILL_AREA_STYLE ('',( #11499 ) ) ;
#11493 = COLOUR_RGB ( '',0.2509803921568627400, 0.2509803921568627400, 0.2509803921568627400 ) ;
#11494 = DIRECTION ( 'NONE',  ( 2.465190328815662400E-032, 1.483603526480291100E-031, -1.000000000000000000 ) ) ;
#11495 = DIRECTION ( 'NONE',  ( -1.000000000000000000, 9.860761315262647600E-032, -2.465190328815662400E-032 ) ) ;
#11496 = CARTESIAN_POINT ( 'NONE',  ( -4.249999999999996400, -9.599999999999997900, -3.000000000000002700 ) ) ;
#11497 = AXIS2_PLACEMENT_3D ( 'NONE', #11496, #11495, #11494 ) ;
#11498 = FACE_OUTER_BOUND ( 'NONE', #2686, .T. ) ;
#11499 = FILL_AREA_STYLE_COLOUR ( '', #11493 ) ;
#11500 = PLANE ( 'NONE',  #11497 ) ;
#11501 =( GEOMETRIC_REPRESENTATION_CONTEXT ( 3 ) GLOBAL_UNCERTAINTY_ASSIGNED_CONTEXT ( ( #11487 ) ) GLOBAL_UNIT_ASSIGNED_CONTEXT ( ( #11490, #11489, #11488 ) ) REPRESENTATION_CONTEXT ( 'NONE', 'WORKASPACE' ) );
#11502 = AXIS2_PLACEMENT_3D ( 'NONE', #11666, #11665, #11664 ) ;
#11503 = PLANE ( 'NONE',  #11502 ) ;
#11504 =( GEOMETRIC_REPRESENTATION_CONTEXT ( 3 ) GLOBAL_UNCERTAINTY_ASSIGNED_CONTEXT ( ( #11681 ) ) GLOBAL_UNIT_ASSIGNED_CONTEXT ( ( #11600, #11599, #11682 ) ) REPRESENTATION_CONTEXT ( 'NONE', 'WORKASPACE' ) );
#11505 =( NAMED_UNIT ( * ) SI_UNIT ( $, .STERADIAN. ) SOLID_ANGLE_UNIT ( ) );
#11506 =( NAMED_UNIT ( * ) PLANE_ANGLE_UNIT ( ) SI_UNIT ( $, .RADIAN. ) );
#11507 =( LENGTH_UNIT ( ) NAMED_UNIT ( * ) SI_UNIT ( .MILLI., .METRE. ) );
#11508 = MECHANICAL_DESIGN_GEOMETRIC_PRESENTATION_REPRESENTATION (  '', ( #11510 ), #11568 ) ;
#11509 = PRESENTATION_LAYER_ASSIGNMENT (  '', '', ( #11510 ) ) ;
#11510 = STYLED_ITEM ( 'NONE', ( #11511 ), #2627 ) ;
#11511 = PRESENTATION_STYLE_ASSIGNMENT (( #11512 ) ) ;
#11512 = SURFACE_STYLE_USAGE ( .BOTH. , #11513 ) ;
#11513 = SURFACE_SIDE_STYLE ('',( #11514 ) ) ;
#11514 = SURFACE_STYLE_FILL_AREA ( #11515 ) ;
#11515 = FILL_AREA_STYLE ('',( #11522 ) ) ;
#11516 = COLOUR_RGB ( '',0.2509803921568627400, 0.2509803921568627400, 0.2509803921568627400 ) ;
#11517 = DIRECTION ( 'NONE',  ( 1.000000000000000000, -3.657365065276025500E-063, 2.465190328815662400E-032 ) ) ;
#11518 = DIRECTION ( 'NONE',  ( -2.465190328815662400E-032, -1.483603526480291300E-031, 1.000000000000000000 ) ) ;
#11519 = AXIS2_PLACEMENT_3D ( 'NONE', #11523, #11518, #11517 ) ;
#11520 = TOROIDAL_SURFACE ( 'NONE', #11519, 0.5000000000000000000, 0.5000000000000000000 ) ;
#11521 = FACE_OUTER_BOUND ( 'NONE', #2633, .T. ) ;
#11522 = FILL_AREA_STYLE_COLOUR ( '', #11516 ) ;
#11523 = CARTESIAN_POINT ( 'NONE',  ( -14.49999999999999300, 10.99999999999999500, -0.5000000000000004400 ) ) ;
#11524 =( GEOMETRIC_REPRESENTATION_CONTEXT ( 3 ) GLOBAL_UNCERTAINTY_ASSIGNED_CONTEXT ( ( #11578 ) ) GLOBAL_UNIT_ASSIGNED_CONTEXT ( ( #11581, #11580, #11579 ) ) REPRESENTATION_CONTEXT ( 'NONE', 'WORKASPACE' ) );
#11525 = CARTESIAN_POINT ( 'NONE',  ( 13.00000000000000500, 3.199999999999998000, -4.799999999999997200 ) ) ;
#11526 = PLANE ( 'NONE',  #11603 ) ;
#11527 =( GEOMETRIC_REPRESENTATION_CONTEXT ( 3 ) GLOBAL_UNCERTAINTY_ASSIGNED_CONTEXT ( ( #11486 ) ) GLOBAL_UNIT_ASSIGNED_CONTEXT ( ( #11598, #11658, #11614 ) ) REPRESENTATION_CONTEXT ( 'NONE', 'WORKASPACE' ) );
#11528 = DIRECTION ( 'NONE',  ( -0.1643989873053581800, -9.860761315262649800E-032, 0.9863939238321435300 ) ) ;
#11529 = VECTOR ( 'NONE', #11528, 1000.000000000000100 ) ;
#11530 = CARTESIAN_POINT ( 'NONE',  ( -13.49999999999999100, -3.199999999999998000, -2.999999999999999100 ) ) ;
#11531 = LINE ( 'NONE', #11530, #11529 ) ;
#11532 = UNCERTAINTY_MEASURE_WITH_UNIT (LENGTH_MEASURE( 1.000000000000000100E-005 ), #11535, 'distance_accuracy_value', 'NONE');
#11533 =( NAMED_UNIT ( * ) SI_UNIT ( $, .STERADIAN. ) SOLID_ANGLE_UNIT ( ) );
#11534 =( NAMED_UNIT ( * ) PLANE_ANGLE_UNIT ( ) SI_UNIT ( $, .RADIAN. ) );
#11535 =( LENGTH_UNIT ( ) NAMED_UNIT ( * ) SI_UNIT ( .MILLI., .METRE. ) );
#11536 = PLANE ( 'NONE',  #11649 ) ;
#11537 = CARTESIAN_POINT ( 'NONE',  ( 13.50000000000000500, 3.799999999999996300, -2.999999999999999100 ) ) ;
#11538 =( GEOMETRIC_REPRESENTATION_CONTEXT ( 3 ) GLOBAL_UNCERTAINTY_ASSIGNED_CONTEXT ( ( #11539 ) ) GLOBAL_UNIT_ASSIGNED_CONTEXT ( ( #11542, #11541, #11540 ) ) REPRESENTATION_CONTEXT ( 'NONE', 'WORKASPACE' ) );
#11539 = UNCERTAINTY_MEASURE_WITH_UNIT (LENGTH_MEASURE( 1.000000000000000100E-005 ), #11542, 'distance_accuracy_value', 'NONE');
#11540 =( NAMED_UNIT ( * ) SI_UNIT ( $, .STERADIAN. ) SOLID_ANGLE_UNIT ( ) );
#11541 =( NAMED_UNIT ( * ) PLANE_ANGLE_UNIT ( ) SI_UNIT ( $, .RADIAN. ) );
#11542 =( LENGTH_UNIT ( ) NAMED_UNIT ( * ) SI_UNIT ( .MILLI., .METRE. ) );
#11543 = MECHANICAL_DESIGN_GEOMETRIC_PRESENTATION_REPRESENTATION (  '', ( #11545 ), #11538 ) ;
#11544 = PRESENTATION_LAYER_ASSIGNMENT (  '', '', ( #11545 ) ) ;
#11545 = STYLED_ITEM ( 'NONE', ( #11667 ), #2636 ) ;
#11546 =( LENGTH_UNIT ( ) NAMED_UNIT ( * ) SI_UNIT ( .MILLI., .METRE. ) );
#11547 = MECHANICAL_DESIGN_GEOMETRIC_PRESENTATION_REPRESENTATION (  '', ( #11549 ), #11680 ) ;
#11548 = PRESENTATION_LAYER_ASSIGNMENT (  '', '', ( #11549 ) ) ;
#11549 = STYLED_ITEM ( 'NONE', ( #11550 ), #2635 ) ;
#11550 = PRESENTATION_STYLE_ASSIGNMENT (( #11551 ) ) ;
#11551 = SURFACE_STYLE_USAGE ( .BOTH. , #11552 ) ;
#11552 = SURFACE_SIDE_STYLE ('',( #11553 ) ) ;
#11553 = SURFACE_STYLE_FILL_AREA ( #11554 ) ;
#11554 = FILL_AREA_STYLE ('',( #11561 ) ) ;
#11555 = COLOUR_RGB ( '',0.2509803921568627400, 0.2509803921568627400, 0.2509803921568627400 ) ;
#11556 = FACE_OUTER_BOUND ( 'NONE', #2650, .T. ) ;
#11557 = DIRECTION ( 'NONE',  ( 0.0000000000000000000, 0.0000000000000000000, -1.000000000000000000 ) ) ;
#11558 = DIRECTION ( 'NONE',  ( 1.000000000000000000, -9.860761315262647600E-032, -2.465190328815661900E-032 ) ) ;
#11559 = CARTESIAN_POINT ( 'NONE',  ( -10.14999999999999900, -8.649999999999998600, -0.5000000000000004400 ) ) ;
#11560 = AXIS2_PLACEMENT_3D ( 'NONE', #11559, #11558, #11557 ) ;
#11561 = FILL_AREA_STYLE_COLOUR ( '', #11555 ) ;
#11562 = DIRECTION ( 'NONE',  ( 0.0000000000000000000, -1.000000000000000000, 0.0000000000000000000 ) ) ;
#11563 = DIRECTION ( 'NONE',  ( -1.000000000000000000, -8.545435842250266200E-017, 0.0000000000000000000 ) ) ;
#11564 = AXIS2_PLACEMENT_3D ( 'NONE', #11567, #11563, #11562 ) ;
#11565 = CYLINDRICAL_SURFACE ( 'NONE', #11564, 0.5000000000000004400 ) ;
#11566 = CIRCLE ( 'NONE', #11560, 0.5000000000000000000 ) ;
#11567 = CARTESIAN_POINT ( 'NONE',  ( -10.14999999999999900, -8.649999999999998600, -0.5000000000000004400 ) ) ;
#11568 =( GEOMETRIC_REPRESENTATION_CONTEXT ( 3 ) GLOBAL_UNCERTAINTY_ASSIGNED_CONTEXT ( ( #11569 ) ) GLOBAL_UNIT_ASSIGNED_CONTEXT ( ( #11507, #11506, #11505 ) ) REPRESENTATION_CONTEXT ( 'NONE', 'WORKASPACE' ) );
#11569 = UNCERTAINTY_MEASURE_WITH_UNIT (LENGTH_MEASURE( 1.000000000000000100E-005 ), #11507, 'distance_accuracy_value', 'NONE');
#11570 = MECHANICAL_DESIGN_GEOMETRIC_PRESENTATION_REPRESENTATION (  '', ( #11572 ), #11504 ) ;
#11571 = PRESENTATION_LAYER_ASSIGNMENT (  '', '', ( #11572 ) ) ;
#11572 = STYLED_ITEM ( 'NONE', ( #11573 ), #2612 ) ;
#11573 = PRESENTATION_STYLE_ASSIGNMENT (( #11574 ) ) ;
#11574 = SURFACE_STYLE_USAGE ( .BOTH. , #11575 ) ;
#11575 = SURFACE_SIDE_STYLE ('',( #11576 ) ) ;
#11576 = SURFACE_STYLE_FILL_AREA ( #11577 ) ;
#11577 = FILL_AREA_STYLE ('',( #11657 ) ) ;
#11578 = UNCERTAINTY_MEASURE_WITH_UNIT (LENGTH_MEASURE( 1.000000000000000100E-005 ), #11581, 'distance_accuracy_value', 'NONE');
#11579 =( NAMED_UNIT ( * ) SI_UNIT ( $, .STERADIAN. ) SOLID_ANGLE_UNIT ( ) );
#11580 =( NAMED_UNIT ( * ) PLANE_ANGLE_UNIT ( ) SI_UNIT ( $, .RADIAN. ) );
#11581 =( LENGTH_UNIT ( ) NAMED_UNIT ( * ) SI_UNIT ( .MILLI., .METRE. ) );
#11582 = MECHANICAL_DESIGN_GEOMETRIC_PRESENTATION_REPRESENTATION (  '', ( #11584 ), #11524 ) ;
#11583 = PRESENTATION_LAYER_ASSIGNMENT (  '', '', ( #11584 ) ) ;
#11584 = STYLED_ITEM ( 'NONE', ( #11585 ), #2626 ) ;
#11585 = PRESENTATION_STYLE_ASSIGNMENT (( #11586 ) ) ;
#11586 = SURFACE_STYLE_USAGE ( .BOTH. , #11587 ) ;
#11587 = SURFACE_SIDE_STYLE ('',( #11588 ) ) ;
#11588 = SURFACE_STYLE_FILL_AREA ( #11589 ) ;
#11589 = FILL_AREA_STYLE ('',( #11597 ) ) ;
#11590 = COLOUR_RGB ( '',0.2509803921568627400, 0.2509803921568627400, 0.2509803921568627400 ) ;
#11591 = FACE_OUTER_BOUND ( 'NONE', #2556, .T. ) ;
#11592 = DIRECTION ( 'NONE',  ( 0.0000000000000000000, 0.0000000000000000000, 1.000000000000000000 ) ) ;
#11593 = DIRECTION ( 'NONE',  ( -9.860761315262649800E-032, 1.000000000000000000, -1.483603526480291300E-031 ) ) ;
#11594 = CARTESIAN_POINT ( 'NONE',  ( 15.00000000000000700, -10.99999999999999300, -0.5000000000000038900 ) ) ;
#11595 = AXIS2_PLACEMENT_3D ( 'NONE', #11594, #11593, #11592 ) ;
#11596 = CIRCLE ( 'NONE', #11595, 0.4999999999999998900 ) ;
#11597 = FILL_AREA_STYLE_COLOUR ( '', #11590 ) ;
#11598 =( LENGTH_UNIT ( ) NAMED_UNIT ( * ) SI_UNIT ( .MILLI., .METRE. ) );
#11599 =( NAMED_UNIT ( * ) PLANE_ANGLE_UNIT ( ) SI_UNIT ( $, .RADIAN. ) );
#11600 =( LENGTH_UNIT ( ) NAMED_UNIT ( * ) SI_UNIT ( .MILLI., .METRE. ) );
#11601 = DIRECTION ( 'NONE',  ( -2.465190328815662400E-032, -1.483603526480291100E-031, 1.000000000000000000 ) ) ;
#11602 = DIRECTION ( 'NONE',  ( -9.860761315262649800E-032, 1.000000000000000000, 1.483603526480291100E-031 ) ) ;
#11603 = AXIS2_PLACEMENT_3D ( 'NONE', #11525, #11602, #11601 ) ;
#11604 = MECHANICAL_DESIGN_GEOMETRIC_PRESENTATION_REPRESENTATION (  '', ( #11606 ), #11625 ) ;
#11605 = PRESENTATION_LAYER_ASSIGNMENT (  '', '', ( #11606 ) ) ;
#11606 = STYLED_ITEM ( 'NONE', ( #11607 ), #2617 ) ;
#11607 = PRESENTATION_STYLE_ASSIGNMENT (( #11608 ) ) ;
#11608 = SURFACE_STYLE_USAGE ( .BOTH. , #11609 ) ;
#11609 = SURFACE_SIDE_STYLE ('',( #11610 ) ) ;
#11610 = SURFACE_STYLE_FILL_AREA ( #11611 ) ;
#11611 = FILL_AREA_STYLE ('',( #11663 ) ) ;
#11612 = COLOUR_RGB ( '',0.2509803921568627400, 0.2509803921568627400, 0.2509803921568627400 ) ;
#11613 = FACE_OUTER_BOUND ( 'NONE', #2618, .T. ) ;
#11614 =( NAMED_UNIT ( * ) SI_UNIT ( $, .STERADIAN. ) SOLID_ANGLE_UNIT ( ) );
#11615 = DIRECTION ( 'NONE',  ( -0.7071067811865519000, 0.7071067811865432400, 0.0000000000000000000 ) ) ;
#11616 = DIRECTION ( 'NONE',  ( 0.7071067811865432400, 0.7071067811865516800, -9.860761315262649800E-032 ) ) ;
#11617 = AXIS2_PLACEMENT_3D ( 'NONE', #11623, #11616, #11615 ) ;
#11618 = CIRCLE ( 'NONE', #11617, 0.5000000000000000000 ) ;
#11619 = DIRECTION ( 'NONE',  ( 2.465190328815662400E-032, 1.483603526480291100E-031, -1.000000000000000000 ) ) ;
#11620 = DIRECTION ( 'NONE',  ( -1.000000000000000000, 9.860761315262647600E-032, -2.465190328815662400E-032 ) ) ;
#11621 = CARTESIAN_POINT ( 'NONE',  ( -3.649999999999993700, 9.599999999999996100, -3.000000000000002700 ) ) ;
#11622 = AXIS2_PLACEMENT_3D ( 'NONE', #11621, #11620, #11619 ) ;
#11623 = CARTESIAN_POINT ( 'NONE',  ( -12.21066017177983200, 3.946446609406713400, -0.4999999999999970000 ) ) ;
#11624 = PLANE ( 'NONE',  #11622 ) ;
#11625 =( GEOMETRIC_REPRESENTATION_CONTEXT ( 3 ) GLOBAL_UNCERTAINTY_ASSIGNED_CONTEXT ( ( #11532 ) ) GLOBAL_UNIT_ASSIGNED_CONTEXT ( ( #11535, #11534, #11533 ) ) REPRESENTATION_CONTEXT ( 'NONE', 'WORKASPACE' ) );
#11626 = UNCERTAINTY_MEASURE_WITH_UNIT (LENGTH_MEASURE( 1.000000000000000100E-005 ), #11546, 'distance_accuracy_value', 'NONE');
#11627 =( NAMED_UNIT ( * ) SI_UNIT ( $, .STERADIAN. ) SOLID_ANGLE_UNIT ( ) );
#11628 =( NAMED_UNIT ( * ) PLANE_ANGLE_UNIT ( ) SI_UNIT ( $, .RADIAN. ) );
#11629 = MECHANICAL_DESIGN_GEOMETRIC_PRESENTATION_REPRESENTATION (  '', ( #11631 ), #11501 ) ;
#11630 = PRESENTATION_LAYER_ASSIGNMENT (  '', '', ( #11631 ) ) ;
#11631 = STYLED_ITEM ( 'NONE', ( #11632 ), #2648 ) ;
#11632 = PRESENTATION_STYLE_ASSIGNMENT (( #11633 ) ) ;
#11633 = SURFACE_STYLE_USAGE ( .BOTH. , #11634 ) ;
#11634 = SURFACE_SIDE_STYLE ('',( #11635 ) ) ;
#11635 = SURFACE_STYLE_FILL_AREA ( #11636 ) ;
#11636 = FILL_AREA_STYLE ('',( #11642 ) ) ;
#11637 = COLOUR_RGB ( '',0.2509803921568627400, 0.2509803921568627400, 0.2509803921568627400 ) ;
#11638 = FACE_OUTER_BOUND ( 'NONE', #2649, .T. ) ;
#11639 = DIRECTION ( 'NONE',  ( 0.1643989873053581800, -1.725633230170963500E-031, 0.9863939238321435300 ) ) ;
#11640 = VECTOR ( 'NONE', #11639, 1000.000000000000100 ) ;
#11641 = CARTESIAN_POINT ( 'NONE',  ( 13.50000000000000500, 3.199999999999996200, -2.999999999999999100 ) ) ;
#11642 = FILL_AREA_STYLE_COLOUR ( '', #11637 ) ;
#11643 = LINE ( 'NONE', #11641, #11640 ) ;
#11644 = DIRECTION ( 'NONE',  ( 0.1643989873053581800, -1.725633230170963500E-031, 0.9863939238321435300 ) ) ;
#11645 = VECTOR ( 'NONE', #11644, 1000.000000000000100 ) ;
#11646 = CARTESIAN_POINT ( 'NONE',  ( 13.50000000000000500, -3.800000000000001200, -2.999999999999999100 ) ) ;
#11647 = DIRECTION ( 'NONE',  ( -0.1643989873053582100, 1.725633230170963500E-031, -0.9863939238321436400 ) ) ;
#11648 = DIRECTION ( 'NONE',  ( 0.9863939238321436400, 2.189528850507526700E-047, -0.1643989873053582100 ) ) ;
#11649 = AXIS2_PLACEMENT_3D ( 'NONE', #11537, #11648, #11647 ) ;
#11650 = LINE ( 'NONE', #11646, #11645 ) ;
#11651 = COLOUR_RGB ( '',0.2509803921568627400, 0.2509803921568627400, 0.2509803921568627400 ) ;
#11652 = FACE_OUTER_BOUND ( 'NONE', #2615, .T. ) ;
#11653 = DIRECTION ( 'NONE',  ( 0.0000000000000000000, -0.09053574604251793400, 0.9958932064677038500 ) ) ;
#11654 = VECTOR ( 'NONE', #11653, 1000.000000000000100 ) ;
#11655 = CARTESIAN_POINT ( 'NONE',  ( 4.250000000000010700, -9.899999999999995000, -2.999999999999999100 ) ) ;
#11656 = LINE ( 'NONE', #11655, #11654 ) ;
#11657 = FILL_AREA_STYLE_COLOUR ( '', #11651 ) ;
#11658 =( NAMED_UNIT ( * ) PLANE_ANGLE_UNIT ( ) SI_UNIT ( $, .RADIAN. ) );
#11659 = DIRECTION ( 'NONE',  ( 0.0000000000000000000, -0.09053574604251793400, 0.9958932064677038500 ) ) ;
#11660 = VECTOR ( 'NONE', #11659, 1000.000000000000100 ) ;
#11661 = CARTESIAN_POINT ( 'NONE',  ( 3.650000000000007500, -9.899999999999998600, -2.999999999999999100 ) ) ;
#11662 = LINE ( 'NONE', #11661, #11660 ) ;
#11663 = FILL_AREA_STYLE_COLOUR ( '', #11612 ) ;
#11664 = DIRECTION ( 'NONE',  ( 2.465190328815662400E-032, 1.483603526480291100E-031, -1.000000000000000000 ) ) ;
#11665 = DIRECTION ( 'NONE',  ( 1.000000000000000000, -9.860761315262647600E-032, 2.465190328815662400E-032 ) ) ;
#11666 = CARTESIAN_POINT ( 'NONE',  ( 4.250000000000010700, -9.599999999999997900, -2.999999999999999100 ) ) ;
#11667 = PRESENTATION_STYLE_ASSIGNMENT (( #11668 ) ) ;
#11668 = SURFACE_STYLE_USAGE ( .BOTH. , #11669 ) ;
#11669 = SURFACE_SIDE_STYLE ('',( #11670 ) ) ;
#11670 = SURFACE_STYLE_FILL_AREA ( #11677 ) ;
#11671 = COLOUR_RGB ( '',0.2509803921568627400, 0.2509803921568627400, 0.2509803921568627400 ) ;
#11672 = FACE_OUTER_BOUND ( 'NONE', #2638, .T. ) ;
#11673 = DIRECTION ( 'NONE',  ( -2.465190328815662400E-032, -1.483603526480291100E-031, 1.000000000000000000 ) ) ;
#11674 = DIRECTION ( 'NONE',  ( 9.860761315262649800E-032, -1.000000000000000000, -1.483603526480291100E-031 ) ) ;
#11675 = CARTESIAN_POINT ( 'NONE',  ( 13.00000000000000500, -3.200000000000001500, -4.799999999999998900 ) ) ;
#11676 = AXIS2_PLACEMENT_3D ( 'NONE', #11675, #11674, #11673 ) ;
#11677 = FILL_AREA_STYLE ('',( #11678 ) ) ;
#11678 = FILL_AREA_STYLE_COLOUR ( '', #11671 ) ;
#11679 = PLANE ( 'NONE',  #11676 ) ;
#11680 =( GEOMETRIC_REPRESENTATION_CONTEXT ( 3 ) GLOBAL_UNCERTAINTY_ASSIGNED_CONTEXT ( ( #11626 ) ) GLOBAL_UNIT_ASSIGNED_CONTEXT ( ( #11546, #11628, #11627 ) ) REPRESENTATION_CONTEXT ( 'NONE', 'WORKASPACE' ) );
#11681 = UNCERTAINTY_MEASURE_WITH_UNIT (LENGTH_MEASURE( 1.000000000000000100E-005 ), #11600, 'distance_accuracy_value', 'NONE');
#11682 =( NAMED_UNIT ( * ) SI_UNIT ( $, .STERADIAN. ) SOLID_ANGLE_UNIT ( ) );
#11683 = DIRECTION ( 'NONE',  ( -0.1643989873053581800, -9.860761315262649800E-032, 0.9863939238321435300 ) ) ;
#11684 = VECTOR ( 'NONE', #11683, 1000.000000000000100 ) ;
#11685 = CARTESIAN_POINT ( 'NONE',  ( -13.49999999999999100, -3.799999999999998000, -2.999999999999999100 ) ) ;
#11686 = LINE ( 'NONE', #11685, #11684 ) ;
#11687 = STYLED_ITEM ( 'NONE', ( #11688 ), #2698 ) ;
#11688 = PRESENTATION_STYLE_ASSIGNMENT (( #11689 ) ) ;
#11689 = SURFACE_STYLE_USAGE ( .BOTH. , #11690 ) ;
#11690 = SURFACE_SIDE_STYLE ('',( #11691 ) ) ;
#11691 = SURFACE_STYLE_FILL_AREA ( #11692 ) ;
#11692 = FILL_AREA_STYLE ('',( #11699 ) ) ;
#11693 = COLOUR_RGB ( '',0.2509803921568627400, 0.2509803921568627400, 0.2509803921568627400 ) ;
#11694 = FACE_OUTER_BOUND ( 'NONE', #2699, .T. ) ;
#11695 = DIRECTION ( 'NONE',  ( 0.0000000000000000000, 0.0000000000000000000, -1.000000000000000000 ) ) ;
#11696 = DIRECTION ( 'NONE',  ( 1.000000000000000000, -9.860761315262647600E-032, -2.465190328815661900E-032 ) ) ;
#11697 = CARTESIAN_POINT ( 'NONE',  ( -14.49999999999997900, -11.50000000000000000, -0.5000000000000004400 ) ) ;
#11698 = AXIS2_PLACEMENT_3D ( 'NONE', #11697, #11696, #11695 ) ;
#11699 = FILL_AREA_STYLE_COLOUR ( '', #11693 ) ;
#11700 = DIRECTION ( 'NONE',  ( 1.000000000000000000, -3.657365065276025500E-063, 2.465190328815662400E-032 ) ) ;
#11701 = DIRECTION ( 'NONE',  ( -2.465190328815662400E-032, -1.483603526480291300E-031, 1.000000000000000000 ) ) ;
#11702 = AXIS2_PLACEMENT_3D ( 'NONE', #11705, #11701, #11700 ) ;
#11703 = TOROIDAL_SURFACE ( 'NONE', #11702, 0.5000000000000000000, 0.5000000000000000000 ) ;
#11704 = CIRCLE ( 'NONE', #11698, 0.5000000000000000000 ) ;
#11705 = CARTESIAN_POINT ( 'NONE',  ( 14.50000000000000500, -11.00000000000000000, -0.5000000000000038900 ) ) ;
#11706 =( GEOMETRIC_REPRESENTATION_CONTEXT ( 3 ) GLOBAL_UNCERTAINTY_ASSIGNED_CONTEXT ( ( #11816 ) ) GLOBAL_UNIT_ASSIGNED_CONTEXT ( ( #11819, #11818, #11817 ) ) REPRESENTATION_CONTEXT ( 'NONE', 'WORKASPACE' ) );
#11707 = UNCERTAINTY_MEASURE_WITH_UNIT (LENGTH_MEASURE( 1.000000000000000100E-005 ), #11710, 'distance_accuracy_value', 'NONE');
#11708 =( NAMED_UNIT ( * ) SI_UNIT ( $, .STERADIAN. ) SOLID_ANGLE_UNIT ( ) );
#11709 =( NAMED_UNIT ( * ) PLANE_ANGLE_UNIT ( ) SI_UNIT ( $, .RADIAN. ) );
#11710 =( LENGTH_UNIT ( ) NAMED_UNIT ( * ) SI_UNIT ( .MILLI., .METRE. ) );
#11711 = MECHANICAL_DESIGN_GEOMETRIC_PRESENTATION_REPRESENTATION (  '', ( #11713 ), #11871 ) ;
#11712 = PRESENTATION_LAYER_ASSIGNMENT (  '', '', ( #11713 ) ) ;
#11713 = STYLED_ITEM ( 'NONE', ( #11714 ), #2661 ) ;
#11714 = PRESENTATION_STYLE_ASSIGNMENT (( #11715 ) ) ;
#11715 = SURFACE_STYLE_USAGE ( .BOTH. , #11716 ) ;
#11716 = SURFACE_SIDE_STYLE ('',( #11717 ) ) ;
#11717 = SURFACE_STYLE_FILL_AREA ( #11718 ) ;
#11718 = FILL_AREA_STYLE ('',( #11791 ) ) ;
#11719 = PRESENTATION_LAYER_ASSIGNMENT (  '', '', ( #11720 ) ) ;
#11720 = STYLED_ITEM ( 'NONE', ( #11721 ), #2651 ) ;
#11721 = PRESENTATION_STYLE_ASSIGNMENT (( #11722 ) ) ;
#11722 = SURFACE_STYLE_USAGE ( .BOTH. , #11741 ) ;
#11723 =( NAMED_UNIT ( * ) PLANE_ANGLE_UNIT ( ) SI_UNIT ( $, .RADIAN. ) );
#11724 =( NAMED_UNIT ( * ) PLANE_ANGLE_UNIT ( ) SI_UNIT ( $, .RADIAN. ) );
#11725 =( LENGTH_UNIT ( ) NAMED_UNIT ( * ) SI_UNIT ( .MILLI., .METRE. ) );
#11726 = MECHANICAL_DESIGN_GEOMETRIC_PRESENTATION_REPRESENTATION (  '', ( #11772 ), #11768 ) ;
#11727 =( GEOMETRIC_REPRESENTATION_CONTEXT ( 3 ) GLOBAL_UNCERTAINTY_ASSIGNED_CONTEXT ( ( #11728 ) ) GLOBAL_UNIT_ASSIGNED_CONTEXT ( ( #11872, #11730, #11729 ) ) REPRESENTATION_CONTEXT ( 'NONE', 'WORKASPACE' ) );
#11728 = UNCERTAINTY_MEASURE_WITH_UNIT (LENGTH_MEASURE( 1.000000000000000100E-005 ), #11872, 'distance_accuracy_value', 'NONE');
#11729 =( NAMED_UNIT ( * ) SI_UNIT ( $, .STERADIAN. ) SOLID_ANGLE_UNIT ( ) );
#11730 =( NAMED_UNIT ( * ) PLANE_ANGLE_UNIT ( ) SI_UNIT ( $, .RADIAN. ) );
#11731 = UNCERTAINTY_MEASURE_WITH_UNIT (LENGTH_MEASURE( 1.000000000000000100E-005 ), #11739, 'distance_accuracy_value', 'NONE');
#11732 =( NAMED_UNIT ( * ) SI_UNIT ( $, .STERADIAN. ) SOLID_ANGLE_UNIT ( ) );
#11733 = FILL_AREA_STYLE_COLOUR ( '', #11778 ) ;
#11734 = DIRECTION ( 'NONE',  ( 0.1643989873053582100, -1.725633230170963500E-031, 0.9863939238321436400 ) ) ;
#11735 = DIRECTION ( 'NONE',  ( -0.9863939238321436400, -2.189528850507526700E-047, 0.1643989873053582100 ) ) ;
#11736 = CARTESIAN_POINT ( 'NONE',  ( 13.50000000000000500, -3.800000000000001200, -2.999999999999999100 ) ) ;
#11737 = AXIS2_PLACEMENT_3D ( 'NONE', #11736, #11735, #11734 ) ;
#11738 = CIRCLE ( 'NONE', #11783, 0.5000000000000004400 ) ;
#11739 =( LENGTH_UNIT ( ) NAMED_UNIT ( * ) SI_UNIT ( .MILLI., .METRE. ) );
#11740 = MECHANICAL_DESIGN_GEOMETRIC_PRESENTATION_REPRESENTATION (  '', ( #11720 ), #11792 ) ;
#11741 = SURFACE_SIDE_STYLE ('',( #11491 ) ) ;
#11742 =( NAMED_UNIT ( * ) SI_UNIT ( $, .STERADIAN. ) SOLID_ANGLE_UNIT ( ) );
#11743 =( NAMED_UNIT ( * ) PLANE_ANGLE_UNIT ( ) SI_UNIT ( $, .RADIAN. ) );
#11744 =( LENGTH_UNIT ( ) NAMED_UNIT ( * ) SI_UNIT ( .MILLI., .METRE. ) );
#11745 = MECHANICAL_DESIGN_GEOMETRIC_PRESENTATION_REPRESENTATION (  '', ( #11747 ), #11926 ) ;
#11746 = PRESENTATION_LAYER_ASSIGNMENT (  '', '', ( #11747 ) ) ;
#11747 = STYLED_ITEM ( 'NONE', ( #11748 ), #2703 ) ;
#11748 = PRESENTATION_STYLE_ASSIGNMENT (( #11795 ) ) ;
#11749 = DIRECTION ( 'NONE',  ( -2.465190328815662400E-032, -1.483603526480291100E-031, 1.000000000000000000 ) ) ;
#11750 = DIRECTION ( 'NONE',  ( 9.860761315262649800E-032, -1.000000000000000000, -1.483603526480291100E-031 ) ) ;
#11751 = CARTESIAN_POINT ( 'NONE',  ( 13.00000000000000500, -3.800000000000001200, -4.799999999999998900 ) ) ;
#11752 = AXIS2_PLACEMENT_3D ( 'NONE', #11751, #11750, #11749 ) ;
#11753 = PRESENTATION_LAYER_ASSIGNMENT (  '', '', ( #11754 ) ) ;
#11754 = STYLED_ITEM ( 'NONE', ( #11755 ), #2674 ) ;
#11755 = PRESENTATION_STYLE_ASSIGNMENT (( #11756 ) ) ;
#11756 = SURFACE_STYLE_USAGE ( .BOTH. , #11757 ) ;
#11757 = SURFACE_SIDE_STYLE ('',( #11758 ) ) ;
#11758 = SURFACE_STYLE_FILL_AREA ( #11759 ) ;
#11759 = FILL_AREA_STYLE ('',( #11766 ) ) ;
#11760 = COLOUR_RGB ( '',0.2509803921568627400, 0.2509803921568627400, 0.2509803921568627400 ) ;
#11761 = DIRECTION ( 'NONE',  ( 0.0000000000000000000, 0.0000000000000000000, -1.000000000000000000 ) ) ;
#11762 = DIRECTION ( 'NONE',  ( 9.860761315262649800E-032, -1.000000000000000000, 1.483603526480291300E-031 ) ) ;
#11763 = AXIS2_PLACEMENT_3D ( 'NONE', #11767, #11762, #11761 ) ;
#11764 = CYLINDRICAL_SURFACE ( 'NONE', #11763, 0.5000000000000000000 ) ;
#11765 = FACE_OUTER_BOUND ( 'NONE', #2675, .T. ) ;
#11766 = FILL_AREA_STYLE_COLOUR ( '', #11760 ) ;
#11767 = CARTESIAN_POINT ( 'NONE',  ( -14.99999999999999300, -11.00000000000000000, -0.5000000000000004400 ) ) ;
#11768 =( GEOMETRIC_REPRESENTATION_CONTEXT ( 3 ) GLOBAL_UNCERTAINTY_ASSIGNED_CONTEXT ( ( #11769 ) ) GLOBAL_UNIT_ASSIGNED_CONTEXT ( ( #11725, #11724, #11770 ) ) REPRESENTATION_CONTEXT ( 'NONE', 'WORKASPACE' ) );
#11769 = UNCERTAINTY_MEASURE_WITH_UNIT (LENGTH_MEASURE( 1.000000000000000100E-005 ), #11725, 'distance_accuracy_value', 'NONE');
#11770 =( NAMED_UNIT ( * ) SI_UNIT ( $, .STERADIAN. ) SOLID_ANGLE_UNIT ( ) );
#11771 = PRESENTATION_LAYER_ASSIGNMENT (  '', '', ( #11772 ) ) ;
#11772 = STYLED_ITEM ( 'NONE', ( #11773 ), #2669 ) ;
#11773 = PRESENTATION_STYLE_ASSIGNMENT (( #11774 ) ) ;
#11774 = SURFACE_STYLE_USAGE ( .BOTH. , #11775 ) ;
#11775 = SURFACE_SIDE_STYLE ('',( #11776 ) ) ;
#11776 = SURFACE_STYLE_FILL_AREA ( #11777 ) ;
#11777 = FILL_AREA_STYLE ('',( #11733 ) ) ;
#11778 = COLOUR_RGB ( '',0.2509803921568627400, 0.2509803921568627400, 0.2509803921568627400 ) ;
#11779 = FACE_OUTER_BOUND ( 'NONE', #2670, .T. ) ;
#11780 = DIRECTION ( 'NONE',  ( -1.000000000000000000, 1.040834085586083300E-014, 0.0000000000000000000 ) ) ;
#11781 = DIRECTION ( 'NONE',  ( 1.040834085586083300E-014, 1.000000000000000000, -1.520690846935444800E-031 ) ) ;
#11782 = CARTESIAN_POINT ( 'NONE',  ( -14.99999999999999300, -10.99999999999999600, -0.5000000000000004400 ) ) ;
#11783 = AXIS2_PLACEMENT_3D ( 'NONE', #11782, #11781, #11780 ) ;
#11784 = COLOUR_RGB ( '',0.2509803921568627400, 0.2509803921568627400, 0.2509803921568627400 ) ;
#11785 = FACE_OUTER_BOUND ( 'NONE', #2662, .T. ) ;
#11786 = DIRECTION ( 'NONE',  ( 6.938893903907222100E-015, 1.000000000000000000, 0.0000000000000000000 ) ) ;
#11787 = DIRECTION ( 'NONE',  ( 1.000000000000000000, -6.938893903907219700E-015, -2.465190328815661900E-032 ) ) ;
#11788 = CARTESIAN_POINT ( 'NONE',  ( 14.49999999999999800, -11.50000000000000000, -0.5000000000000038900 ) ) ;
#11789 = AXIS2_PLACEMENT_3D ( 'NONE', #11788, #11787, #11786 ) ;
#11790 = CIRCLE ( 'NONE', #11789, 0.5000000000000004400 ) ;
#11791 = FILL_AREA_STYLE_COLOUR ( '', #11784 ) ;
#11792 =( GEOMETRIC_REPRESENTATION_CONTEXT ( 3 ) GLOBAL_UNCERTAINTY_ASSIGNED_CONTEXT ( ( #11731 ) ) GLOBAL_UNIT_ASSIGNED_CONTEXT ( ( #11739, #11723, #11732 ) ) REPRESENTATION_CONTEXT ( 'NONE', 'WORKASPACE' ) );
#11793 = FILL_AREA_STYLE_COLOUR ( '', #11798 ) ;
#11794 = FACE_OUTER_BOUND ( 'NONE', #2704, .T. ) ;
#11795 = SURFACE_STYLE_USAGE ( .BOTH. , #11796 ) ;
#11796 = SURFACE_SIDE_STYLE ('',( #11797 ) ) ;
#11797 = SURFACE_STYLE_FILL_AREA ( #11802 ) ;
#11798 = COLOUR_RGB ( '',0.2509803921568627400, 0.2509803921568627400, 0.2509803921568627400 ) ;
#11799 = DIRECTION ( 'NONE',  ( -4.930380657631324900E-032, 0.09053574604251793400, 0.9958932064677038500 ) ) ;
#11800 = VECTOR ( 'NONE', #11799, 1000.000000000000100 ) ;
#11801 = CARTESIAN_POINT ( 'NONE',  ( 3.650000000000007500, 9.899999999999993200, -2.999999999999999100 ) ) ;
#11802 = FILL_AREA_STYLE ('',( #11793 ) ) ;
#11803 = DIRECTION ( 'NONE',  ( 0.0000000000000000000, -0.09053574604251794800, 0.9958932064677039600 ) ) ;
#11804 = DIRECTION ( 'NONE',  ( -9.860761315262649800E-032, 0.9958932064677039600, 0.09053574604251794800 ) ) ;
#11805 = CARTESIAN_POINT ( 'NONE',  ( -4.249999999999996400, -9.899999999999995000, -3.000000000000002700 ) ) ;
#11806 = AXIS2_PLACEMENT_3D ( 'NONE', #11805, #11804, #11803 ) ;
#11807 = LINE ( 'NONE', #11801, #11800 ) ;
#11808 = PLANE ( 'NONE',  #11806 ) ;
#11809 =( GEOMETRIC_REPRESENTATION_CONTEXT ( 3 ) GLOBAL_UNCERTAINTY_ASSIGNED_CONTEXT ( ( #11810 ) ) GLOBAL_UNIT_ASSIGNED_CONTEXT ( ( #11813, #11812, #11811 ) ) REPRESENTATION_CONTEXT ( 'NONE', 'WORKASPACE' ) );
#11810 = UNCERTAINTY_MEASURE_WITH_UNIT (LENGTH_MEASURE( 1.000000000000000100E-005 ), #11813, 'distance_accuracy_value', 'NONE');
#11811 =( NAMED_UNIT ( * ) SI_UNIT ( $, .STERADIAN. ) SOLID_ANGLE_UNIT ( ) );
#11812 =( NAMED_UNIT ( * ) PLANE_ANGLE_UNIT ( ) SI_UNIT ( $, .RADIAN. ) );
#11813 =( LENGTH_UNIT ( ) NAMED_UNIT ( * ) SI_UNIT ( .MILLI., .METRE. ) );
#11814 = MECHANICAL_DESIGN_GEOMETRIC_PRESENTATION_REPRESENTATION (  '', ( #11687 ), #11809 ) ;
#11815 = PRESENTATION_LAYER_ASSIGNMENT (  '', '', ( #11687 ) ) ;
#11816 = UNCERTAINTY_MEASURE_WITH_UNIT (LENGTH_MEASURE( 1.000000000000000100E-005 ), #11819, 'distance_accuracy_value', 'NONE');
#11817 =( NAMED_UNIT ( * ) SI_UNIT ( $, .STERADIAN. ) SOLID_ANGLE_UNIT ( ) );
#11818 =( NAMED_UNIT ( * ) PLANE_ANGLE_UNIT ( ) SI_UNIT ( $, .RADIAN. ) );
#11819 =( LENGTH_UNIT ( ) NAMED_UNIT ( * ) SI_UNIT ( .MILLI., .METRE. ) );
#11820 = MECHANICAL_DESIGN_GEOMETRIC_PRESENTATION_REPRESENTATION (  '', ( #11822 ), #11706 ) ;
#11821 = PRESENTATION_LAYER_ASSIGNMENT (  '', '', ( #11822 ) ) ;
#11822 = STYLED_ITEM ( 'NONE', ( #11823 ), #2682 ) ;
#11823 = PRESENTATION_STYLE_ASSIGNMENT (( #11824 ) ) ;
#11824 = SURFACE_STYLE_USAGE ( .BOTH. , #11825 ) ;
#11825 = SURFACE_SIDE_STYLE ('',( #11826 ) ) ;
#11826 = SURFACE_STYLE_FILL_AREA ( #11827 ) ;
#11827 = FILL_AREA_STYLE ('',( #11834 ) ) ;
#11828 = COLOUR_RGB ( '',0.2509803921568627400, 0.2509803921568627400, 0.2509803921568627400 ) ;
#11829 = FACE_OUTER_BOUND ( 'NONE', #2683, .T. ) ;
#11830 = DIRECTION ( 'NONE',  ( 0.0000000000000000000, 0.0000000000000000000, 1.000000000000000000 ) ) ;
#11831 = DIRECTION ( 'NONE',  ( -9.860761315262649800E-032, 1.000000000000000000, -1.483603526480291300E-031 ) ) ;
#11832 = AXIS2_PLACEMENT_3D ( 'NONE', #11839, #11831, #11830 ) ;
#11833 = CIRCLE ( 'NONE', #11832, 0.4999999999999998900 ) ;
#11834 = FILL_AREA_STYLE_COLOUR ( '', #11828 ) ;
#11835 = DIRECTION ( 'NONE',  ( 2.465190328815662400E-032, 1.483603526480291100E-031, -1.000000000000000000 ) ) ;
#11836 = DIRECTION ( 'NONE',  ( 1.000000000000000000, -9.860761315262647600E-032, 2.465190328815662400E-032 ) ) ;
#11837 = CARTESIAN_POINT ( 'NONE',  ( 3.650000000000007500, -9.600000000000001400, -3.000000000000002700 ) ) ;
#11838 = AXIS2_PLACEMENT_3D ( 'NONE', #11837, #11836, #11835 ) ;
#11839 = CARTESIAN_POINT ( 'NONE',  ( -14.99999999999999300, 10.99999999999998900, -0.5000000000000004400 ) ) ;
#11840 = PLANE ( 'NONE',  #11838 ) ;
#11841 = DIRECTION ( 'NONE',  ( 0.1643989873053581800, -1.725633230170963500E-031, 0.9863939238321435300 ) ) ;
#11842 = VECTOR ( 'NONE', #11841, 1000.000000000000100 ) ;
#11843 = CARTESIAN_POINT ( 'NONE',  ( 13.50000000000000500, -3.200000000000001500, -2.999999999999999100 ) ) ;
#11844 = LINE ( 'NONE', #11843, #11842 ) ;
#11845 =( NAMED_UNIT ( * ) PLANE_ANGLE_UNIT ( ) SI_UNIT ( $, .RADIAN. ) );
#11846 =( LENGTH_UNIT ( ) NAMED_UNIT ( * ) SI_UNIT ( .MILLI., .METRE. ) );
#11847 = MECHANICAL_DESIGN_GEOMETRIC_PRESENTATION_REPRESENTATION (  '', ( #11849 ), #11889 ) ;
#11848 = PRESENTATION_LAYER_ASSIGNMENT (  '', '', ( #11849 ) ) ;
#11849 = STYLED_ITEM ( 'NONE', ( #11850 ), #2677 ) ;
#11850 = PRESENTATION_STYLE_ASSIGNMENT (( #11851 ) ) ;
#11851 = SURFACE_STYLE_USAGE ( .BOTH. , #11852 ) ;
#11852 = SURFACE_SIDE_STYLE ('',( #11853 ) ) ;
#11853 = SURFACE_STYLE_FILL_AREA ( #11860 ) ;
#11854 = COLOUR_RGB ( '',0.2509803921568627400, 0.2509803921568627400, 0.2509803921568627400 ) ;
#11855 = FACE_OUTER_BOUND ( 'NONE', #2695, .T. ) ;
#11856 = DIRECTION ( 'NONE',  ( 2.465190328815662400E-032, 1.483603526480291100E-031, -1.000000000000000000 ) ) ;
#11857 = DIRECTION ( 'NONE',  ( -1.000000000000000000, 9.860761315262647600E-032, -2.465190328815662400E-032 ) ) ;
#11858 = AXIS2_PLACEMENT_3D ( 'NONE', #11862, #11857, #11856 ) ;
#11859 = PLANE ( 'NONE',  #11858 ) ;
#11860 = FILL_AREA_STYLE ('',( #11861 ) ) ;
#11861 = FILL_AREA_STYLE_COLOUR ( '', #11854 ) ;
#11862 = CARTESIAN_POINT ( 'NONE',  ( -3.649999999999993700, -9.599999999999994300, -3.000000000000002700 ) ) ;
#11863 =( GEOMETRIC_REPRESENTATION_CONTEXT ( 3 ) GLOBAL_UNCERTAINTY_ASSIGNED_CONTEXT ( ( #11864 ) ) GLOBAL_UNIT_ASSIGNED_CONTEXT ( ( #11867, #11866, #11865 ) ) REPRESENTATION_CONTEXT ( 'NONE', 'WORKASPACE' ) );
#11864 = UNCERTAINTY_MEASURE_WITH_UNIT (LENGTH_MEASURE( 1.000000000000000100E-005 ), #11867, 'distance_accuracy_value', 'NONE');
#11865 =( NAMED_UNIT ( * ) SI_UNIT ( $, .STERADIAN. ) SOLID_ANGLE_UNIT ( ) );
#11866 =( NAMED_UNIT ( * ) PLANE_ANGLE_UNIT ( ) SI_UNIT ( $, .RADIAN. ) );
#11867 =( LENGTH_UNIT ( ) NAMED_UNIT ( * ) SI_UNIT ( .MILLI., .METRE. ) );
#11868 = MECHANICAL_DESIGN_GEOMETRIC_PRESENTATION_REPRESENTATION (  '', ( #11754 ), #11863 ) ;
#11869 = PLANE ( 'NONE',  #11752 ) ;
#11870 = PLANE ( 'NONE',  #11737 ) ;
#11871 =( GEOMETRIC_REPRESENTATION_CONTEXT ( 3 ) GLOBAL_UNCERTAINTY_ASSIGNED_CONTEXT ( ( #11707 ) ) GLOBAL_UNIT_ASSIGNED_CONTEXT ( ( #11710, #11709, #11708 ) ) REPRESENTATION_CONTEXT ( 'NONE', 'WORKASPACE' ) );
#11872 =( LENGTH_UNIT ( ) NAMED_UNIT ( * ) SI_UNIT ( .MILLI., .METRE. ) );
#11873 = MECHANICAL_DESIGN_GEOMETRIC_PRESENTATION_REPRESENTATION (  '', ( #11875 ), #11727 ) ;
#11874 = PRESENTATION_LAYER_ASSIGNMENT (  '', '', ( #11875 ) ) ;
#11875 = STYLED_ITEM ( 'NONE', ( #11876 ), #2679 ) ;
#11876 = PRESENTATION_STYLE_ASSIGNMENT (( #11877 ) ) ;
#11877 = SURFACE_STYLE_USAGE ( .BOTH. , #11878 ) ;
#11878 = SURFACE_SIDE_STYLE ('',( #11879 ) ) ;
#11879 = SURFACE_STYLE_FILL_AREA ( #11886 ) ;
#11880 = COLOUR_RGB ( '',0.2509803921568627400, 0.2509803921568627400, 0.2509803921568627400 ) ;
#11881 = FACE_OUTER_BOUND ( 'NONE', #2711, .T. ) ;
#11882 = DIRECTION ( 'NONE',  ( -4.930380657631324900E-032, 0.09053574604251794800, 0.9958932064677039600 ) ) ;
#11883 = DIRECTION ( 'NONE',  ( -6.842277657836020900E-049, 0.9958932064677039600, -0.09053574604251794800 ) ) ;
#11884 = CARTESIAN_POINT ( 'NONE',  ( -4.249999999999996400, 9.899999999999995000, -3.000000000000002700 ) ) ;
#11885 = AXIS2_PLACEMENT_3D ( 'NONE', #11884, #11883, #11882 ) ;
#11886 = FILL_AREA_STYLE ('',( #11887 ) ) ;
#11887 = FILL_AREA_STYLE_COLOUR ( '', #11880 ) ;
#11888 = PLANE ( 'NONE',  #11885 ) ;
#11889 =( GEOMETRIC_REPRESENTATION_CONTEXT ( 3 ) GLOBAL_UNCERTAINTY_ASSIGNED_CONTEXT ( ( #11890 ) ) GLOBAL_UNIT_ASSIGNED_CONTEXT ( ( #11846, #11845, #11891 ) ) REPRESENTATION_CONTEXT ( 'NONE', 'WORKASPACE' ) );
#11890 = UNCERTAINTY_MEASURE_WITH_UNIT (LENGTH_MEASURE( 1.000000000000000100E-005 ), #11846, 'distance_accuracy_value', 'NONE');
#11891 =( NAMED_UNIT ( * ) SI_UNIT ( $, .STERADIAN. ) SOLID_ANGLE_UNIT ( ) );
#11892 = UNCERTAINTY_MEASURE_WITH_UNIT (LENGTH_MEASURE( 1.000000000000000100E-005 ), #11744, 'distance_accuracy_value', 'NONE');
#11893 = PLANE ( 'NONE',  #11934 ) ;
#11894 =( GEOMETRIC_REPRESENTATION_CONTEXT ( 3 ) GLOBAL_UNCERTAINTY_ASSIGNED_CONTEXT ( ( #11927 ) ) GLOBAL_UNIT_ASSIGNED_CONTEXT ( ( #11909, #11929, #11928 ) ) REPRESENTATION_CONTEXT ( 'NONE', 'WORKASPACE' ) );
#11895 = TOROIDAL_SURFACE ( 'NONE', #12037, 0.4999999999999991700, 0.5000000000000000000 ) ;
#11896 =( GEOMETRIC_REPRESENTATION_CONTEXT ( 3 ) GLOBAL_UNCERTAINTY_ASSIGNED_CONTEXT ( ( #11897 ) ) GLOBAL_UNIT_ASSIGNED_CONTEXT ( ( #11900, #11899, #11898 ) ) REPRESENTATION_CONTEXT ( 'NONE', 'WORKASPACE' ) );
#11897 = UNCERTAINTY_MEASURE_WITH_UNIT (LENGTH_MEASURE( 1.000000000000000100E-005 ), #11900, 'distance_accuracy_value', 'NONE');
#11898 =( NAMED_UNIT ( * ) SI_UNIT ( $, .STERADIAN. ) SOLID_ANGLE_UNIT ( ) );
#11899 =( NAMED_UNIT ( * ) PLANE_ANGLE_UNIT ( ) SI_UNIT ( $, .RADIAN. ) );
#11900 =( LENGTH_UNIT ( ) NAMED_UNIT ( * ) SI_UNIT ( .MILLI., .METRE. ) );
#11901 = STYLED_ITEM ( 'NONE', ( #11902 ), #2706 ) ;
#11902 = PRESENTATION_STYLE_ASSIGNMENT (( #11903 ) ) ;
#11903 = SURFACE_STYLE_USAGE ( .BOTH. , #11904 ) ;
#11904 = SURFACE_SIDE_STYLE ('',( #11905 ) ) ;
#11905 = SURFACE_STYLE_FILL_AREA ( #11906 ) ;
#11906 = FILL_AREA_STYLE ('',( #12021 ) ) ;
#11907 = COLOUR_RGB ( '',0.2509803921568627400, 0.2509803921568627400, 0.2509803921568627400 ) ;
#11908 = DIRECTION ( 'NONE',  ( 2.465190328815662400E-032, 1.483603526480291100E-031, -1.000000000000000000 ) ) ;
#11909 =( LENGTH_UNIT ( ) NAMED_UNIT ( * ) SI_UNIT ( .MILLI., .METRE. ) );
#11910 = MECHANICAL_DESIGN_GEOMETRIC_PRESENTATION_REPRESENTATION (  '', ( #11901 ), #11894 ) ;
#11911 = PRESENTATION_LAYER_ASSIGNMENT (  '', '', ( #11901 ) ) ;
#11912 = DIRECTION ( 'NONE',  ( 0.0000000000000000000, -0.09053574604251793400, 0.9958932064677038500 ) ) ;
#11913 = VECTOR ( 'NONE', #11912, 1000.000000000000100 ) ;
#11914 = CARTESIAN_POINT ( 'NONE',  ( -4.249999999999996400, -9.899999999999995000, -3.000000000000002700 ) ) ;
#11915 = LINE ( 'NONE', #11914, #11913 ) ;
#11916 = FILL_AREA_STYLE_COLOUR ( '', #12066 ) ;
#11917 = DIRECTION ( 'NONE',  ( 0.0000000000000000000, -0.09053574604251793400, 0.9958932064677038500 ) ) ;
#11918 = VECTOR ( 'NONE', #11917, 1000.000000000000100 ) ;
#11919 = CARTESIAN_POINT ( 'NONE',  ( -3.649999999999993700, -9.899999999999995000, -3.000000000000002700 ) ) ;
#11920 = DIRECTION ( 'NONE',  ( 2.465190328815662400E-032, 1.483603526480291100E-031, -1.000000000000000000 ) ) ;
#11921 = DIRECTION ( 'NONE',  ( 1.000000000000000000, -9.860761315262647600E-032, 2.465190328815662400E-032 ) ) ;
#11922 = CARTESIAN_POINT ( 'NONE',  ( 4.250000000000003600, 9.599999999999996100, -2.999999999999999100 ) ) ;
#11923 = AXIS2_PLACEMENT_3D ( 'NONE', #11922, #11921, #11920 ) ;
#11924 = PLANE ( 'NONE',  #11923 ) ;
#11925 =( GEOMETRIC_REPRESENTATION_CONTEXT ( 3 ) GLOBAL_UNCERTAINTY_ASSIGNED_CONTEXT ( ( #12006 ) ) GLOBAL_UNIT_ASSIGNED_CONTEXT ( ( #12009, #12008, #12007 ) ) REPRESENTATION_CONTEXT ( 'NONE', 'WORKASPACE' ) );
#11926 =( GEOMETRIC_REPRESENTATION_CONTEXT ( 3 ) GLOBAL_UNCERTAINTY_ASSIGNED_CONTEXT ( ( #11892 ) ) GLOBAL_UNIT_ASSIGNED_CONTEXT ( ( #11744, #11743, #11742 ) ) REPRESENTATION_CONTEXT ( 'NONE', 'WORKASPACE' ) );
#11927 = UNCERTAINTY_MEASURE_WITH_UNIT (LENGTH_MEASURE( 1.000000000000000100E-005 ), #11909, 'distance_accuracy_value', 'NONE');
#11928 =( NAMED_UNIT ( * ) SI_UNIT ( $, .STERADIAN. ) SOLID_ANGLE_UNIT ( ) );
#11929 =( NAMED_UNIT ( * ) PLANE_ANGLE_UNIT ( ) SI_UNIT ( $, .RADIAN. ) );
#11930 = LINE ( 'NONE', #11919, #11918 ) ;
#11931 = DIRECTION ( 'NONE',  ( 4.930380657631324900E-032, -0.09053574604251794800, -0.9958932064677039600 ) ) ;
#11932 = DIRECTION ( 'NONE',  ( 6.842277657836020900E-049, -0.9958932064677039600, 0.09053574604251794800 ) ) ;
#11933 = CARTESIAN_POINT ( 'NONE',  ( 4.250000000000010700, 9.899999999999995000, -2.999999999999999100 ) ) ;
#11934 = AXIS2_PLACEMENT_3D ( 'NONE', #11933, #11932, #11931 ) ;
#11935 = UNCERTAINTY_MEASURE_WITH_UNIT (LENGTH_MEASURE( 1.000000000000000100E-005 ), #11938, 'distance_accuracy_value', 'NONE');
#11936 =( NAMED_UNIT ( * ) SI_UNIT ( $, .STERADIAN. ) SOLID_ANGLE_UNIT ( ) );
#11937 =( NAMED_UNIT ( * ) PLANE_ANGLE_UNIT ( ) SI_UNIT ( $, .RADIAN. ) );
#11938 =( LENGTH_UNIT ( ) NAMED_UNIT ( * ) SI_UNIT ( .MILLI., .METRE. ) );
#11939 = MECHANICAL_DESIGN_GEOMETRIC_PRESENTATION_REPRESENTATION (  '', ( #11941 ), #12005 ) ;
#11940 = PRESENTATION_LAYER_ASSIGNMENT (  '', '', ( #11941 ) ) ;
#11941 = STYLED_ITEM ( 'NONE', ( #11942 ), #2726 ) ;
#11942 = PRESENTATION_STYLE_ASSIGNMENT (( #11943 ) ) ;
#11943 = SURFACE_STYLE_USAGE ( .BOTH. , #11944 ) ;
#11944 = SURFACE_SIDE_STYLE ('',( #11945 ) ) ;
#11945 = SURFACE_STYLE_FILL_AREA ( #11958 ) ;
#11946 = COLOUR_RGB ( '',0.2509803921568627400, 0.2509803921568627400, 0.2509803921568627400 ) ;
#11947 = PLANE ( 'NONE',  #12051 ) ;
#11948 =( GEOMETRIC_REPRESENTATION_CONTEXT ( 3 ) GLOBAL_UNCERTAINTY_ASSIGNED_CONTEXT ( ( #11949 ) ) GLOBAL_UNIT_ASSIGNED_CONTEXT ( ( #11952, #11951, #11950 ) ) REPRESENTATION_CONTEXT ( 'NONE', 'WORKASPACE' ) );
#11949 = UNCERTAINTY_MEASURE_WITH_UNIT (LENGTH_MEASURE( 1.000000000000000100E-005 ), #11952, 'distance_accuracy_value', 'NONE');
#11950 =( NAMED_UNIT ( * ) SI_UNIT ( $, .STERADIAN. ) SOLID_ANGLE_UNIT ( ) );
#11951 =( NAMED_UNIT ( * ) PLANE_ANGLE_UNIT ( ) SI_UNIT ( $, .RADIAN. ) );
#11952 =( LENGTH_UNIT ( ) NAMED_UNIT ( * ) SI_UNIT ( .MILLI., .METRE. ) );
#11953 = MECHANICAL_DESIGN_GEOMETRIC_PRESENTATION_REPRESENTATION (  '', ( #11955 ), #11948 ) ;
#11954 = PRESENTATION_LAYER_ASSIGNMENT (  '', '', ( #11955 ) ) ;
#11955 = STYLED_ITEM ( 'NONE', ( #11956 ), #2732 ) ;
#11956 = PRESENTATION_STYLE_ASSIGNMENT (( #11957 ) ) ;
#11957 = SURFACE_STYLE_USAGE ( .BOTH. , #11991 ) ;
#11958 = FILL_AREA_STYLE ('',( #11963 ) ) ;
#11959 = DIRECTION ( 'NONE',  ( -0.1643989873053582100, -1.232595164407831200E-031, 0.9863939238321436400 ) ) ;
#11960 = DIRECTION ( 'NONE',  ( -0.9863939238321436400, 9.860761315262649800E-032, -0.1643989873053582100 ) ) ;
#11961 = CARTESIAN_POINT ( 'NONE',  ( -13.49999999999999100, -3.799999999999998000, -2.999999999999999100 ) ) ;
#11962 = AXIS2_PLACEMENT_3D ( 'NONE', #11961, #11960, #11959 ) ;
#11963 = FILL_AREA_STYLE_COLOUR ( '', #11946 ) ;
#11964 = FACE_OUTER_BOUND ( 'NONE', #2727, .T. ) ;
#11965 = PLANE ( 'NONE',  #11962 ) ;
#11966 =( GEOMETRIC_REPRESENTATION_CONTEXT ( 3 ) GLOBAL_UNCERTAINTY_ASSIGNED_CONTEXT ( ( #11968 ) ) GLOBAL_UNIT_ASSIGNED_CONTEXT ( ( #11971, #11970, #11969 ) ) REPRESENTATION_CONTEXT ( 'NONE', 'WORKASPACE' ) );
#11967 = PLANE ( 'NONE',  #12019 ) ;
#11968 = UNCERTAINTY_MEASURE_WITH_UNIT (LENGTH_MEASURE( 1.000000000000000100E-005 ), #11971, 'distance_accuracy_value', 'NONE');
#11969 =( NAMED_UNIT ( * ) SI_UNIT ( $, .STERADIAN. ) SOLID_ANGLE_UNIT ( ) );
#11970 =( NAMED_UNIT ( * ) PLANE_ANGLE_UNIT ( ) SI_UNIT ( $, .RADIAN. ) );
#11971 =( LENGTH_UNIT ( ) NAMED_UNIT ( * ) SI_UNIT ( .MILLI., .METRE. ) );
#11972 = MECHANICAL_DESIGN_GEOMETRIC_PRESENTATION_REPRESENTATION (  '', ( #11974 ), #11966 ) ;
#11973 = PRESENTATION_LAYER_ASSIGNMENT (  '', '', ( #11974 ) ) ;
#11974 = STYLED_ITEM ( 'NONE', ( #11975 ), #2724 ) ;
#11975 = PRESENTATION_STYLE_ASSIGNMENT (( #11976 ) ) ;
#11976 = SURFACE_STYLE_USAGE ( .BOTH. , #11977 ) ;
#11977 = SURFACE_SIDE_STYLE ('',( #11978 ) ) ;
#11978 = SURFACE_STYLE_FILL_AREA ( #11985 ) ;
#11979 = COLOUR_RGB ( '',0.2509803921568627400, 0.2509803921568627400, 0.2509803921568627400 ) ;
#11980 = FACE_OUTER_BOUND ( 'NONE', #2725, .T. ) ;
#11981 = DIRECTION ( 'NONE',  ( 1.000000000000000000, -9.860761315262647600E-032, -2.465190328815661900E-032 ) ) ;
#11982 = DIRECTION ( 'NONE',  ( 2.465190328815661900E-032, -1.483603526480291100E-031, 1.000000000000000000 ) ) ;
#11983 = CARTESIAN_POINT ( 'NONE',  ( -13.00000000000000500, 3.799999999999996300, -4.800000000000000700 ) ) ;
#11984 = AXIS2_PLACEMENT_3D ( 'NONE', #11983, #11982, #11981 ) ;
#11985 = FILL_AREA_STYLE ('',( #11986 ) ) ;
#11986 = FILL_AREA_STYLE_COLOUR ( '', #11979 ) ;
#11987 = PLANE ( 'NONE',  #11984 ) ;
#11988 =( GEOMETRIC_REPRESENTATION_CONTEXT ( 3 ) GLOBAL_UNCERTAINTY_ASSIGNED_CONTEXT ( ( #11989 ) ) GLOBAL_UNIT_ASSIGNED_CONTEXT ( ( #12024, #12023, #12022 ) ) REPRESENTATION_CONTEXT ( 'NONE', 'WORKASPACE' ) );
#11989 = UNCERTAINTY_MEASURE_WITH_UNIT (LENGTH_MEASURE( 1.000000000000000100E-005 ), #12024, 'distance_accuracy_value', 'NONE');
#11990 = FACE_OUTER_BOUND ( 'NONE', #2733, .T. ) ;
#11991 = SURFACE_SIDE_STYLE ('',( #11992 ) ) ;
#11992 = SURFACE_STYLE_FILL_AREA ( #11993 ) ;
#11993 = FILL_AREA_STYLE ('',( #11998 ) ) ;
#11994 = COLOUR_RGB ( '',0.2509803921568627400, 0.2509803921568627400, 0.2509803921568627400 ) ;
#11995 = DIRECTION ( 'NONE',  ( 1.000000000000000000, -9.860761315262647600E-032, -2.465190328815661900E-032 ) ) ;
#11996 = VECTOR ( 'NONE', #11995, 1000.000000000000000 ) ;
#11997 = CARTESIAN_POINT ( 'NONE',  ( 13.00000000000000500, 3.799999999999998000, -4.799999999999997200 ) ) ;
#11998 = FILL_AREA_STYLE_COLOUR ( '', #11994 ) ;
#11999 = DIRECTION ( 'NONE',  ( 0.1643989873053582100, 1.232595164407831200E-031, -0.9863939238321436400 ) ) ;
#12000 = DIRECTION ( 'NONE',  ( 0.9863939238321436400, -9.860761315262649800E-032, 0.1643989873053582100 ) ) ;
#12001 = CARTESIAN_POINT ( 'NONE',  ( -13.50000000000000500, 3.799999999999998000, -2.999999999999999100 ) ) ;
#12002 = AXIS2_PLACEMENT_3D ( 'NONE', #12001, #12000, #11999 ) ;
#12003 = LINE ( 'NONE', #11997, #11996 ) ;
#12004 = PLANE ( 'NONE',  #12002 ) ;
#12005 =( GEOMETRIC_REPRESENTATION_CONTEXT ( 3 ) GLOBAL_UNCERTAINTY_ASSIGNED_CONTEXT ( ( #11935 ) ) GLOBAL_UNIT_ASSIGNED_CONTEXT ( ( #11938, #11937, #11936 ) ) REPRESENTATION_CONTEXT ( 'NONE', 'WORKASPACE' ) );
#12006 = UNCERTAINTY_MEASURE_WITH_UNIT (LENGTH_MEASURE( 1.000000000000000100E-005 ), #12009, 'distance_accuracy_value', 'NONE');
#12007 =( NAMED_UNIT ( * ) SI_UNIT ( $, .STERADIAN. ) SOLID_ANGLE_UNIT ( ) );
#12008 =( NAMED_UNIT ( * ) PLANE_ANGLE_UNIT ( ) SI_UNIT ( $, .RADIAN. ) );
#12009 =( LENGTH_UNIT ( ) NAMED_UNIT ( * ) SI_UNIT ( .MILLI., .METRE. ) );
#12010 = MECHANICAL_DESIGN_GEOMETRIC_PRESENTATION_REPRESENTATION (  '', ( #12012 ), #11925 ) ;
#12011 = PRESENTATION_LAYER_ASSIGNMENT (  '', '', ( #12012 ) ) ;
#12012 = STYLED_ITEM ( 'NONE', ( #12013 ), #2736 ) ;
#12013 = PRESENTATION_STYLE_ASSIGNMENT (( #12014 ) ) ;
#12014 = SURFACE_STYLE_USAGE ( .BOTH. , #12015 ) ;
#12015 = SURFACE_SIDE_STYLE ('',( #12016 ) ) ;
#12016 = SURFACE_STYLE_FILL_AREA ( #12040 ) ;
#12017 = DIRECTION ( 'NONE',  ( 1.000000000000000000, -9.860761315262647600E-032, 2.465190328815662400E-032 ) ) ;
#12018 = CARTESIAN_POINT ( 'NONE',  ( 3.650000000000000400, 9.599999999999994300, -2.999999999999999100 ) ) ;
#12019 = AXIS2_PLACEMENT_3D ( 'NONE', #12018, #12017, #11908 ) ;
#12020 = FACE_OUTER_BOUND ( 'NONE', #2693, .T. ) ;
#12021 = FILL_AREA_STYLE_COLOUR ( '', #11907 ) ;
#12022 =( NAMED_UNIT ( * ) SI_UNIT ( $, .STERADIAN. ) SOLID_ANGLE_UNIT ( ) );
#12023 =( NAMED_UNIT ( * ) PLANE_ANGLE_UNIT ( ) SI_UNIT ( $, .RADIAN. ) );
#12024 =( LENGTH_UNIT ( ) NAMED_UNIT ( * ) SI_UNIT ( .MILLI., .METRE. ) );
#12025 = MECHANICAL_DESIGN_GEOMETRIC_PRESENTATION_REPRESENTATION (  '', ( #12027 ), #11988 ) ;
#12026 = PRESENTATION_LAYER_ASSIGNMENT (  '', '', ( #12027 ) ) ;
#12027 = STYLED_ITEM ( 'NONE', ( #12028 ), #2722 ) ;
#12028 = PRESENTATION_STYLE_ASSIGNMENT (( #12029 ) ) ;
#12029 = SURFACE_STYLE_USAGE ( .BOTH. , #12030 ) ;
#12030 = SURFACE_SIDE_STYLE ('',( #12031 ) ) ;
#12031 = SURFACE_STYLE_FILL_AREA ( #12032 ) ;
#12032 = FILL_AREA_STYLE ('',( #12039 ) ) ;
#12033 = COLOUR_RGB ( '',0.2509803921568627400, 0.2509803921568627400, 0.2509803921568627400 ) ;
#12034 = DIRECTION ( 'NONE',  ( 1.000000000000000000, -3.657365065276025500E-063, 2.465190328815662400E-032 ) ) ;
#12035 = DIRECTION ( 'NONE',  ( -2.465190328815662400E-032, -1.483603526480291300E-031, 1.000000000000000000 ) ) ;
#12036 = CARTESIAN_POINT ( 'NONE',  ( -14.49999999999999300, -11.00000000000000000, -0.5000000000000004400 ) ) ;
#12037 = AXIS2_PLACEMENT_3D ( 'NONE', #12036, #12035, #12034 ) ;
#12038 = FACE_OUTER_BOUND ( 'NONE', #2776, .T. ) ;
#12039 = FILL_AREA_STYLE_COLOUR ( '', #12033 ) ;
#12040 = FILL_AREA_STYLE ('',( #12047 ) ) ;
#12041 = COLOUR_RGB ( '',0.2509803921568627400, 0.2509803921568627400, 0.2509803921568627400 ) ;
#12042 = FACE_OUTER_BOUND ( 'NONE', #2737, .T. ) ;
#12043 = DIRECTION ( 'NONE',  ( -4.930380657631324900E-032, 0.09053574604251793400, 0.9958932064677038500 ) ) ;
#12044 = VECTOR ( 'NONE', #12043, 1000.000000000000100 ) ;
#12045 = CARTESIAN_POINT ( 'NONE',  ( 4.250000000000010700, 9.899999999999995000, -2.999999999999999100 ) ) ;
#12046 = LINE ( 'NONE', #12045, #12044 ) ;
#12047 = FILL_AREA_STYLE_COLOUR ( '', #12041 ) ;
#12048 = DIRECTION ( 'NONE',  ( -1.000000000000000000, 9.860761315262647600E-032, 2.465190328815661900E-032 ) ) ;
#12049 = DIRECTION ( 'NONE',  ( -2.465190328815661900E-032, 1.483603526480291100E-031, -1.000000000000000000 ) ) ;
#12050 = CARTESIAN_POINT ( 'NONE',  ( 13.00000000000000500, 3.799999999999998000, -4.799999999999997200 ) ) ;
#12051 = AXIS2_PLACEMENT_3D ( 'NONE', #12050, #12049, #12048 ) ;
#12052 = CYLINDRICAL_SURFACE ( 'NONE', #12080, 0.5000000000000000000 ) ;
#12053 =( GEOMETRIC_REPRESENTATION_CONTEXT ( 3 ) GLOBAL_UNCERTAINTY_ASSIGNED_CONTEXT ( ( #12054 ) ) GLOBAL_UNIT_ASSIGNED_CONTEXT ( ( #12057, #12056, #12055 ) ) REPRESENTATION_CONTEXT ( 'NONE', 'WORKASPACE' ) );
#12054 = UNCERTAINTY_MEASURE_WITH_UNIT (LENGTH_MEASURE( 1.000000000000000100E-005 ), #12057, 'distance_accuracy_value', 'NONE');
#12055 =( NAMED_UNIT ( * ) SI_UNIT ( $, .STERADIAN. ) SOLID_ANGLE_UNIT ( ) );
#12056 =( NAMED_UNIT ( * ) PLANE_ANGLE_UNIT ( ) SI_UNIT ( $, .RADIAN. ) );
#12057 =( LENGTH_UNIT ( ) NAMED_UNIT ( * ) SI_UNIT ( .MILLI., .METRE. ) );
#12058 = MECHANICAL_DESIGN_GEOMETRIC_PRESENTATION_REPRESENTATION (  '', ( #12060 ), #12053 ) ;
#12059 = PRESENTATION_LAYER_ASSIGNMENT (  '', '', ( #12060 ) ) ;
#12060 = STYLED_ITEM ( 'NONE', ( #12061 ), #2716 ) ;
#12061 = PRESENTATION_STYLE_ASSIGNMENT (( #12062 ) ) ;
#12062 = SURFACE_STYLE_USAGE ( .BOTH. , #12063 ) ;
#12063 = SURFACE_SIDE_STYLE ('',( #12064 ) ) ;
#12064 = SURFACE_STYLE_FILL_AREA ( #12065 ) ;
#12065 = FILL_AREA_STYLE ('',( #11916 ) ) ;
#12066 = COLOUR_RGB ( '',0.2509803921568627400, 0.2509803921568627400, 0.2509803921568627400 ) ;
#12067 = FACE_OUTER_BOUND ( 'NONE', #2717, .T. ) ;
#12068 = MECHANICAL_DESIGN_GEOMETRIC_PRESENTATION_REPRESENTATION (  '', ( #12070 ), #11896 ) ;
#12069 = PRESENTATION_LAYER_ASSIGNMENT (  '', '', ( #12070 ) ) ;
#12070 = STYLED_ITEM ( 'NONE', ( #12071 ), #2720 ) ;
#12071 = PRESENTATION_STYLE_ASSIGNMENT (( #12072 ) ) ;
#12072 = SURFACE_STYLE_USAGE ( .BOTH. , #12073 ) ;
#12073 = SURFACE_SIDE_STYLE ('',( #12074 ) ) ;
#12074 = SURFACE_STYLE_FILL_AREA ( #12075 ) ;
#12075 = FILL_AREA_STYLE ('',( #12082 ) ) ;
#12076 = COLOUR_RGB ( '',0.2509803921568627400, 0.2509803921568627400, 0.2509803921568627400 ) ;
#12077 = DIRECTION ( 'NONE',  ( 0.0000000000000000000, 0.0000000000000000000, -1.000000000000000000 ) ) ;
#12078 = DIRECTION ( 'NONE',  ( 1.000000000000000000, -9.860761315262647600E-032, -2.465190328815661900E-032 ) ) ;
#12079 = CARTESIAN_POINT ( 'NONE',  ( -14.49999999999999300, -11.50000000000000000, -0.5000000000000004400 ) ) ;
#12080 = AXIS2_PLACEMENT_3D ( 'NONE', #12079, #12078, #12077 ) ;
#12081 = FACE_OUTER_BOUND ( 'NONE', #2721, .T. ) ;
#12082 = FILL_AREA_STYLE_COLOUR ( '', #12076 ) ;
#12083 =( NAMED_UNIT ( * ) SI_UNIT ( $, .STERADIAN. ) SOLID_ANGLE_UNIT ( ) );
#12084 = DIRECTION ( 'NONE',  ( -4.930380657631324900E-032, 0.09053574604251793400, 0.9958932064677038500 ) ) ;
#12085 = STYLED_ITEM ( 'NONE', ( #12142 ), #2748 ) ;
#12086 = SURFACE_SIDE_STYLE ('',( #12096 ) ) ;
#12087 = FACE_OUTER_BOUND ( 'NONE', #2784, .T. ) ;
#12088 = DIRECTION ( 'NONE',  ( -1.000000000000000000, 9.860761315262647600E-032, 2.465190328815661900E-032 ) ) ;
#12089 = VECTOR ( 'NONE', #12088, 1000.000000000000000 ) ;
#12090 = CARTESIAN_POINT ( 'NONE',  ( -13.00000000000000500, 3.799999999999996300, -4.800000000000000700 ) ) ;
#12091 = LINE ( 'NONE', #12090, #12089 ) ;
#12092 = FILL_AREA_STYLE_COLOUR ( '', #12126 ) ;
#12093 = DIRECTION ( 'NONE',  ( -2.465190328815662400E-032, -1.483603526480291100E-031, 1.000000000000000000 ) ) ;
#12094 = DIRECTION ( 'NONE',  ( 9.860761315262649800E-032, -1.000000000000000000, -1.483603526480291100E-031 ) ) ;
#12095 =( NAMED_UNIT ( * ) PLANE_ANGLE_UNIT ( ) SI_UNIT ( $, .RADIAN. ) );
#12096 = SURFACE_STYLE_FILL_AREA ( #12100 ) ;
#12097 =( NAMED_UNIT ( * ) SI_UNIT ( $, .STERADIAN. ) SOLID_ANGLE_UNIT ( ) );
#12098 =( NAMED_UNIT ( * ) PLANE_ANGLE_UNIT ( ) SI_UNIT ( $, .RADIAN. ) );
#12099 =( LENGTH_UNIT ( ) NAMED_UNIT ( * ) SI_UNIT ( .MILLI., .METRE. ) );
#12100 = FILL_AREA_STYLE ('',( #12144 ) ) ;
#12101 = CARTESIAN_POINT ( 'NONE',  ( -12.99999999999999100, -3.199999999999998000, -4.799999999999998900 ) ) ;
#12102 = AXIS2_PLACEMENT_3D ( 'NONE', #12101, #12094, #12093 ) ;
#12103 = PLANE ( 'NONE',  #12102 ) ;
#12104 =( GEOMETRIC_REPRESENTATION_CONTEXT ( 3 ) GLOBAL_UNCERTAINTY_ASSIGNED_CONTEXT ( ( #12148 ) ) GLOBAL_UNIT_ASSIGNED_CONTEXT ( ( #12154, #12131, #12130 ) ) REPRESENTATION_CONTEXT ( 'NONE', 'WORKASPACE' ) );
#12105 = FILL_AREA_STYLE_COLOUR ( '', #12162 ) ;
#12106 = FACE_OUTER_BOUND ( 'NONE', #2756, .T. ) ;
#12107 = DIRECTION ( 'NONE',  ( -0.1643989873053581800, -9.860761315262649800E-032, 0.9863939238321435300 ) ) ;
#12108 = VECTOR ( 'NONE', #12107, 1000.000000000000100 ) ;
#12109 = CARTESIAN_POINT ( 'NONE',  ( -13.50000000000000500, 3.199999999999998000, -2.999999999999999100 ) ) ;
#12110 = LINE ( 'NONE', #12109, #12108 ) ;
#12111 = FILL_AREA_STYLE ('',( #12105 ) ) ;
#12112 =( GEOMETRIC_REPRESENTATION_CONTEXT ( 3 ) GLOBAL_UNCERTAINTY_ASSIGNED_CONTEXT ( ( #12113 ) ) GLOBAL_UNIT_ASSIGNED_CONTEXT ( ( #12116, #12115, #12114 ) ) REPRESENTATION_CONTEXT ( 'NONE', 'WORKASPACE' ) );
#12113 = UNCERTAINTY_MEASURE_WITH_UNIT (LENGTH_MEASURE( 1.000000000000000100E-005 ), #12116, 'distance_accuracy_value', 'NONE');
#12114 =( NAMED_UNIT ( * ) SI_UNIT ( $, .STERADIAN. ) SOLID_ANGLE_UNIT ( ) );
#12115 =( NAMED_UNIT ( * ) PLANE_ANGLE_UNIT ( ) SI_UNIT ( $, .RADIAN. ) );
#12116 =( LENGTH_UNIT ( ) NAMED_UNIT ( * ) SI_UNIT ( .MILLI., .METRE. ) );
#12117 = FACE_OUTER_BOUND ( 'NONE', #2749, .T. ) ;
#12118 = MECHANICAL_DESIGN_GEOMETRIC_PRESENTATION_REPRESENTATION (  '', ( #12120 ), #12188 ) ;
#12119 = PRESENTATION_LAYER_ASSIGNMENT (  '', '', ( #12120 ) ) ;
#12120 = STYLED_ITEM ( 'NONE', ( #12121 ), #2760 ) ;
#12121 = PRESENTATION_STYLE_ASSIGNMENT (( #12122 ) ) ;
#12122 = SURFACE_STYLE_USAGE ( .BOTH. , #12123 ) ;
#12123 = SURFACE_SIDE_STYLE ('',( #12124 ) ) ;
#12124 = SURFACE_STYLE_FILL_AREA ( #12125 ) ;
#12125 = FILL_AREA_STYLE ('',( #12092 ) ) ;
#12126 = COLOUR_RGB ( '',0.2509803921568627400, 0.2509803921568627400, 0.2509803921568627400 ) ;
#12127 = PLANE ( 'NONE',  #12150 ) ;
#12128 =( GEOMETRIC_REPRESENTATION_CONTEXT ( 3 ) GLOBAL_UNCERTAINTY_ASSIGNED_CONTEXT ( ( #12164 ) ) GLOBAL_UNIT_ASSIGNED_CONTEXT ( ( #12146, #12095, #12083 ) ) REPRESENTATION_CONTEXT ( 'NONE', 'WORKASPACE' ) );
#12129 = COLOUR_RGB ( '',0.2509803921568627400, 0.2509803921568627400, 0.2509803921568627400 ) ;
#12130 =( NAMED_UNIT ( * ) SI_UNIT ( $, .STERADIAN. ) SOLID_ANGLE_UNIT ( ) );
#12131 =( NAMED_UNIT ( * ) PLANE_ANGLE_UNIT ( ) SI_UNIT ( $, .RADIAN. ) );
#12132 = MECHANICAL_DESIGN_GEOMETRIC_PRESENTATION_REPRESENTATION (  '', ( #12134 ), #12112 ) ;
#12133 = PRESENTATION_LAYER_ASSIGNMENT (  '', '', ( #12134 ) ) ;
#12134 = STYLED_ITEM ( 'NONE', ( #12135 ), #2764 ) ;
#12135 = PRESENTATION_STYLE_ASSIGNMENT (( #12136 ) ) ;
#12136 = SURFACE_STYLE_USAGE ( .BOTH. , #12137 ) ;
#12137 = SURFACE_SIDE_STYLE ('',( #12138 ) ) ;
#12138 = SURFACE_STYLE_FILL_AREA ( #12185 ) ;
#12139 = COLOUR_RGB ( '',0.2509803921568627400, 0.2509803921568627400, 0.2509803921568627400 ) ;
#12140 = FACE_OUTER_BOUND ( 'NONE', #2765, .T. ) ;
#12141 = DIRECTION ( 'NONE',  ( -2.465190328815662400E-032, -1.483603526480291100E-031, 1.000000000000000000 ) ) ;
#12142 = PRESENTATION_STYLE_ASSIGNMENT (( #12143 ) ) ;
#12143 = SURFACE_STYLE_USAGE ( .BOTH. , #12086 ) ;
#12144 = FILL_AREA_STYLE_COLOUR ( '', #12129 ) ;
#12145 = UNCERTAINTY_MEASURE_WITH_UNIT (LENGTH_MEASURE( 1.000000000000000100E-005 ), #12099, 'distance_accuracy_value', 'NONE');
#12146 =( LENGTH_UNIT ( ) NAMED_UNIT ( * ) SI_UNIT ( .MILLI., .METRE. ) );
#12147 = LINE ( 'NONE', #12163, #12153 ) ;
#12148 = UNCERTAINTY_MEASURE_WITH_UNIT (LENGTH_MEASURE( 1.000000000000000100E-005 ), #12154, 'distance_accuracy_value', 'NONE');
#12149 = CARTESIAN_POINT ( 'NONE',  ( -12.99999999999999100, -3.799999999999998000, -4.799999999999998900 ) ) ;
#12150 = AXIS2_PLACEMENT_3D ( 'NONE', #12149, #12181, #12180 ) ;
#12151 = PRESENTATION_LAYER_ASSIGNMENT (  '', '', ( #12085 ) ) ;
#12152 = MECHANICAL_DESIGN_GEOMETRIC_PRESENTATION_REPRESENTATION (  '', ( #12085 ), #12128 ) ;
#12153 = VECTOR ( 'NONE', #12084, 1000.000000000000100 ) ;
#12154 =( LENGTH_UNIT ( ) NAMED_UNIT ( * ) SI_UNIT ( .MILLI., .METRE. ) );
#12155 = MECHANICAL_DESIGN_GEOMETRIC_PRESENTATION_REPRESENTATION (  '', ( #12157 ), #12104 ) ;
#12156 = PRESENTATION_LAYER_ASSIGNMENT (  '', '', ( #12157 ) ) ;
#12157 = STYLED_ITEM ( 'NONE', ( #12158 ), #2755 ) ;
#12158 = PRESENTATION_STYLE_ASSIGNMENT (( #12159 ) ) ;
#12159 = SURFACE_STYLE_USAGE ( .BOTH. , #12160 ) ;
#12160 = SURFACE_SIDE_STYLE ('',( #12161 ) ) ;
#12161 = SURFACE_STYLE_FILL_AREA ( #12111 ) ;
#12162 = COLOUR_RGB ( '',0.2509803921568627400, 0.2509803921568627400, 0.2509803921568627400 ) ;
#12163 = CARTESIAN_POINT ( 'NONE',  ( -3.649999999999993700, 9.899999999999995000, -2.999999999999999100 ) ) ;
#12164 = UNCERTAINTY_MEASURE_WITH_UNIT (LENGTH_MEASURE( 1.000000000000000100E-005 ), #12146, 'distance_accuracy_value', 'NONE');
#12165 =( GEOMETRIC_REPRESENTATION_CONTEXT ( 3 ) GLOBAL_UNCERTAINTY_ASSIGNED_CONTEXT ( ( #12166 ) ) GLOBAL_UNIT_ASSIGNED_CONTEXT ( ( #12169, #12168, #12167 ) ) REPRESENTATION_CONTEXT ( 'NONE', 'WORKASPACE' ) );
#12166 = UNCERTAINTY_MEASURE_WITH_UNIT (LENGTH_MEASURE( 1.000000000000000100E-005 ), #12169, 'distance_accuracy_value', 'NONE');
#12167 =( NAMED_UNIT ( * ) SI_UNIT ( $, .STERADIAN. ) SOLID_ANGLE_UNIT ( ) );
#12168 =( NAMED_UNIT ( * ) PLANE_ANGLE_UNIT ( ) SI_UNIT ( $, .RADIAN. ) );
#12169 =( LENGTH_UNIT ( ) NAMED_UNIT ( * ) SI_UNIT ( .MILLI., .METRE. ) );
#12170 = MECHANICAL_DESIGN_GEOMETRIC_PRESENTATION_REPRESENTATION (  '', ( #12172 ), #12165 ) ;
#12171 = PRESENTATION_LAYER_ASSIGNMENT (  '', '', ( #12172 ) ) ;
#12172 = STYLED_ITEM ( 'NONE', ( #12173 ), #2773 ) ;
#12173 = PRESENTATION_STYLE_ASSIGNMENT (( #12174 ) ) ;
#12174 = SURFACE_STYLE_USAGE ( .BOTH. , #12175 ) ;
#12175 = SURFACE_SIDE_STYLE ('',( #12189 ) ) ;
#12176 = DIRECTION ( 'NONE',  ( 9.860761315262649800E-032, -1.000000000000000000, 1.483603526480291300E-031 ) ) ;
#12177 = VECTOR ( 'NONE', #12176, 1000.000000000000000 ) ;
#12178 = CARTESIAN_POINT ( 'NONE',  ( -13.19999999999999600, 3.799999999999996300, -4.799999999999998900 ) ) ;
#12179 = LINE ( 'NONE', #12178, #12177 ) ;
#12180 = DIRECTION ( 'NONE',  ( -2.465190328815662400E-032, -1.483603526480291100E-031, 1.000000000000000000 ) ) ;
#12181 = DIRECTION ( 'NONE',  ( 9.860761315262649800E-032, -1.000000000000000000, -1.483603526480291100E-031 ) ) ;
#12182 = DIRECTION ( 'NONE',  ( -9.860761315262649800E-032, 1.000000000000000000, 1.483603526480291100E-031 ) ) ;
#12183 = CARTESIAN_POINT ( 'NONE',  ( -13.00000000000000500, 3.199999999999996200, -4.800000000000000700 ) ) ;
#12184 = AXIS2_PLACEMENT_3D ( 'NONE', #12183, #12182, #12141 ) ;
#12185 = FILL_AREA_STYLE ('',( #12186 ) ) ;
#12186 = FILL_AREA_STYLE_COLOUR ( '', #12139 ) ;
#12187 = PLANE ( 'NONE',  #12184 ) ;
#12188 =( GEOMETRIC_REPRESENTATION_CONTEXT ( 3 ) GLOBAL_UNCERTAINTY_ASSIGNED_CONTEXT ( ( #12145 ) ) GLOBAL_UNIT_ASSIGNED_CONTEXT ( ( #12099, #12098, #12097 ) ) REPRESENTATION_CONTEXT ( 'NONE', 'WORKASPACE' ) );
#12189 = SURFACE_STYLE_FILL_AREA ( #12190 ) ;
#12190 = FILL_AREA_STYLE ('',( #12196 ) ) ;
#12191 = COLOUR_RGB ( '',0.2509803921568627400, 0.2509803921568627400, 0.2509803921568627400 ) ;
#12192 = FACE_OUTER_BOUND ( 'NONE', #2774, .T. ) ;
#12193 = DIRECTION ( 'NONE',  ( -4.930380657631324900E-032, 0.09053574604251793400, 0.9958932064677038500 ) ) ;
#12194 = VECTOR ( 'NONE', #12193, 1000.000000000000100 ) ;
#12195 = CARTESIAN_POINT ( 'NONE',  ( -4.249999999999996400, 9.899999999999995000, -3.000000000000002700 ) ) ;
#12196 = FILL_AREA_STYLE_COLOUR ( '', #12191 ) ;
#12197 = DIRECTION ( 'NONE',  ( 0.0000000000000000000, 0.09053574604251794800, -0.9958932064677039600 ) ) ;
#12198 = DIRECTION ( 'NONE',  ( 9.860761315262649800E-032, -0.9958932064677039600, -0.09053574604251794800 ) ) ;
#12199 = CARTESIAN_POINT ( 'NONE',  ( 4.250000000000010700, -9.899999999999995000, -2.999999999999999100 ) ) ;
#12200 = AXIS2_PLACEMENT_3D ( 'NONE', #12199, #12198, #12197 ) ;
#12201 = LINE ( 'NONE', #12195, #12194 ) ;
#12202 = PLANE ( 'NONE',  #12200 ) ;
#12203 = CARTESIAN_POINT ( 'NONE',  ( 10.15000000000000600, -8.149999999999996800, -0.5000000000000004400 ) ) ;
#12204 = CARTESIAN_POINT ( 'NONE',  ( 10.14999999999999900, -8.149999999999996800, -16.69999999999998900 ) ) ;
#12205 = CARTESIAN_POINT ( 'NONE',  ( 10.14999999999999900, -6.149999999999995900, -0.5000000000000004400 ) ) ;
#12206 = CIRCLE ( 'NONE', #12207, 2.000000000000000000 ) ;
#12207 = AXIS2_PLACEMENT_3D ( 'NONE', #12205, #12216, #12215 ) ;
#12208 = LINE ( 'NONE', #12213, #12214 ) ;
#12209 = DIRECTION ( 'NONE',  ( -1.000000000000000000, -8.545435842250276100E-017, 0.0000000000000000000 ) ) ;
#12210 = CARTESIAN_POINT ( 'NONE',  ( 11.85710678118655200, 3.592893218813453200, -0.5000000000000004400 ) ) ;
#12211 = CARTESIAN_POINT ( 'NONE',  ( 11.85710678118655200, 3.592893218813451500, -16.69999999999999200 ) ) ;
#12212 =( NAMED_UNIT ( * ) SI_UNIT ( $, .STERADIAN. ) SOLID_ANGLE_UNIT ( ) );
#12213 = CARTESIAN_POINT ( 'NONE',  ( -10.14999999999998600, -8.150000000000000400, -16.69999999999999200 ) ) ;
#12214 = VECTOR ( 'NONE', #12209, 1000.000000000000000 ) ;
#12215 = DIRECTION ( 'NONE',  ( 1.000000000000000000, 0.0000000000000000000, 0.0000000000000000000 ) ) ;
#12216 = DIRECTION ( 'NONE',  ( -2.465190328815662400E-032, -1.483603526480291300E-031, 1.000000000000000000 ) ) ;
#12217 = PRESENTATION_STYLE_ASSIGNMENT (( #12225 ) ) ;
#12218 = FACE_OUTER_BOUND ( 'NONE', #4573, .T. ) ;
#12219 = STYLED_ITEM ( 'NONE', ( #12217 ), #4572 ) ;
#12220 = COLOUR_RGB ( '',0.2509803921568627400, 0.2509803921568627400, 0.2509803921568627400 ) ;
#12221 = FILL_AREA_STYLE ('',( #12227 ) ) ;
#12222 = SURFACE_SIDE_STYLE ('',( #12233 ) ) ;
#12223 = CIRCLE ( 'NONE', #12226, 0.9999999999999991100 ) ;
#12224 = DIRECTION ( 'NONE',  ( -2.465190328815662400E-032, -1.483603526480291300E-031, 1.000000000000000000 ) ) ;
#12225 = SURFACE_STYLE_USAGE ( .BOTH. , #12222 ) ;
#12226 = AXIS2_PLACEMENT_3D ( 'NONE', #12228, #12224, #12232 ) ;
#12227 = FILL_AREA_STYLE_COLOUR ( '', #12220 ) ;
#12228 = CARTESIAN_POINT ( 'NONE',  ( 6.885786437626953700, 7.149999999999996800, -0.4999999999999970000 ) ) ;
#12229 =( LENGTH_UNIT ( ) NAMED_UNIT ( * ) SI_UNIT ( .MILLI., .METRE. ) );
#12230 = MECHANICAL_DESIGN_GEOMETRIC_PRESENTATION_REPRESENTATION (  '', ( #12219 ), #12236 ) ;
#12231 = PRESENTATION_LAYER_ASSIGNMENT (  '', '', ( #12219 ) ) ;
#12232 = DIRECTION ( 'NONE',  ( 1.000000000000000000, 0.0000000000000000000, 0.0000000000000000000 ) ) ;
#12233 = SURFACE_STYLE_FILL_AREA ( #12221 ) ;
#12234 =( NAMED_UNIT ( * ) PLANE_ANGLE_UNIT ( ) SI_UNIT ( $, .RADIAN. ) );
#12235 = UNCERTAINTY_MEASURE_WITH_UNIT (LENGTH_MEASURE( 1.000000000000000100E-005 ), #12229, 'distance_accuracy_value', 'NONE');
#12236 =( GEOMETRIC_REPRESENTATION_CONTEXT ( 3 ) GLOBAL_UNCERTAINTY_ASSIGNED_CONTEXT ( ( #12235 ) ) GLOBAL_UNIT_ASSIGNED_CONTEXT ( ( #12229, #12234, #12212 ) ) REPRESENTATION_CONTEXT ( 'NONE', 'WORKASPACE' ) );
#12237 = DIRECTION ( 'NONE',  ( -1.000000000000000000, 2.891205793294679800E-015, 2.465190328815661900E-032 ) ) ;
#12238 = DIRECTION ( 'NONE',  ( 2.891205793294679800E-015, 1.000000000000000000, -1.452819054459802800E-031 ) ) ;
#12239 = CARTESIAN_POINT ( 'NONE',  ( 7.850000000000003200, -9.199999999999995700, -16.69999999999999200 ) ) ;
#12240 = PLANE ( 'NONE',  #12241 ) ;
#12241 = AXIS2_PLACEMENT_3D ( 'NONE', #12239, #12238, #12237 ) ;
#12242 =( NAMED_UNIT ( * ) PLANE_ANGLE_UNIT ( ) SI_UNIT ( $, .RADIAN. ) );
#12243 = DIRECTION ( 'NONE',  ( -1.182766006347820200E-015, 3.577544721098649300E-030, -1.000000000000000000 ) ) ;
#12244 = VECTOR ( 'NONE', #12243, 1000.000000000000000 ) ;
#12245 = CARTESIAN_POINT ( 'NONE',  ( 7.750000000000034600, -9.199999999999995700, -16.69999999999999200 ) ) ;
#12246 = LINE ( 'NONE', #12245, #12244 ) ;
#12247 = SURFACE_STYLE_USAGE ( .BOTH. , #12257 ) ;
#12248 = DIRECTION ( 'NONE',  ( 2.465190328815662400E-032, 1.483603526480291300E-031, -1.000000000000000000 ) ) ;
#12249 =( LENGTH_UNIT ( ) NAMED_UNIT ( * ) SI_UNIT ( .MILLI., .METRE. ) );
#12250 = STYLED_ITEM ( 'NONE', ( #12251 ), #4582 ) ;
#12251 = PRESENTATION_STYLE_ASSIGNMENT (( #12247 ) ) ;
#12252 = COLOUR_RGB ( '',0.2509803921568627400, 0.2509803921568627400, 0.2509803921568627400 ) ;
#12253 = VECTOR ( 'NONE', #12258, 1000.000000000000000 ) ;
#12254 = FILL_AREA_STYLE_COLOUR ( '', #12252 ) ;
#12255 = MECHANICAL_DESIGN_GEOMETRIC_PRESENTATION_REPRESENTATION (  '', ( #12250 ), #12267 ) ;
#12256 = PRESENTATION_LAYER_ASSIGNMENT (  '', '', ( #12250 ) ) ;
#12257 = SURFACE_SIDE_STYLE ('',( #12264 ) ) ;
#12258 = DIRECTION ( 'NONE',  ( 1.000000000000000000, -2.891205793294679800E-015, 1.210565445099129300E-014 ) ) ;
#12259 = LINE ( 'NONE', #12263, #12253 ) ;
#12260 = FILL_AREA_STYLE ('',( #12254 ) ) ;
#12261 = CARTESIAN_POINT ( 'NONE',  ( 7.750000000000041700, -9.199999999999995700, -10.65999999999996600 ) ) ;
#12262 = FACE_OUTER_BOUND ( 'NONE', #4616, .T. ) ;
#12263 = CARTESIAN_POINT ( 'NONE',  ( 7.849999999999926800, -9.199999999999999300, -10.65999999999996100 ) ) ;
#12264 = SURFACE_STYLE_FILL_AREA ( #12260 ) ;
#12265 =( NAMED_UNIT ( * ) SI_UNIT ( $, .STERADIAN. ) SOLID_ANGLE_UNIT ( ) );
#12266 = DIRECTION ( 'NONE',  ( -1.000000000000000000, 0.0000000000000000000, 0.0000000000000000000 ) ) ;
#12267 =( GEOMETRIC_REPRESENTATION_CONTEXT ( 3 ) GLOBAL_UNCERTAINTY_ASSIGNED_CONTEXT ( ( #12268 ) ) GLOBAL_UNIT_ASSIGNED_CONTEXT ( ( #12249, #12242, #12265 ) ) REPRESENTATION_CONTEXT ( 'NONE', 'WORKASPACE' ) );
#12268 = UNCERTAINTY_MEASURE_WITH_UNIT (LENGTH_MEASURE( 1.000000000000000100E-005 ), #12249, 'distance_accuracy_value', 'NONE');
#12269 = CARTESIAN_POINT ( 'NONE',  ( -11.15000000000000000, 2.885786437626901300, -16.69999999999999600 ) ) ;
#12270 = AXIS2_PLACEMENT_3D ( 'NONE', #12269, #12248, #12266 ) ;
#12271 = VECTOR ( 'NONE', #12272, 1000.000000000000000 ) ;
#12272 = DIRECTION ( 'NONE',  ( -2.465190328815663000E-032, -1.237084493598725400E-031, 1.000000000000000000 ) ) ;
#12273 = CARTESIAN_POINT ( 'NONE',  ( 7.249999999999999100, -9.600000000000001400, -16.69999999999999200 ) ) ;
#12274 = LINE ( 'NONE', #12273, #12271 ) ;
#12275 = DIRECTION ( 'NONE',  ( 1.000000000000000000, 0.0000000000000000000, 0.0000000000000000000 ) ) ;
#12276 = DIRECTION ( 'NONE',  ( -2.465190328815662400E-032, -1.483603526480291300E-031, 1.000000000000000000 ) ) ;
#12277 = CARTESIAN_POINT ( 'NONE',  ( -11.15000000000000000, 2.885786437626901300, -2.999999999999999100 ) ) ;
#12278 = CYLINDRICAL_SURFACE ( 'NONE', #12280, 0.9999999999999991100 ) ;
#12279 = CIRCLE ( 'NONE', #12270, 0.9999999999999991100 ) ;
#12280 = AXIS2_PLACEMENT_3D ( 'NONE', #12277, #12276, #12275 ) ;
#12281 =( GEOMETRIC_REPRESENTATION_CONTEXT ( 3 ) GLOBAL_UNCERTAINTY_ASSIGNED_CONTEXT ( ( #168 ) ) GLOBAL_UNIT_ASSIGNED_CONTEXT ( ( #166, #165, #169 ) ) REPRESENTATION_CONTEXT ( 'NONE', 'WORKASPACE' ) );
#12282 =( NAMED_UNIT ( * ) PLANE_ANGLE_UNIT ( ) SI_UNIT ( $, .RADIAN. ) );
#12283 = PRESENTATION_LAYER_ASSIGNMENT (  '', '', ( #12358 ) ) ;
#12284 = SURFACE_STYLE_USAGE ( .BOTH. , #12309 ) ;
#12285 = CARTESIAN_POINT ( 'NONE',  ( 13.20000000000000300, 3.799999999999998000, -4.799999999999997200 ) ) ;
#12286 = VECTOR ( 'NONE', #12310, 1000.000000000000100 ) ;
#12287 = DIRECTION ( 'NONE',  ( -0.1643989873053581800, -9.860761315262649800E-032, 0.9863939238321435300 ) ) ;
#12288 = VECTOR ( 'NONE', #12287, 1000.000000000000100 ) ;
#12289 = CARTESIAN_POINT ( 'NONE',  ( -13.50000000000000500, 3.799999999999998000, -2.999999999999999100 ) ) ;
#12290 = LINE ( 'NONE', #12289, #12288 ) ;
#12291 = CARTESIAN_POINT ( 'NONE',  ( -0.1499999999999965000, 0.8500000000000009800, -1.399999999999998600 ) ) ;
#12292 = PRESENTATION_LAYER_ASSIGNMENT (  '', '', ( #12293 ) ) ;
#12293 = STYLED_ITEM ( 'NONE', ( #12294 ), #2812 ) ;
#12294 = PRESENTATION_STYLE_ASSIGNMENT (( #12295 ) ) ;
#12295 = SURFACE_STYLE_USAGE ( .BOTH. , #12296 ) ;
#12296 = SURFACE_SIDE_STYLE ('',( #12297 ) ) ;
#12297 = SURFACE_STYLE_FILL_AREA ( #12298 ) ;
#12298 = FILL_AREA_STYLE ('',( #12347 ) ) ;
#12299 = COLOUR_RGB ( '',0.7529411764705882200, 0.7529411764705882200, 0.7529411764705882200 ) ;
#12300 = FACE_OUTER_BOUND ( 'NONE', #2813, .T. ) ;
#12301 =( NAMED_UNIT ( * ) PLANE_ANGLE_UNIT ( ) SI_UNIT ( $, .RADIAN. ) );
#12302 = DIRECTION ( 'NONE',  ( 1.000000000000000000, 0.0000000000000000000, -1.040834085586083800E-014 ) ) ;
#12303 = AXIS2_PLACEMENT_3D ( 'NONE', #12341, #12302, #12349 ) ;
#12304 = CIRCLE ( 'NONE', #12303, 0.5000000000000000000 ) ;
#12305 =( NAMED_UNIT ( * ) SI_UNIT ( $, .STERADIAN. ) SOLID_ANGLE_UNIT ( ) );
#12306 = FILL_AREA_STYLE_COLOUR ( '', #12329 ) ;
#12307 = PLANE ( 'NONE',  #12333 ) ;
#12308 = MECHANICAL_DESIGN_GEOMETRIC_PRESENTATION_REPRESENTATION (  '', ( #12358 ), #12359 ) ;
#12309 = SURFACE_SIDE_STYLE ('',( #12342 ) ) ;
#12310 = DIRECTION ( 'NONE',  ( 0.1643989873053581800, -1.725633230170963500E-031, 0.9863939238321435300 ) ) ;
#12311 = CARTESIAN_POINT ( 'NONE',  ( 13.50000000000000500, 3.799999999999996300, -2.999999999999999100 ) ) ;
#12312 = LINE ( 'NONE', #12311, #12286 ) ;
#12313 =( LENGTH_UNIT ( ) NAMED_UNIT ( * ) SI_UNIT ( .MILLI., .METRE. ) );
#12314 = MECHANICAL_DESIGN_GEOMETRIC_PRESENTATION_REPRESENTATION (  '', ( #12316 ), #12437 ) ;
#12315 = PRESENTATION_LAYER_ASSIGNMENT (  '', '', ( #12316 ) ) ;
#12316 = STYLED_ITEM ( 'NONE', ( #12317 ), #2824 ) ;
#12317 = PRESENTATION_STYLE_ASSIGNMENT (( #12318 ) ) ;
#12318 = SURFACE_STYLE_USAGE ( .BOTH. , #12319 ) ;
#12319 = SURFACE_SIDE_STYLE ('',( #12320 ) ) ;
#12320 = SURFACE_STYLE_FILL_AREA ( #12321 ) ;
#12321 = FILL_AREA_STYLE ('',( #12377 ) ) ;
#12322 = COLOUR_RGB ( '',0.2509803921568627400, 0.2509803921568627400, 0.2509803921568627400 ) ;
#12323 = PRESENTATION_STYLE_ASSIGNMENT (( #12284 ) ) ;
#12324 = DIRECTION ( 'NONE',  ( -5.204170427930416600E-015, 1.000000000000000000, 0.0000000000000000000 ) ) ;
#12325 = DIRECTION ( 'NONE',  ( 1.000000000000000000, 5.204170427930414200E-015, -2.465190328815661900E-032 ) ) ;
#12326 = CARTESIAN_POINT ( 'NONE',  ( 6.885786437626946600, 8.649999999999998600, -0.5000000000000004400 ) ) ;
#12327 = AXIS2_PLACEMENT_3D ( 'NONE', #12326, #12325, #12324 ) ;
#12328 = CIRCLE ( 'NONE', #12327, 0.5000000000000004400 ) ;
#12329 = COLOUR_RGB ( '',0.2509803921568627400, 0.2509803921568627400, 0.2509803921568627400 ) ;
#12330 = DIRECTION ( 'NONE',  ( -2.465190328815662400E-032, -1.483603526480291100E-031, 1.000000000000000000 ) ) ;
#12331 = DIRECTION ( 'NONE',  ( -9.860761315262649800E-032, 1.000000000000000000, 1.483603526480291100E-031 ) ) ;
#12332 = CARTESIAN_POINT ( 'NONE',  ( 13.00000000000000500, 3.799999999999998000, -4.799999999999997200 ) ) ;
#12333 = AXIS2_PLACEMENT_3D ( 'NONE', #12332, #12331, #12330 ) ;
#12334 =( LENGTH_UNIT ( ) NAMED_UNIT ( * ) SI_UNIT ( .MILLI., .METRE. ) );
#12335 = CARTESIAN_POINT ( 'NONE',  ( -13.19999999999999600, 3.799999999999996300, -4.799999999999998900 ) ) ;
#12336 = DIRECTION ( 'NONE',  ( 6.938893903907222100E-015, 1.000000000000000000, 0.0000000000000000000 ) ) ;
#12337 = DIRECTION ( 'NONE',  ( 1.000000000000000000, -6.938893903907219700E-015, -2.465190328815661900E-032 ) ) ;
#12338 = CARTESIAN_POINT ( 'NONE',  ( -14.49999999999999300, 11.49999999999999500, -0.5000000000000004400 ) ) ;
#12339 = AXIS2_PLACEMENT_3D ( 'NONE', #12338, #12337, #12336 ) ;
#12340 = CIRCLE ( 'NONE', #12339, 0.5000000000000004400 ) ;
#12341 = CARTESIAN_POINT ( 'NONE',  ( 14.49999999999999800, 11.49999999999999600, -0.5000000000000038900 ) ) ;
#12342 = SURFACE_STYLE_FILL_AREA ( #12367 ) ;
#12343 = DIRECTION ( 'NONE',  ( -6.982966722218765700E-015, 1.000000000000000000, -1.380432552314949100E-031 ) ) ;
#12344 = VECTOR ( 'NONE', #12343, 1000.000000000000000 ) ;
#12345 = CARTESIAN_POINT ( 'NONE',  ( 0.3499999999999970400, 0.8500000000000044200, -1.399999999999998600 ) ) ;
#12346 = LINE ( 'NONE', #12345, #12344 ) ;
#12347 = FILL_AREA_STYLE_COLOUR ( '', #12299 ) ;
#12348 = CARTESIAN_POINT ( 'NONE',  ( 0.3499999999999970400, 0.8500000000000044200, -1.399999999999998600 ) ) ;
#12349 = DIRECTION ( 'NONE',  ( -1.040834085586084300E-014, 0.0000000000000000000, -1.000000000000000000 ) ) ;
#12350 = AXIS2_PLACEMENT_3D ( 'NONE', #12351, #12374, #12352 ) ;
#12351 = CARTESIAN_POINT ( 'NONE',  ( -13.00000000000000500, 3.799999999999996300, -4.800000000000000700 ) ) ;
#12352 = DIRECTION ( 'NONE',  ( -2.465190328815662400E-032, -1.483603526480291100E-031, 1.000000000000000000 ) ) ;
#12353 = PLANE ( 'NONE',  #12350 ) ;
#12354 = UNCERTAINTY_MEASURE_WITH_UNIT (LENGTH_MEASURE( 1.000000000000000100E-005 ), #12365, 'distance_accuracy_value', 'NONE');
#12355 =( NAMED_UNIT ( * ) SI_UNIT ( $, .STERADIAN. ) SOLID_ANGLE_UNIT ( ) );
#12356 = FACE_OUTER_BOUND ( 'NONE', #2791, .T. ) ;
#12357 = UNCERTAINTY_MEASURE_WITH_UNIT (LENGTH_MEASURE( 1.000000000000000100E-005 ), #12334, 'distance_accuracy_value', 'NONE');
#12358 = STYLED_ITEM ( 'NONE', ( #12323 ), #2790 ) ;
#12359 =( GEOMETRIC_REPRESENTATION_CONTEXT ( 3 ) GLOBAL_UNCERTAINTY_ASSIGNED_CONTEXT ( ( #12357 ) ) GLOBAL_UNIT_ASSIGNED_CONTEXT ( ( #12334, #12301, #12305 ) ) REPRESENTATION_CONTEXT ( 'NONE', 'WORKASPACE' ) );
#12360 = DIRECTION ( 'NONE',  ( -3.491483361109401400E-015, 0.5000000000000026600, 0.8660254037844370400 ) ) ;
#12361 = DIRECTION ( 'NONE',  ( 6.047426575222794400E-015, -0.8660254037844371500, 0.5000000000000027800 ) ) ;
#12362 = CARTESIAN_POINT ( 'NONE',  ( 1.100000000000010500, 6.071532165918824800E-015, -2.872243186433531800 ) ) ;
#12363 = AXIS2_PLACEMENT_3D ( 'NONE', #12362, #12361, #12360 ) ;
#12364 =( NAMED_UNIT ( * ) PLANE_ANGLE_UNIT ( ) SI_UNIT ( $, .RADIAN. ) );
#12365 =( LENGTH_UNIT ( ) NAMED_UNIT ( * ) SI_UNIT ( .MILLI., .METRE. ) );
#12366 = MECHANICAL_DESIGN_GEOMETRIC_PRESENTATION_REPRESENTATION (  '', ( #12293 ), #12376 ) ;
#12367 = FILL_AREA_STYLE ('',( #12306 ) ) ;
#12368 = CARTESIAN_POINT ( 'NONE',  ( -0.1500000000000194800, 3.149999999999997200, -1.399999999999998600 ) ) ;
#12369 = CARTESIAN_POINT ( 'NONE',  ( 0.3499999999999809900, 3.150000000000000800, -1.399999999999998600 ) ) ;
#12370 = DIRECTION ( 'NONE',  ( -1.000000000000000000, -6.982966722218762600E-015, 2.465190328815661900E-032 ) ) ;
#12371 = VECTOR ( 'NONE', #12370, 1000.000000000000000 ) ;
#12372 = CARTESIAN_POINT ( 'NONE',  ( 1.099999999999981400, 3.150000000000006100, -1.399999999999998600 ) ) ;
#12373 = LINE ( 'NONE', #12372, #12371 ) ;
#12374 = DIRECTION ( 'NONE',  ( -9.860761315262649800E-032, 1.000000000000000000, 1.483603526480291100E-031 ) ) ;
#12375 = PLANE ( 'NONE',  #12363 ) ;
#12376 =( GEOMETRIC_REPRESENTATION_CONTEXT ( 3 ) GLOBAL_UNCERTAINTY_ASSIGNED_CONTEXT ( ( #12354 ) ) GLOBAL_UNIT_ASSIGNED_CONTEXT ( ( #12365, #12364, #12355 ) ) REPRESENTATION_CONTEXT ( 'NONE', 'WORKASPACE' ) );
#12377 = FILL_AREA_STYLE_COLOUR ( '', #12322 ) ;
#12378 = DIRECTION ( 'NONE',  ( 0.0000000000000000000, 0.0000000000000000000, 1.000000000000000000 ) ) ;
#12379 = DIRECTION ( 'NONE',  ( -9.860761315262649800E-032, 1.000000000000000000, -1.483603526480291300E-031 ) ) ;
#12380 = CARTESIAN_POINT ( 'NONE',  ( -12.65000000000000200, 2.885786437626897800, -0.4999999999999970000 ) ) ;
#12381 = AXIS2_PLACEMENT_3D ( 'NONE', #12380, #12379, #12378 ) ;
#12382 = CIRCLE ( 'NONE', #12381, 0.4999999999999998900 ) ;
#12383 = FACE_OUTER_BOUND ( 'NONE', #2820, .T. ) ;
#12384 = MECHANICAL_DESIGN_GEOMETRIC_PRESENTATION_REPRESENTATION (  '', ( #12386 ), #12448 ) ;
#12385 = PRESENTATION_LAYER_ASSIGNMENT (  '', '', ( #12386 ) ) ;
#12386 = STYLED_ITEM ( 'NONE', ( #12442 ), #2826 ) ;
#12387 = DIRECTION ( 'NONE',  ( -2.465190328815662400E-032, -1.483603526480291300E-031, 1.000000000000000000 ) ) ;
#12388 = CARTESIAN_POINT ( 'NONE',  ( -6.885786437626946600, 7.150000000000000400, -0.5000000000000004400 ) ) ;
#12389 =( NAMED_UNIT ( * ) SI_UNIT ( $, .STERADIAN. ) SOLID_ANGLE_UNIT ( ) );
#12390 =( NAMED_UNIT ( * ) PLANE_ANGLE_UNIT ( ) SI_UNIT ( $, .RADIAN. ) );
#12391 =( LENGTH_UNIT ( ) NAMED_UNIT ( * ) SI_UNIT ( .MILLI., .METRE. ) );
#12392 = MECHANICAL_DESIGN_GEOMETRIC_PRESENTATION_REPRESENTATION (  '', ( #12426 ), #12415 ) ;
#12393 = UNCERTAINTY_MEASURE_WITH_UNIT (LENGTH_MEASURE( 1.000000000000000100E-005 ), #12313, 'distance_accuracy_value', 'NONE');
#12394 = FILL_AREA_STYLE ('',( #12395 ) ) ;
#12395 = FILL_AREA_STYLE_COLOUR ( '', #12396 ) ;
#12396 = COLOUR_RGB ( '',0.2509803921568627400, 0.2509803921568627400, 0.2509803921568627400 ) ;
#12397 = CARTESIAN_POINT ( 'NONE',  ( -0.1499999999999965000, 0.8499999999999974200, -1.399999999999998600 ) ) ;
#12398 = LINE ( 'NONE', #12397, #12435 ) ;
#12399 = DIRECTION ( 'NONE',  ( 0.0000000000000000000, 0.0000000000000000000, -1.000000000000000000 ) ) ;
#12400 = DIRECTION ( 'NONE',  ( 1.000000000000000000, -9.860761315262647600E-032, -2.465190328815661900E-032 ) ) ;
#12401 = CARTESIAN_POINT ( 'NONE',  ( -6.885786437626960000, 8.649999999999998600, -0.5000000000000038900 ) ) ;
#12402 = AXIS2_PLACEMENT_3D ( 'NONE', #12401, #12400, #12399 ) ;
#12403 = CYLINDRICAL_SURFACE ( 'NONE', #12402, 0.5000000000000000000 ) ;
#12404 = AXIS2_PLACEMENT_3D ( 'NONE', #12388, #12387, #12447 ) ;
#12405 = TOROIDAL_SURFACE ( 'NONE', #12404, 1.500000000000006000, 0.5000000000000000000 ) ;
#12406 = CARTESIAN_POINT ( 'NONE',  ( 7.946446609406784500, 8.210660171779810700, -0.4999999999999970000 ) ) ;
#12407 = AXIS2_PLACEMENT_3D ( 'NONE', #12406, #12467, #12466 ) ;
#12408 = CARTESIAN_POINT ( 'NONE',  ( -6.885786437626974200, 8.650000000000003900, -0.5000000000000038900 ) ) ;
#12409 = DIRECTION ( 'NONE',  ( 0.7071067811865519000, 0.7071067811865432400, 0.0000000000000000000 ) ) ;
#12410 = DIRECTION ( 'NONE',  ( 0.7071067811865438000, -0.7071067811865513500, 9.860761315262649800E-032 ) ) ;
#12411 = CARTESIAN_POINT ( 'NONE',  ( 12.21066017177982500, 3.946446609406724100, -0.5000000000000004400 ) ) ;
#12412 = AXIS2_PLACEMENT_3D ( 'NONE', #12411, #12410, #12409 ) ;
#12413 = CIRCLE ( 'NONE', #12407, 0.5000000000000001100 ) ;
#12414 = CYLINDRICAL_SURFACE ( 'NONE', #12412, 0.5000000000000000000 ) ;
#12415 =( GEOMETRIC_REPRESENTATION_CONTEXT ( 3 ) GLOBAL_UNCERTAINTY_ASSIGNED_CONTEXT ( ( #12416 ) ) GLOBAL_UNIT_ASSIGNED_CONTEXT ( ( #12391, #12390, #12389 ) ) REPRESENTATION_CONTEXT ( 'NONE', 'WORKASPACE' ) );
#12416 = UNCERTAINTY_MEASURE_WITH_UNIT (LENGTH_MEASURE( 1.000000000000000100E-005 ), #12391, 'distance_accuracy_value', 'NONE');
#12417 = DIRECTION ( 'NONE',  ( 1.000000000000000000, -3.657365065276025500E-063, 2.465190328815662400E-032 ) ) ;
#12418 = DIRECTION ( 'NONE',  ( -2.465190328815662400E-032, -1.483603526480291300E-031, 1.000000000000000000 ) ) ;
#12419 = AXIS2_PLACEMENT_3D ( 'NONE', #12422, #12418, #12417 ) ;
#12420 = TOROIDAL_SURFACE ( 'NONE', #12419, 0.4999999999999991700, 0.5000000000000000000 ) ;
#12421 = UNCERTAINTY_MEASURE_WITH_UNIT (LENGTH_MEASURE( 1.000000000000000100E-005 ), #14, 'distance_accuracy_value', 'NONE');
#12422 = CARTESIAN_POINT ( 'NONE',  ( 14.50000000000000500, 10.99999999999999600, -0.5000000000000038900 ) ) ;
#12423 =( GEOMETRIC_REPRESENTATION_CONTEXT ( 3 ) GLOBAL_UNCERTAINTY_ASSIGNED_CONTEXT ( ( #12439 ) ) GLOBAL_UNIT_ASSIGNED_CONTEXT ( ( #12450, #12441, #12440 ) ) REPRESENTATION_CONTEXT ( 'NONE', 'WORKASPACE' ) );
#12424 =( LENGTH_UNIT ( ) NAMED_UNIT ( * ) SI_UNIT ( .MILLI., .METRE. ) );
#12425 = PRESENTATION_LAYER_ASSIGNMENT (  '', '', ( #12426 ) ) ;
#12426 = STYLED_ITEM ( 'NONE', ( #12427 ), #2832 ) ;
#12427 = PRESENTATION_STYLE_ASSIGNMENT (( #12428 ) ) ;
#12428 = SURFACE_STYLE_USAGE ( .BOTH. , #12429 ) ;
#12429 = SURFACE_SIDE_STYLE ('',( #12430 ) ) ;
#12430 = SURFACE_STYLE_FILL_AREA ( #12431 ) ;
#12431 = FILL_AREA_STYLE ('',( #12436 ) ) ;
#12432 = COLOUR_RGB ( '',0.2509803921568627400, 0.2509803921568627400, 0.2509803921568627400 ) ;
#12433 = FACE_OUTER_BOUND ( 'NONE', #2819, .T. ) ;
#12434 = DIRECTION ( 'NONE',  ( 6.982966722218765700E-015, -1.000000000000000000, 1.380432552314949100E-031 ) ) ;
#12435 = VECTOR ( 'NONE', #12434, 1000.000000000000000 ) ;
#12436 = FILL_AREA_STYLE_COLOUR ( '', #12432 ) ;
#12437 =( GEOMETRIC_REPRESENTATION_CONTEXT ( 3 ) GLOBAL_UNCERTAINTY_ASSIGNED_CONTEXT ( ( #12393 ) ) GLOBAL_UNIT_ASSIGNED_CONTEXT ( ( #12313, #12282, #12438 ) ) REPRESENTATION_CONTEXT ( 'NONE', 'WORKASPACE' ) );
#12438 =( NAMED_UNIT ( * ) SI_UNIT ( $, .STERADIAN. ) SOLID_ANGLE_UNIT ( ) );
#12439 = UNCERTAINTY_MEASURE_WITH_UNIT (LENGTH_MEASURE( 1.000000000000000100E-005 ), #12450, 'distance_accuracy_value', 'NONE');
#12440 =( NAMED_UNIT ( * ) SI_UNIT ( $, .STERADIAN. ) SOLID_ANGLE_UNIT ( ) );
#12441 =( NAMED_UNIT ( * ) PLANE_ANGLE_UNIT ( ) SI_UNIT ( $, .RADIAN. ) );
#12442 = PRESENTATION_STYLE_ASSIGNMENT (( #12443 ) ) ;
#12443 = SURFACE_STYLE_USAGE ( .BOTH. , #12444 ) ;
#12444 = SURFACE_SIDE_STYLE ('',( #12445 ) ) ;
#12445 = SURFACE_STYLE_FILL_AREA ( #12394 ) ;
#12446 = FACE_OUTER_BOUND ( 'NONE', #2835, .T. ) ;
#12447 = DIRECTION ( 'NONE',  ( 1.000000000000000000, -3.657365065276025500E-063, 2.465190328815662400E-032 ) ) ;
#12448 =( GEOMETRIC_REPRESENTATION_CONTEXT ( 3 ) GLOBAL_UNCERTAINTY_ASSIGNED_CONTEXT ( ( #12449 ) ) GLOBAL_UNIT_ASSIGNED_CONTEXT ( ( #12424, #12469, #12468 ) ) REPRESENTATION_CONTEXT ( 'NONE', 'WORKASPACE' ) );
#12449 = UNCERTAINTY_MEASURE_WITH_UNIT (LENGTH_MEASURE( 1.000000000000000100E-005 ), #12424, 'distance_accuracy_value', 'NONE');
#12450 =( LENGTH_UNIT ( ) NAMED_UNIT ( * ) SI_UNIT ( .MILLI., .METRE. ) );
#12451 = MECHANICAL_DESIGN_GEOMETRIC_PRESENTATION_REPRESENTATION (  '', ( #12453 ), #12423 ) ;
#12452 = PRESENTATION_LAYER_ASSIGNMENT (  '', '', ( #12453 ) ) ;
#12453 = STYLED_ITEM ( 'NONE', ( #12454 ), #2838 ) ;
#12454 = PRESENTATION_STYLE_ASSIGNMENT (( #12455 ) ) ;
#12455 = SURFACE_STYLE_USAGE ( .BOTH. , #12456 ) ;
#12456 = SURFACE_SIDE_STYLE ('',( #12457 ) ) ;
#12457 = SURFACE_STYLE_FILL_AREA ( #12458 ) ;
#12458 = FILL_AREA_STYLE ('',( #12465 ) ) ;
#12459 = COLOUR_RGB ( '',0.2509803921568627400, 0.2509803921568627400, 0.2509803921568627400 ) ;
#12460 = FACE_OUTER_BOUND ( 'NONE', #2553, .T. ) ;
#12461 = DIRECTION ( 'NONE',  ( -1.734723475976805500E-014, 1.000000000000000000, 0.0000000000000000000 ) ) ;
#12462 = DIRECTION ( 'NONE',  ( 1.000000000000000000, 1.734723475976804600E-014, -2.465190328815661900E-032 ) ) ;
#12463 = AXIS2_PLACEMENT_3D ( 'NONE', #12408, #12462, #12461 ) ;
#12464 = CIRCLE ( 'NONE', #12463, 0.5000000000000004400 ) ;
#12465 = FILL_AREA_STYLE_COLOUR ( '', #12459 ) ;
#12466 = DIRECTION ( 'NONE',  ( -0.7071067811865501300, -0.7071067811865449100, 0.0000000000000000000 ) ) ;
#12467 = DIRECTION ( 'NONE',  ( -0.7071067811865441300, 0.7071067811865509000, 4.906538933386796500E-015 ) ) ;
#12468 =( NAMED_UNIT ( * ) SI_UNIT ( $, .STERADIAN. ) SOLID_ANGLE_UNIT ( ) );
#12469 =( NAMED_UNIT ( * ) PLANE_ANGLE_UNIT ( ) SI_UNIT ( $, .RADIAN. ) );
#12470 = SURFACE_STYLE_USAGE ( .BOTH. , #12479 ) ;
#12471 =( NAMED_UNIT ( * ) SI_UNIT ( $, .STERADIAN. ) SOLID_ANGLE_UNIT ( ) );
#12472 = PRESENTATION_STYLE_ASSIGNMENT (( #12470 ) ) ;
#12473 = FILL_AREA_STYLE ('',( #12476 ) ) ;
#12474 = LINE ( 'NONE', #3, #2 ) ;
#12475 = CARTESIAN_POINT ( 'NONE',  ( -0.8999999999999911400, -4.336808689942017700E-015, -2.900000000000006600 ) ) ;
#12476 = FILL_AREA_STYLE_COLOUR ( '', #35 ) ;
#12477 =( GEOMETRIC_REPRESENTATION_CONTEXT ( 3 ) GLOBAL_UNCERTAINTY_ASSIGNED_CONTEXT ( ( #36 ) ) GLOBAL_UNIT_ASSIGNED_CONTEXT ( ( #22, #21, #12471 ) ) REPRESENTATION_CONTEXT ( 'NONE', 'WORKASPACE' ) );
#12478 = CARTESIAN_POINT ( 'NONE',  ( -12.65000000000000200, 2.885786437626897800, -0.4999999999999970000 ) ) ;
#12479 = SURFACE_SIDE_STYLE ('',( #28 ) ) ;
#12480 = CARTESIAN_POINT ( 'NONE',  ( 1.088897274573390000, 4.000000000000006200, -2.877794549146828200 ) ) ;
#12481 = LINE ( 'NONE', #12480, #12 ) ;
#12482 = FILL_AREA_STYLE_COLOUR ( '', #9 ) ;
ENDSEC;
END-ISO-10303-21;
